ref_area,sex,classif1,time,eip_dwap_sex_age_rt
cyp,sex_f,age_10yrbands_total,1976,72.27
cyp,sex_f,age_10yrbands_total,1988,53.24
cyp,sex_f,age_10yrbands_total,1989,52.45
cyp,sex_f,age_10yrbands_total,1990,51.76
cyp,sex_f,age_10yrbands_total,1991,51.26
cyp,sex_f,age_10yrbands_total,1992,56.7
cyp,sex_f,age_10yrbands_total,1995,52.44
cyp,sex_f,age_10yrbands_total,2000,50.9
cyp,sex_f,age_10yrbands_total,2001,48.2
cyp,sex_f,age_10yrbands_total,2002,47.6
cyp,sex_f,age_10yrbands_total,2003,46.1
cyp,sex_f,age_10yrbands_total,2004,46.5
cyp,sex_f,age_10yrbands_total,2005,46.7
cyp,sex_f,age_10yrbands_total,2006,45.6
cyp,sex_f,age_10yrbands_total,2007,44.2
cyp,sex_f,age_10yrbands_total,2008,44.2
cyp,sex_f,age_10yrbands_total,2009,43.3
cyp,sex_f,age_10yrbands_total,2010,42.2
cyp,sex_f,age_10yrbands_total,2011,42.5
cyp,sex_f,age_10yrbands_total,2012,43.1
cyp,sex_f,age_10yrbands_total,2013,42.9
cyp,sex_f,age_10yrbands_total,2014,41.4
cyp,sex_f,age_10yrbands_total,2015,42.3
cyp,sex_f,age_10yrbands_total,2016,43.6
cyp,sex_f,age_10yrbands_total,2017,43.2
cyp,sex_f,age_10yrbands_total,2018,42.6
cyp,sex_f,age_10yrbands_total,2019,42.5
cyp,sex_f,age_10yrbands_y15_24,1976,64.53
cyp,sex_f,age_10yrbands_y15_24,1988,56.29
cyp,sex_f,age_10yrbands_y15_24,1989,50.96
cyp,sex_f,age_10yrbands_y15_24,1990,50
cyp,sex_f,age_10yrbands_y15_24,1991,46.68
cyp,sex_f,age_10yrbands_y15_24,1992,54.94
cyp,sex_f,age_10yrbands_y15_24,1995,50.88
cyp,sex_f,age_10yrbands_y15_24,2000,60.4
cyp,sex_f,age_10yrbands_y15_24,2001,58
cyp,sex_f,age_10yrbands_y15_24,2002,61.3
cyp,sex_f,age_10yrbands_y15_24,2003,60
cyp,sex_f,age_10yrbands_y15_24,2004,61.7
cyp,sex_f,age_10yrbands_y15_24,2005,61
cyp,sex_f,age_10yrbands_y15_24,2006,61.7
cyp,sex_f,age_10yrbands_y15_24,2007,60.3
cyp,sex_f,age_10yrbands_y15_24,2008,59.5
cyp,sex_f,age_10yrbands_y15_24,2009,61.2
cyp,sex_f,age_10yrbands_y15_24,2010,59.8
cyp,sex_f,age_10yrbands_y15_24,2011,63.4
cyp,sex_f,age_10yrbands_y15_24,2012,64.5
cyp,sex_f,age_10yrbands_y15_24,2013,63.7
cyp,sex_f,age_10yrbands_y15_24,2014,60.5
cyp,sex_f,age_10yrbands_y15_24,2015,61.1
cyp,sex_f,age_10yrbands_y15_24,2016,61.5
cyp,sex_f,age_10yrbands_y15_24,2017,60.2
cyp,sex_f,age_10yrbands_y15_24,2018,58.2
cyp,sex_f,age_10yrbands_y15_24,2019,60.1
cyp,sex_f,age_10yrbands_y25_34,1976,67.94
cyp,sex_f,age_10yrbands_y25_34,1988,41.83
cyp,sex_f,age_10yrbands_y25_34,1989,36.91
cyp,sex_f,age_10yrbands_y25_34,1990,35.9
cyp,sex_f,age_10yrbands_y25_34,1991,38.72
cyp,sex_f,age_10yrbands_y25_34,1992,38.97
cyp,sex_f,age_10yrbands_y25_34,1995,32.29
cyp,sex_f,age_10yrbands_y25_34,2000,24.07
cyp,sex_f,age_10yrbands_y25_34,2001,21.23
cyp,sex_f,age_10yrbands_y25_34,2002,17.79
cyp,sex_f,age_10yrbands_y25_34,2003,17.71
cyp,sex_f,age_10yrbands_y25_34,2004,18.83
cyp,sex_f,age_10yrbands_y25_34,2005,19.03
cyp,sex_f,age_10yrbands_y25_34,2006,17.16
cyp,sex_f,age_10yrbands_y25_34,2007,16.08
cyp,sex_f,age_10yrbands_y25_34,2008,14.87
cyp,sex_f,age_10yrbands_y25_34,2009,15.17
cyp,sex_f,age_10yrbands_y25_34,2010,14.8
cyp,sex_f,age_10yrbands_y25_34,2011,13.97
cyp,sex_f,age_10yrbands_y25_34,2012,14.1
cyp,sex_f,age_10yrbands_y25_34,2013,12.72
cyp,sex_f,age_10yrbands_y25_34,2014,11.1
cyp,sex_f,age_10yrbands_y25_34,2015,12.02
cyp,sex_f,age_10yrbands_y25_34,2016,14.25
cyp,sex_f,age_10yrbands_y25_34,2017,15.16
cyp,sex_f,age_10yrbands_y25_34,2018,17.13
cyp,sex_f,age_10yrbands_y25_34,2019,15.44
cyp,sex_f,age_10yrbands_y35_44,1988,39.69
cyp,sex_f,age_10yrbands_y35_44,1989,36.78
cyp,sex_f,age_10yrbands_y35_44,1990,36.14
cyp,sex_f,age_10yrbands_y35_44,1991,35.21
cyp,sex_f,age_10yrbands_y35_44,1992,39.85
cyp,sex_f,age_10yrbands_y35_44,1995,33.4
cyp,sex_f,age_10yrbands_y35_44,2000,30.71
cyp,sex_f,age_10yrbands_y35_44,2001,28.79
cyp,sex_f,age_10yrbands_y35_44,2002,25.41
cyp,sex_f,age_10yrbands_y35_44,2003,21.78
cyp,sex_f,age_10yrbands_y35_44,2004,20.87
cyp,sex_f,age_10yrbands_y35_44,2005,21.64
cyp,sex_f,age_10yrbands_y35_44,2006,20.37
cyp,sex_f,age_10yrbands_y35_44,2007,19.64
cyp,sex_f,age_10yrbands_y35_44,2008,20.93
cyp,sex_f,age_10yrbands_y35_44,2009,18.47
cyp,sex_f,age_10yrbands_y35_44,2010,16.21
cyp,sex_f,age_10yrbands_y35_44,2011,16.05
cyp,sex_f,age_10yrbands_y35_44,2012,17.29
cyp,sex_f,age_10yrbands_y35_44,2013,17.59
cyp,sex_f,age_10yrbands_y35_44,2014,15
cyp,sex_f,age_10yrbands_y35_44,2015,15.14
cyp,sex_f,age_10yrbands_y35_44,2016,16.29
cyp,sex_f,age_10yrbands_y35_44,2017,15.58
cyp,sex_f,age_10yrbands_y35_44,2018,15.03
cyp,sex_f,age_10yrbands_y35_44,2019,15.04
cyp,sex_f,age_10yrbands_y45_54,1976,71.22
cyp,sex_f,age_10yrbands_y45_54,1988,41.58
cyp,sex_f,age_10yrbands_y45_54,1989,45.54
cyp,sex_f,age_10yrbands_y45_54,1990,45.02
cyp,sex_f,age_10yrbands_y45_54,1991,41.87
cyp,sex_f,age_10yrbands_y45_54,1992,50.37
cyp,sex_f,age_10yrbands_y45_54,1995,45.41
cyp,sex_f,age_10yrbands_y45_54,2000,40.87
cyp,sex_f,age_10yrbands_y45_54,2001,34.57
cyp,sex_f,age_10yrbands_y45_54,2002,33.92
cyp,sex_f,age_10yrbands_y45_54,2003,31.4
cyp,sex_f,age_10yrbands_y45_54,2004,29.35
cyp,sex_f,age_10yrbands_y45_54,2005,30.58
cyp,sex_f,age_10yrbands_y45_54,2006,31.06
cyp,sex_f,age_10yrbands_y45_54,2007,29.02
cyp,sex_f,age_10yrbands_y45_54,2008,27.94
cyp,sex_f,age_10yrbands_y45_54,2009,28.2
cyp,sex_f,age_10yrbands_y45_54,2010,27.05
cyp,sex_f,age_10yrbands_y45_54,2011,25.19
cyp,sex_f,age_10yrbands_y45_54,2012,23.74
cyp,sex_f,age_10yrbands_y45_54,2013,24.99
cyp,sex_f,age_10yrbands_y45_54,2014,23.64
cyp,sex_f,age_10yrbands_y45_54,2015,22.75
cyp,sex_f,age_10yrbands_y45_54,2016,25.15
cyp,sex_f,age_10yrbands_y45_54,2017,22.73
cyp,sex_f,age_10yrbands_y45_54,2018,22.16
cyp,sex_f,age_10yrbands_y45_54,2019,19.57
cyp,sex_f,age_10yrbands_y55_64,1976,77.35
cyp,sex_f,age_10yrbands_y55_64,1988,58.82
cyp,sex_f,age_10yrbands_y55_64,1989,68.33
cyp,sex_f,age_10yrbands_y55_64,1990,67.62
cyp,sex_f,age_10yrbands_y55_64,1991,65.46
cyp,sex_f,age_10yrbands_y55_64,1992,73.25
cyp,sex_f,age_10yrbands_y55_64,1995,70.32
cyp,sex_f,age_10yrbands_y55_64,2000,66.4
cyp,sex_f,age_10yrbands_y55_64,2001,65.1
cyp,sex_f,age_10yrbands_y55_64,2002,66.2
cyp,sex_f,age_10yrbands_y55_64,2003,66.7
cyp,sex_f,age_10yrbands_y55_64,2004,66
cyp,sex_f,age_10yrbands_y55_64,2005,67.2
cyp,sex_f,age_10yrbands_y55_64,2006,62.2
cyp,sex_f,age_10yrbands_y55_64,2007,58.4
cyp,sex_f,age_10yrbands_y55_64,2008,59
cyp,sex_f,age_10yrbands_y55_64,2009,57.7
cyp,sex_f,age_10yrbands_y55_64,2010,55.7
cyp,sex_f,age_10yrbands_y55_64,2011,57.3
cyp,sex_f,age_10yrbands_y55_64,2012,58.7
cyp,sex_f,age_10yrbands_y55_64,2013,57.7
cyp,sex_f,age_10yrbands_y55_64,2014,57.5
cyp,sex_f,age_10yrbands_y55_64,2015,54.7
cyp,sex_f,age_10yrbands_y55_64,2016,52.2
cyp,sex_f,age_10yrbands_y55_64,2017,51.1
cyp,sex_f,age_10yrbands_y55_64,2018,45.4
cyp,sex_f,age_10yrbands_y55_64,2019,45.8
cyp,sex_f,age_10yrbands_yge65,1976,93.92
cyp,sex_f,age_10yrbands_yge65,1988,89.17
cyp,sex_f,age_10yrbands_yge65,1989,91.22
cyp,sex_f,age_10yrbands_yge65,1990,91.28
cyp,sex_f,age_10yrbands_yge65,1991,93.83
cyp,sex_f,age_10yrbands_yge65,1992,95.87
cyp,sex_f,age_10yrbands_yge65,1995,94.96
cyp,sex_f,age_10yrbands_yge65,2000,95.5
cyp,sex_f,age_10yrbands_yge65,2001,95.5
cyp,sex_f,age_10yrbands_yge65,2002,96.1
cyp,sex_f,age_10yrbands_yge65,2003,95.4
cyp,sex_f,age_10yrbands_yge65,2004,95.1
cyp,sex_f,age_10yrbands_yge65,2005,95.3
cyp,sex_f,age_10yrbands_yge65,2006,95.6
cyp,sex_f,age_10yrbands_yge65,2007,95.5
cyp,sex_f,age_10yrbands_yge65,2008,95.5
cyp,sex_f,age_10yrbands_yge65,2009,93.4
cyp,sex_f,age_10yrbands_yge65,2010,93.7
cyp,sex_f,age_10yrbands_yge65,2011,94.2
cyp,sex_f,age_10yrbands_yge65,2012,95.1
cyp,sex_f,age_10yrbands_yge65,2013,96.1
cyp,sex_f,age_10yrbands_yge65,2014,96.3
cyp,sex_f,age_10yrbands_yge65,2015,96.1
cyp,sex_f,age_10yrbands_yge65,2016,95.7
cyp,sex_f,age_10yrbands_yge65,2017,96.2
cyp,sex_f,age_10yrbands_yge65,2018,96.5
cyp,sex_f,age_10yrbands_yge65,2019,96
cyp,sex_f,age_5yrbands_total,1976,72.27
cyp,sex_f,age_5yrbands_total,1988,64.8
cyp,sex_f,age_5yrbands_total,1989,64.2
cyp,sex_f,age_5yrbands_total,1990,63.8
cyp,sex_f,age_5yrbands_total,1991,63.5
cyp,sex_f,age_5yrbands_total,1992,56.7
cyp,sex_f,age_5yrbands_total,1995,63.8
cyp,sex_f,age_5yrbands_total,2000,50.9
cyp,sex_f,age_5yrbands_total,2001,48.2
cyp,sex_f,age_5yrbands_total,2002,47.6
cyp,sex_f,age_5yrbands_total,2003,46.1
cyp,sex_f,age_5yrbands_total,2004,46.5
cyp,sex_f,age_5yrbands_total,2005,46.7
cyp,sex_f,age_5yrbands_total,2006,45.6
cyp,sex_f,age_5yrbands_total,2007,44.2
cyp,sex_f,age_5yrbands_total,2008,44.2
cyp,sex_f,age_5yrbands_total,2009,43.3
cyp,sex_f,age_5yrbands_total,2010,42.2
cyp,sex_f,age_5yrbands_total,2011,42.5
cyp,sex_f,age_5yrbands_total,2012,43.1
cyp,sex_f,age_5yrbands_total,2013,42.9
cyp,sex_f,age_5yrbands_total,2014,41.4
cyp,sex_f,age_5yrbands_total,2015,42.3
cyp,sex_f,age_5yrbands_total,2016,43.6
cyp,sex_f,age_5yrbands_total,2017,43.2
cyp,sex_f,age_5yrbands_total,2018,42.6
cyp,sex_f,age_5yrbands_total,2019,42.5
cyp,sex_f,age_5yrbands_y15_19,1976,72.89
cyp,sex_f,age_5yrbands_y15_19,1988,70.3
cyp,sex_f,age_5yrbands_y15_19,1989,66.3
cyp,sex_f,age_5yrbands_y15_19,1990,66
cyp,sex_f,age_5yrbands_y15_19,1991,73.9
cyp,sex_f,age_5yrbands_y15_19,1992,75.29
cyp,sex_f,age_5yrbands_y15_19,1995,72.1
cyp,sex_f,age_5yrbands_y15_19,2000,86.9
cyp,sex_f,age_5yrbands_y15_19,2001,84.9
cyp,sex_f,age_5yrbands_y15_19,2002,89.7
cyp,sex_f,age_5yrbands_y15_19,2003,90.1
cyp,sex_f,age_5yrbands_y15_19,2004,90.2
cyp,sex_f,age_5yrbands_y15_19,2005,92.5
cyp,sex_f,age_5yrbands_y15_19,2006,93.5
cyp,sex_f,age_5yrbands_y15_19,2007,91.3
cyp,sex_f,age_5yrbands_y15_19,2008,90.9
cyp,sex_f,age_5yrbands_y15_19,2009,93.3
cyp,sex_f,age_5yrbands_y15_19,2010,90.8
cyp,sex_f,age_5yrbands_y15_19,2011,92.8
cyp,sex_f,age_5yrbands_y15_19,2012,93.7
cyp,sex_f,age_5yrbands_y15_19,2013,94
cyp,sex_f,age_5yrbands_y15_19,2014,92.5
cyp,sex_f,age_5yrbands_y15_19,2015,90.9
cyp,sex_f,age_5yrbands_y15_19,2016,91.4
cyp,sex_f,age_5yrbands_y15_19,2017,93
cyp,sex_f,age_5yrbands_y15_19,2018,90.6
cyp,sex_f,age_5yrbands_y15_19,2019,91.6
cyp,sex_f,age_5yrbands_y20_24,1976,54.96
cyp,sex_f,age_5yrbands_y20_24,1988,43.4
cyp,sex_f,age_5yrbands_y20_24,1989,36.2
cyp,sex_f,age_5yrbands_y20_24,1990,34.9
cyp,sex_f,age_5yrbands_y20_24,1991,20.7
cyp,sex_f,age_5yrbands_y20_24,1992,35.35
cyp,sex_f,age_5yrbands_y20_24,1995,28.3
cyp,sex_f,age_5yrbands_y20_24,2000,32
cyp,sex_f,age_5yrbands_y20_24,2001,29.9
cyp,sex_f,age_5yrbands_y20_24,2002,31.6
cyp,sex_f,age_5yrbands_y20_24,2003,29.2
cyp,sex_f,age_5yrbands_y20_24,2004,32.6
cyp,sex_f,age_5yrbands_y20_24,2005,31.5
cyp,sex_f,age_5yrbands_y20_24,2006,31.6
cyp,sex_f,age_5yrbands_y20_24,2007,33
cyp,sex_f,age_5yrbands_y20_24,2008,31
cyp,sex_f,age_5yrbands_y20_24,2009,28.9
cyp,sex_f,age_5yrbands_y20_24,2010,29.9
cyp,sex_f,age_5yrbands_y20_24,2011,36.5
cyp,sex_f,age_5yrbands_y20_24,2012,37.7
cyp,sex_f,age_5yrbands_y20_24,2013,35.9
cyp,sex_f,age_5yrbands_y20_24,2014,31.2
cyp,sex_f,age_5yrbands_y20_24,2015,34.3
cyp,sex_f,age_5yrbands_y20_24,2016,35.3
cyp,sex_f,age_5yrbands_y20_24,2017,33.2
cyp,sex_f,age_5yrbands_y20_24,2018,31.5
cyp,sex_f,age_5yrbands_y20_24,2019,33.9
cyp,sex_f,age_5yrbands_y25_29,1976,62.1
cyp,sex_f,age_5yrbands_y25_29,1988,42.1
cyp,sex_f,age_5yrbands_y25_29,1989,36.9
cyp,sex_f,age_5yrbands_y25_29,1990,35.8
cyp,sex_f,age_5yrbands_y25_29,1991,44.2
cyp,sex_f,age_5yrbands_y25_29,1992,38.14
cyp,sex_f,age_5yrbands_y25_29,1995,31.2
cyp,sex_f,age_5yrbands_y25_29,2000,22.4
cyp,sex_f,age_5yrbands_y25_29,2001,22.6
cyp,sex_f,age_5yrbands_y25_29,2002,16.1
cyp,sex_f,age_5yrbands_y25_29,2003,18.9
cyp,sex_f,age_5yrbands_y25_29,2004,18.1
cyp,sex_f,age_5yrbands_y25_29,2005,18.5
cyp,sex_f,age_5yrbands_y25_29,2006,16.6
cyp,sex_f,age_5yrbands_y25_29,2007,16.2
cyp,sex_f,age_5yrbands_y25_29,2008,15.5
cyp,sex_f,age_5yrbands_y25_29,2009,16.1
cyp,sex_f,age_5yrbands_y25_29,2010,15.2
cyp,sex_f,age_5yrbands_y25_29,2011,13
cyp,sex_f,age_5yrbands_y25_29,2012,13.9
cyp,sex_f,age_5yrbands_y25_29,2013,11.7
cyp,sex_f,age_5yrbands_y25_29,2014,10.3
cyp,sex_f,age_5yrbands_y25_29,2015,11.4
cyp,sex_f,age_5yrbands_y25_29,2016,13.4
cyp,sex_f,age_5yrbands_y25_29,2017,14.9
cyp,sex_f,age_5yrbands_y25_29,2018,18.3
cyp,sex_f,age_5yrbands_y25_29,2019,16
cyp,sex_f,age_5yrbands_y30_34,1976,70.68
cyp,sex_f,age_5yrbands_y30_34,1988,41.5
cyp,sex_f,age_5yrbands_y30_34,1989,36.9
cyp,sex_f,age_5yrbands_y30_34,1990,36
cyp,sex_f,age_5yrbands_y30_34,1991,33.5
cyp,sex_f,age_5yrbands_y30_34,1992,39.75
cyp,sex_f,age_5yrbands_y30_34,1995,33.3
cyp,sex_f,age_5yrbands_y30_34,2000,25.7
cyp,sex_f,age_5yrbands_y30_34,2001,19.9
cyp,sex_f,age_5yrbands_y30_34,2002,19.5
cyp,sex_f,age_5yrbands_y30_34,2003,16.5
cyp,sex_f,age_5yrbands_y30_34,2004,19.5
cyp,sex_f,age_5yrbands_y30_34,2005,19.5
cyp,sex_f,age_5yrbands_y30_34,2006,17.7
cyp,sex_f,age_5yrbands_y30_34,2007,15.9
cyp,sex_f,age_5yrbands_y30_34,2008,14.1
cyp,sex_f,age_5yrbands_y30_34,2009,14.2
cyp,sex_f,age_5yrbands_y30_34,2010,14.4
cyp,sex_f,age_5yrbands_y30_34,2011,15
cyp,sex_f,age_5yrbands_y30_34,2012,14.3
cyp,sex_f,age_5yrbands_y30_34,2013,13.7
cyp,sex_f,age_5yrbands_y30_34,2014,11.9
cyp,sex_f,age_5yrbands_y30_34,2015,12.6
cyp,sex_f,age_5yrbands_y30_34,2016,15.1
cyp,sex_f,age_5yrbands_y30_34,2017,15.4
cyp,sex_f,age_5yrbands_y30_34,2018,15.9
cyp,sex_f,age_5yrbands_y30_34,2019,14.9
cyp,sex_f,age_5yrbands_y35_39,1988,38.4
cyp,sex_f,age_5yrbands_y35_39,1989,36.6
cyp,sex_f,age_5yrbands_y35_39,1990,36
cyp,sex_f,age_5yrbands_y35_39,1991,34.3
cyp,sex_f,age_5yrbands_y35_39,1992,39.54
cyp,sex_f,age_5yrbands_y35_39,1995,32.9
cyp,sex_f,age_5yrbands_y35_39,2000,32.4
cyp,sex_f,age_5yrbands_y35_39,2001,28.8
cyp,sex_f,age_5yrbands_y35_39,2002,22.1
cyp,sex_f,age_5yrbands_y35_39,2003,18.8
cyp,sex_f,age_5yrbands_y35_39,2004,19.3
cyp,sex_f,age_5yrbands_y35_39,2005,23.2
cyp,sex_f,age_5yrbands_y35_39,2006,20.5
cyp,sex_f,age_5yrbands_y35_39,2007,18
cyp,sex_f,age_5yrbands_y35_39,2008,21.2
cyp,sex_f,age_5yrbands_y35_39,2009,17
cyp,sex_f,age_5yrbands_y35_39,2010,14.9
cyp,sex_f,age_5yrbands_y35_39,2011,14.7
cyp,sex_f,age_5yrbands_y35_39,2012,16.8
cyp,sex_f,age_5yrbands_y35_39,2013,15.6
cyp,sex_f,age_5yrbands_y35_39,2014,11.8
cyp,sex_f,age_5yrbands_y35_39,2015,14.7
cyp,sex_f,age_5yrbands_y35_39,2016,14.5
cyp,sex_f,age_5yrbands_y35_39,2017,15.1
cyp,sex_f,age_5yrbands_y35_39,2018,15.1
cyp,sex_f,age_5yrbands_y35_39,2019,15.1
cyp,sex_f,age_5yrbands_y40_44,1988,41.1
cyp,sex_f,age_5yrbands_y40_44,1989,36.9
cyp,sex_f,age_5yrbands_y40_44,1990,36.3
cyp,sex_f,age_5yrbands_y40_44,1991,36.1
cyp,sex_f,age_5yrbands_y40_44,1992,40.19
cyp,sex_f,age_5yrbands_y40_44,1995,33.9
cyp,sex_f,age_5yrbands_y40_44,2000,28.9
cyp,sex_f,age_5yrbands_y40_44,2001,28.7
cyp,sex_f,age_5yrbands_y40_44,2002,28.8
cyp,sex_f,age_5yrbands_y40_44,2003,24.7
cyp,sex_f,age_5yrbands_y40_44,2004,22.5
cyp,sex_f,age_5yrbands_y40_44,2005,20.1
cyp,sex_f,age_5yrbands_y40_44,2006,20.3
cyp,sex_f,age_5yrbands_y40_44,2007,21.2
cyp,sex_f,age_5yrbands_y40_44,2008,20.6
cyp,sex_f,age_5yrbands_y40_44,2009,20.1
cyp,sex_f,age_5yrbands_y40_44,2010,17.6
cyp,sex_f,age_5yrbands_y40_44,2011,17.5
cyp,sex_f,age_5yrbands_y40_44,2012,17.8
cyp,sex_f,age_5yrbands_y40_44,2013,19.7
cyp,sex_f,age_5yrbands_y40_44,2014,18.4
cyp,sex_f,age_5yrbands_y40_44,2015,15.6
cyp,sex_f,age_5yrbands_y40_44,2016,18.3
cyp,sex_f,age_5yrbands_y40_44,2017,16.1
cyp,sex_f,age_5yrbands_y40_44,2018,15
cyp,sex_f,age_5yrbands_y40_44,2019,14.9
cyp,sex_f,age_5yrbands_y45_49,1976,70.33
cyp,sex_f,age_5yrbands_y45_49,1988,38.2
cyp,sex_f,age_5yrbands_y45_49,1989,40.5
cyp,sex_f,age_5yrbands_y45_49,1990,39.9
cyp,sex_f,age_5yrbands_y45_49,1991,38.3
cyp,sex_f,age_5yrbands_y45_49,1992,45.98
cyp,sex_f,age_5yrbands_y45_49,1995,40.3
cyp,sex_f,age_5yrbands_y45_49,2000,37
cyp,sex_f,age_5yrbands_y45_49,2001,27
cyp,sex_f,age_5yrbands_y45_49,2002,29.2
cyp,sex_f,age_5yrbands_y45_49,2003,28.9
cyp,sex_f,age_5yrbands_y45_49,2004,27.9
cyp,sex_f,age_5yrbands_y45_49,2005,26.7
cyp,sex_f,age_5yrbands_y45_49,2006,25.3
cyp,sex_f,age_5yrbands_y45_49,2007,25.8
cyp,sex_f,age_5yrbands_y45_49,2008,25
cyp,sex_f,age_5yrbands_y45_49,2009,25.4
cyp,sex_f,age_5yrbands_y45_49,2010,23.9
cyp,sex_f,age_5yrbands_y45_49,2011,21.7
cyp,sex_f,age_5yrbands_y45_49,2012,19.6
cyp,sex_f,age_5yrbands_y45_49,2013,19
cyp,sex_f,age_5yrbands_y45_49,2014,17.8
cyp,sex_f,age_5yrbands_y45_49,2015,20.2
cyp,sex_f,age_5yrbands_y45_49,2016,19.9
cyp,sex_f,age_5yrbands_y45_49,2017,19.2
cyp,sex_f,age_5yrbands_y45_49,2018,18.8
cyp,sex_f,age_5yrbands_y45_49,2019,13.3
cyp,sex_f,age_5yrbands_y50_54,1976,72.16
cyp,sex_f,age_5yrbands_y50_54,1988,45.3
cyp,sex_f,age_5yrbands_y50_54,1989,51
cyp,sex_f,age_5yrbands_y50_54,1990,50.3
cyp,sex_f,age_5yrbands_y50_54,1991,45.8
cyp,sex_f,age_5yrbands_y50_54,1992,55.76
cyp,sex_f,age_5yrbands_y50_54,1995,51.4
cyp,sex_f,age_5yrbands_y50_54,2000,45
cyp,sex_f,age_5yrbands_y50_54,2001,42.6
cyp,sex_f,age_5yrbands_y50_54,2002,38.9
cyp,sex_f,age_5yrbands_y50_54,2003,34.1
cyp,sex_f,age_5yrbands_y50_54,2004,31
cyp,sex_f,age_5yrbands_y50_54,2005,35
cyp,sex_f,age_5yrbands_y50_54,2006,37.6
cyp,sex_f,age_5yrbands_y50_54,2007,32.7
cyp,sex_f,age_5yrbands_y50_54,2008,31.2
cyp,sex_f,age_5yrbands_y50_54,2009,31.2
cyp,sex_f,age_5yrbands_y50_54,2010,30.4
cyp,sex_f,age_5yrbands_y50_54,2011,28.8
cyp,sex_f,age_5yrbands_y50_54,2012,28.1
cyp,sex_f,age_5yrbands_y50_54,2013,31.3
cyp,sex_f,age_5yrbands_y50_54,2014,29.8
cyp,sex_f,age_5yrbands_y50_54,2015,25.4
cyp,sex_f,age_5yrbands_y50_54,2016,30.4
cyp,sex_f,age_5yrbands_y50_54,2017,26.3
cyp,sex_f,age_5yrbands_y50_54,2018,25.6
cyp,sex_f,age_5yrbands_y50_54,2019,26.2
cyp,sex_f,age_5yrbands_y55_59,1976,74.56
cyp,sex_f,age_5yrbands_y55_59,1988,54
cyp,sex_f,age_5yrbands_y55_59,1989,61.9
cyp,sex_f,age_5yrbands_y55_59,1990,60.8
cyp,sex_f,age_5yrbands_y55_59,1991,58.5
cyp,sex_f,age_5yrbands_y55_59,1992,65.8
cyp,sex_f,age_5yrbands_y55_59,1995,62.3
cyp,sex_f,age_5yrbands_y55_59,2000,57.4
cyp,sex_f,age_5yrbands_y55_59,2001,57
cyp,sex_f,age_5yrbands_y55_59,2002,55.3
cyp,sex_f,age_5yrbands_y55_59,2003,59.3
cyp,sex_f,age_5yrbands_y55_59,2004,58.6
cyp,sex_f,age_5yrbands_y55_59,2005,57.3
cyp,sex_f,age_5yrbands_y55_59,2006,52.1
cyp,sex_f,age_5yrbands_y55_59,2007,47.2
cyp,sex_f,age_5yrbands_y55_59,2008,47.6
cyp,sex_f,age_5yrbands_y55_59,2009,47.6
cyp,sex_f,age_5yrbands_y55_59,2010,41.5
cyp,sex_f,age_5yrbands_y55_59,2011,45.7
cyp,sex_f,age_5yrbands_y55_59,2012,42
cyp,sex_f,age_5yrbands_y55_59,2013,43.3
cyp,sex_f,age_5yrbands_y55_59,2014,45.4
cyp,sex_f,age_5yrbands_y55_59,2015,42.9
cyp,sex_f,age_5yrbands_y55_59,2016,42.5
cyp,sex_f,age_5yrbands_y55_59,2017,40.7
cyp,sex_f,age_5yrbands_y55_59,2018,36.8
cyp,sex_f,age_5yrbands_y55_59,2019,37.8
cyp,sex_f,age_5yrbands_y60_64,1976,79.84
cyp,sex_f,age_5yrbands_y60_64,1988,64
cyp,sex_f,age_5yrbands_y60_64,1989,75.4
cyp,sex_f,age_5yrbands_y60_64,1990,74.8
cyp,sex_f,age_5yrbands_y60_64,1991,73.1
cyp,sex_f,age_5yrbands_y60_64,1992,81.14
cyp,sex_f,age_5yrbands_y60_64,1995,78.8
cyp,sex_f,age_5yrbands_y60_64,2000,77.6
cyp,sex_f,age_5yrbands_y60_64,2001,74.1
cyp,sex_f,age_5yrbands_y60_64,2002,78.4
cyp,sex_f,age_5yrbands_y60_64,2003,75.3
cyp,sex_f,age_5yrbands_y60_64,2004,74.7
cyp,sex_f,age_5yrbands_y60_64,2005,79.1
cyp,sex_f,age_5yrbands_y60_64,2006,74.4
cyp,sex_f,age_5yrbands_y60_64,2007,72.3
cyp,sex_f,age_5yrbands_y60_64,2008,72.6
cyp,sex_f,age_5yrbands_y60_64,2009,68.7
cyp,sex_f,age_5yrbands_y60_64,2010,70.7
cyp,sex_f,age_5yrbands_y60_64,2011,69.4
cyp,sex_f,age_5yrbands_y60_64,2012,76
cyp,sex_f,age_5yrbands_y60_64,2013,72.6
cyp,sex_f,age_5yrbands_y60_64,2014,70.2
cyp,sex_f,age_5yrbands_y60_64,2015,67.8
cyp,sex_f,age_5yrbands_y60_64,2016,63.2
cyp,sex_f,age_5yrbands_y60_64,2017,62.9
cyp,sex_f,age_5yrbands_y60_64,2018,55.3
cyp,sex_f,age_5yrbands_y60_64,2019,54.6
cyp,sex_f,age_5yrbands_yge65,1976,93.92
cyp,sex_f,age_5yrbands_yge65,1988,89.2
cyp,sex_f,age_5yrbands_yge65,1989,91.2
cyp,sex_f,age_5yrbands_yge65,1990,91.3
cyp,sex_f,age_5yrbands_yge65,1991,93.8
cyp,sex_f,age_5yrbands_yge65,1992,95.87
cyp,sex_f,age_5yrbands_yge65,1995,91.2
cyp,sex_f,age_5yrbands_yge65,2000,95.5
cyp,sex_f,age_5yrbands_yge65,2001,95.5
cyp,sex_f,age_5yrbands_yge65,2002,96.1
cyp,sex_f,age_5yrbands_yge65,2003,95.4
cyp,sex_f,age_5yrbands_yge65,2004,95.1
cyp,sex_f,age_5yrbands_yge65,2005,95.3
cyp,sex_f,age_5yrbands_yge65,2006,95.6
cyp,sex_f,age_5yrbands_yge65,2007,95.5
cyp,sex_f,age_5yrbands_yge65,2008,95.5
cyp,sex_f,age_5yrbands_yge65,2009,93.4
cyp,sex_f,age_5yrbands_yge65,2010,93.7
cyp,sex_f,age_5yrbands_yge65,2011,94.2
cyp,sex_f,age_5yrbands_yge65,2012,95.1
cyp,sex_f,age_5yrbands_yge65,2013,96.1
cyp,sex_f,age_5yrbands_yge65,2014,96.3
cyp,sex_f,age_5yrbands_yge65,2015,96.1
cyp,sex_f,age_5yrbands_yge65,2016,95.7
cyp,sex_f,age_5yrbands_yge65,2017,96.2
cyp,sex_f,age_5yrbands_yge65,2018,96.5
cyp,sex_f,age_5yrbands_yge65,2019,96
cyp,sex_f,age_aggregate_total,1976,72.27
cyp,sex_f,age_aggregate_total,1988,53.24
cyp,sex_f,age_aggregate_total,1989,52.45
cyp,sex_f,age_aggregate_total,1990,51.76
cyp,sex_f,age_aggregate_total,1991,51.26
cyp,sex_f,age_aggregate_total,1992,56.7
cyp,sex_f,age_aggregate_total,1995,52.44
cyp,sex_f,age_aggregate_total,2000,50.9
cyp,sex_f,age_aggregate_total,2001,48.2
cyp,sex_f,age_aggregate_total,2002,47.6
cyp,sex_f,age_aggregate_total,2003,46.1
cyp,sex_f,age_aggregate_total,2004,46.5
cyp,sex_f,age_aggregate_total,2005,46.7
cyp,sex_f,age_aggregate_total,2006,45.6
cyp,sex_f,age_aggregate_total,2007,44.2
cyp,sex_f,age_aggregate_total,2008,44.2
cyp,sex_f,age_aggregate_total,2009,43.3
cyp,sex_f,age_aggregate_total,2010,42.2
cyp,sex_f,age_aggregate_total,2011,42.5
cyp,sex_f,age_aggregate_total,2012,43.1
cyp,sex_f,age_aggregate_total,2013,42.9
cyp,sex_f,age_aggregate_total,2014,41.4
cyp,sex_f,age_aggregate_total,2015,42.3
cyp,sex_f,age_aggregate_total,2016,43.6
cyp,sex_f,age_aggregate_total,2017,43.2
cyp,sex_f,age_aggregate_total,2018,42.6
cyp,sex_f,age_aggregate_total,2019,42.5
cyp,sex_f,age_aggregate_y15_24,1976,64.53
cyp,sex_f,age_aggregate_y15_24,1988,56.29
cyp,sex_f,age_aggregate_y15_24,1989,50.96
cyp,sex_f,age_aggregate_y15_24,1990,50
cyp,sex_f,age_aggregate_y15_24,1991,46.68
cyp,sex_f,age_aggregate_y15_24,1992,54.94
cyp,sex_f,age_aggregate_y15_24,1995,50.88
cyp,sex_f,age_aggregate_y15_24,2000,60.4
cyp,sex_f,age_aggregate_y15_24,2001,58
cyp,sex_f,age_aggregate_y15_24,2002,61.3
cyp,sex_f,age_aggregate_y15_24,2003,60
cyp,sex_f,age_aggregate_y15_24,2004,61.7
cyp,sex_f,age_aggregate_y15_24,2005,61
cyp,sex_f,age_aggregate_y15_24,2006,61.7
cyp,sex_f,age_aggregate_y15_24,2007,60.3
cyp,sex_f,age_aggregate_y15_24,2008,59.5
cyp,sex_f,age_aggregate_y15_24,2009,61.2
cyp,sex_f,age_aggregate_y15_24,2010,59.8
cyp,sex_f,age_aggregate_y15_24,2011,63.4
cyp,sex_f,age_aggregate_y15_24,2012,64.5
cyp,sex_f,age_aggregate_y15_24,2013,63.7
cyp,sex_f,age_aggregate_y15_24,2014,60.5
cyp,sex_f,age_aggregate_y15_24,2015,61.1
cyp,sex_f,age_aggregate_y15_24,2016,61.5
cyp,sex_f,age_aggregate_y15_24,2017,60.2
cyp,sex_f,age_aggregate_y15_24,2018,58.2
cyp,sex_f,age_aggregate_y15_24,2019,60.1
cyp,sex_f,age_aggregate_y25_54,1976,68.82
cyp,sex_f,age_aggregate_y25_54,1988,41.04
cyp,sex_f,age_aggregate_y25_54,1989,39.11
cyp,sex_f,age_aggregate_y25_54,1990,38.38
cyp,sex_f,age_aggregate_y25_54,1991,38.37
cyp,sex_f,age_aggregate_y25_54,1992,42.38
cyp,sex_f,age_aggregate_y25_54,1995,36.45
cyp,sex_f,age_aggregate_y25_54,2000,31.4
cyp,sex_f,age_aggregate_y25_54,2001,27.9
cyp,sex_f,age_aggregate_y25_54,2002,25.3
cyp,sex_f,age_aggregate_y25_54,2003,23.3
cyp,sex_f,age_aggregate_y25_54,2004,22.8
cyp,sex_f,age_aggregate_y25_54,2005,23.5
cyp,sex_f,age_aggregate_y25_54,2006,22.6
cyp,sex_f,age_aggregate_y25_54,2007,21.3
cyp,sex_f,age_aggregate_y25_54,2008,20.9
cyp,sex_f,age_aggregate_y25_54,2009,20.2
cyp,sex_f,age_aggregate_y25_54,2010,19
cyp,sex_f,age_aggregate_y25_54,2011,18
cyp,sex_f,age_aggregate_y25_54,2012,18
cyp,sex_f,age_aggregate_y25_54,2013,18
cyp,sex_f,age_aggregate_y25_54,2014,16.1
cyp,sex_f,age_aggregate_y25_54,2015,16.2
cyp,sex_f,age_aggregate_y25_54,2016,18.2
cyp,sex_f,age_aggregate_y25_54,2017,17.5
cyp,sex_f,age_aggregate_y25_54,2018,17.9
cyp,sex_f,age_aggregate_y25_54,2019,16.5
cyp,sex_f,age_aggregate_y55_64,1976,77.35
cyp,sex_f,age_aggregate_y55_64,1988,58.82
cyp,sex_f,age_aggregate_y55_64,1989,68.33
cyp,sex_f,age_aggregate_y55_64,1990,67.62
cyp,sex_f,age_aggregate_y55_64,1991,65.46
cyp,sex_f,age_aggregate_y55_64,1992,73.25
cyp,sex_f,age_aggregate_y55_64,1995,70.32
cyp,sex_f,age_aggregate_y55_64,2000,66.4
cyp,sex_f,age_aggregate_y55_64,2001,65.1
cyp,sex_f,age_aggregate_y55_64,2002,66.2
cyp,sex_f,age_aggregate_y55_64,2003,66.7
cyp,sex_f,age_aggregate_y55_64,2004,66
cyp,sex_f,age_aggregate_y55_64,2005,67.2
cyp,sex_f,age_aggregate_y55_64,2006,62.2
cyp,sex_f,age_aggregate_y55_64,2007,58.4
cyp,sex_f,age_aggregate_y55_64,2008,59
cyp,sex_f,age_aggregate_y55_64,2009,57.7
cyp,sex_f,age_aggregate_y55_64,2010,55.7
cyp,sex_f,age_aggregate_y55_64,2011,57.3
cyp,sex_f,age_aggregate_y55_64,2012,58.7
cyp,sex_f,age_aggregate_y55_64,2013,57.7
cyp,sex_f,age_aggregate_y55_64,2014,57.5
cyp,sex_f,age_aggregate_y55_64,2015,54.7
cyp,sex_f,age_aggregate_y55_64,2016,52.2
cyp,sex_f,age_aggregate_y55_64,2017,51.1
cyp,sex_f,age_aggregate_y55_64,2018,45.4
cyp,sex_f,age_aggregate_y55_64,2019,45.8
cyp,sex_f,age_aggregate_yge65,1976,93.92
cyp,sex_f,age_aggregate_yge65,1988,89.17
cyp,sex_f,age_aggregate_yge65,1989,91.22
cyp,sex_f,age_aggregate_yge65,1990,91.28
cyp,sex_f,age_aggregate_yge65,1991,93.83
cyp,sex_f,age_aggregate_yge65,1992,95.87
cyp,sex_f,age_aggregate_yge65,1995,94.96
cyp,sex_f,age_aggregate_yge65,2000,95.5
cyp,sex_f,age_aggregate_yge65,2001,95.5
cyp,sex_f,age_aggregate_yge65,2002,96.1
cyp,sex_f,age_aggregate_yge65,2003,95.4
cyp,sex_f,age_aggregate_yge65,2004,95.1
cyp,sex_f,age_aggregate_yge65,2005,95.3
cyp,sex_f,age_aggregate_yge65,2006,95.6
cyp,sex_f,age_aggregate_yge65,2007,95.5
cyp,sex_f,age_aggregate_yge65,2008,95.5
cyp,sex_f,age_aggregate_yge65,2009,93.4
cyp,sex_f,age_aggregate_yge65,2010,93.7
cyp,sex_f,age_aggregate_yge65,2011,94.2
cyp,sex_f,age_aggregate_yge65,2012,95.1
cyp,sex_f,age_aggregate_yge65,2013,96.1
cyp,sex_f,age_aggregate_yge65,2014,96.3
cyp,sex_f,age_aggregate_yge65,2015,96.1
cyp,sex_f,age_aggregate_yge65,2016,95.7
cyp,sex_f,age_aggregate_yge65,2017,96.2
cyp,sex_f,age_aggregate_yge65,2018,96.5
cyp,sex_f,age_aggregate_yge65,2019,96
cyp,sex_f,age_ythadult_y15_24,1960,57.75
cyp,sex_f,age_ythadult_y15_24,1976,64.53
cyp,sex_f,age_ythadult_y15_24,1988,56.29
cyp,sex_f,age_ythadult_y15_24,1989,50.96
cyp,sex_f,age_ythadult_y15_24,1990,50
cyp,sex_f,age_ythadult_y15_24,1991,46.68
cyp,sex_f,age_ythadult_y15_24,1992,54.94
cyp,sex_f,age_ythadult_y15_24,1995,50.88
cyp,sex_f,age_ythadult_y15_24,2000,60.4
cyp,sex_f,age_ythadult_y15_24,2001,58
cyp,sex_f,age_ythadult_y15_24,2002,61.3
cyp,sex_f,age_ythadult_y15_24,2003,60
cyp,sex_f,age_ythadult_y15_24,2004,61.7
cyp,sex_f,age_ythadult_y15_24,2005,61
cyp,sex_f,age_ythadult_y15_24,2006,61.7
cyp,sex_f,age_ythadult_y15_24,2007,60.3
cyp,sex_f,age_ythadult_y15_24,2008,59.5
cyp,sex_f,age_ythadult_y15_24,2009,61.2
cyp,sex_f,age_ythadult_y15_24,2010,59.8
cyp,sex_f,age_ythadult_y15_24,2011,63.4
cyp,sex_f,age_ythadult_y15_24,2012,64.5
cyp,sex_f,age_ythadult_y15_24,2013,63.7
cyp,sex_f,age_ythadult_y15_24,2014,60.5
cyp,sex_f,age_ythadult_y15_24,2015,61.1
cyp,sex_f,age_ythadult_y15_24,2016,61.5
cyp,sex_f,age_ythadult_y15_24,2017,60.2
cyp,sex_f,age_ythadult_y15_24,2018,58.2
cyp,sex_f,age_ythadult_y15_24,2019,60.1
cyp,sex_f,age_ythadult_y15_64,1976,68.62
cyp,sex_f,age_ythadult_y15_64,1988,46.97
cyp,sex_f,age_ythadult_y15_64,1989,45.67
cyp,sex_f,age_ythadult_y15_64,1990,44.86
cyp,sex_f,age_ythadult_y15_64,1991,43.83
cyp,sex_f,age_ythadult_y15_64,1992,49.41
cyp,sex_f,age_ythadult_y15_64,1995,44.26
cyp,sex_f,age_ythadult_y15_64,2000,42.7
cyp,sex_f,age_ythadult_y15_64,2001,39.4
cyp,sex_f,age_ythadult_y15_64,2002,38.4
cyp,sex_f,age_ythadult_y15_64,2003,36.9
cyp,sex_f,age_ythadult_y15_64,2004,36.9
cyp,sex_f,age_ythadult_y15_64,2005,37.5
cyp,sex_f,age_ythadult_y15_64,2006,36.2
cyp,sex_f,age_ythadult_y15_64,2007,34.6
cyp,sex_f,age_ythadult_y15_64,2008,34.3
cyp,sex_f,age_ythadult_y15_64,2009,34
cyp,sex_f,age_ythadult_y15_64,2010,32.6
cyp,sex_f,age_ythadult_y15_64,2011,32.6
cyp,sex_f,age_ythadult_y15_64,2012,33.1
cyp,sex_f,age_ythadult_y15_64,2013,32.8
cyp,sex_f,age_ythadult_y15_64,2014,30.9
cyp,sex_f,age_ythadult_y15_64,2015,30.6
cyp,sex_f,age_ythadult_y15_64,2016,31.5
cyp,sex_f,age_ythadult_y15_64,2017,30.7
cyp,sex_f,age_ythadult_y15_64,2018,29.6
cyp,sex_f,age_ythadult_y15_64,2019,29
cyp,sex_f,age_ythadult_yge15,1960,59.18
cyp,sex_f,age_ythadult_yge15,1976,72.27
cyp,sex_f,age_ythadult_yge15,1978,78.36
cyp,sex_f,age_ythadult_yge15,1984,72.88
cyp,sex_f,age_ythadult_yge15,1985,67.75
cyp,sex_f,age_ythadult_yge15,1987,66.62
cyp,sex_f,age_ythadult_yge15,1988,53.24
cyp,sex_f,age_ythadult_yge15,1989,52.45
cyp,sex_f,age_ythadult_yge15,1990,51.76
cyp,sex_f,age_ythadult_yge15,1991,51.26
cyp,sex_f,age_ythadult_yge15,1992,56.74
cyp,sex_f,age_ythadult_yge15,1995,52.44
cyp,sex_f,age_ythadult_yge15,2000,50.9
cyp,sex_f,age_ythadult_yge15,2001,48.2
cyp,sex_f,age_ythadult_yge15,2002,47.6
cyp,sex_f,age_ythadult_yge15,2003,46.1
cyp,sex_f,age_ythadult_yge15,2004,46.5
cyp,sex_f,age_ythadult_yge15,2005,46.7
cyp,sex_f,age_ythadult_yge15,2006,45.6
cyp,sex_f,age_ythadult_yge15,2007,44.2
cyp,sex_f,age_ythadult_yge15,2008,44.2
cyp,sex_f,age_ythadult_yge15,2009,43.3
cyp,sex_f,age_ythadult_yge15,2010,42.2
cyp,sex_f,age_ythadult_yge15,2011,42.5
cyp,sex_f,age_ythadult_yge15,2012,43.1
cyp,sex_f,age_ythadult_yge15,2013,42.9
cyp,sex_f,age_ythadult_yge15,2014,41.4
cyp,sex_f,age_ythadult_yge15,2015,42.3
cyp,sex_f,age_ythadult_yge15,2016,43.6
cyp,sex_f,age_ythadult_yge15,2017,43.2
cyp,sex_f,age_ythadult_yge15,2018,42.6
cyp,sex_f,age_ythadult_yge15,2019,42.5
cyp,sex_f,age_ythadult_yge25,1960,59.68
cyp,sex_f,age_ythadult_yge25,1976,75.03
cyp,sex_f,age_ythadult_yge25,1988,52.49
cyp,sex_f,age_ythadult_yge25,1989,52.81
cyp,sex_f,age_ythadult_yge25,1990,52.17
cyp,sex_f,age_ythadult_yge25,1991,52.31
cyp,sex_f,age_ythadult_yge25,1992,57.15
cyp,sex_f,age_ythadult_yge25,1995,52.79
cyp,sex_f,age_ythadult_yge25,2000,48.8
cyp,sex_f,age_ythadult_yge25,2001,46.3
cyp,sex_f,age_ythadult_yge25,2002,44.8
cyp,sex_f,age_ythadult_yge25,2003,43.5
cyp,sex_f,age_ythadult_yge25,2004,43.6
cyp,sex_f,age_ythadult_yge25,2005,43.9
cyp,sex_f,age_ythadult_yge25,2006,42.6
cyp,sex_f,age_ythadult_yge25,2007,41.2
cyp,sex_f,age_ythadult_yge25,2008,41.3
cyp,sex_f,age_ythadult_yge25,2009,39.9
cyp,sex_f,age_ythadult_yge25,2010,38.8
cyp,sex_f,age_ythadult_yge25,2011,38.7
cyp,sex_f,age_ythadult_yge25,2012,39.1
cyp,sex_f,age_ythadult_yge25,2013,39.1
cyp,sex_f,age_ythadult_yge25,2014,37.9
cyp,sex_f,age_ythadult_yge25,2015,39.1
cyp,sex_f,age_ythadult_yge25,2016,40.7
cyp,sex_f,age_ythadult_yge25,2017,40.5
cyp,sex_f,age_ythadult_yge25,2018,40.2
cyp,sex_f,age_ythadult_yge25,2019,39.8
cyp,sex_m,age_10yrbands_total,1976,39.37
cyp,sex_m,age_10yrbands_total,1988,18.33
cyp,sex_m,age_10yrbands_total,1989,17.42
cyp,sex_m,age_10yrbands_total,1990,17.71
cyp,sex_m,age_10yrbands_total,1991,17.87
cyp,sex_m,age_10yrbands_total,1992,24.03
cyp,sex_m,age_10yrbands_total,1995,22.04
cyp,sex_m,age_10yrbands_total,2000,27.5
cyp,sex_m,age_10yrbands_total,2001,27.4
cyp,sex_m,age_10yrbands_total,2002,27.8
cyp,sex_m,age_10yrbands_total,2003,26.6
cyp,sex_m,age_10yrbands_total,2004,26.6
cyp,sex_m,age_10yrbands_total,2005,26.1
cyp,sex_m,age_10yrbands_total,2006,26.6
cyp,sex_m,age_10yrbands_total,2007,26.4
cyp,sex_m,age_10yrbands_total,2008,26.9
cyp,sex_m,age_10yrbands_total,2009,28.5
cyp,sex_m,age_10yrbands_total,2010,28.6
cyp,sex_m,age_10yrbands_total,2011,29.3
cyp,sex_m,age_10yrbands_total,2012,29.4
cyp,sex_m,age_10yrbands_total,2013,29.8
cyp,sex_m,age_10yrbands_total,2014,30.5
cyp,sex_m,age_10yrbands_total,2015,32.6
cyp,sex_m,age_10yrbands_total,2016,33.4
cyp,sex_m,age_10yrbands_total,2017,33.1
cyp,sex_m,age_10yrbands_total,2018,32.2
cyp,sex_m,age_10yrbands_total,2019,31.1
cyp,sex_m,age_10yrbands_y15_24,1976,49.96
cyp,sex_m,age_10yrbands_y15_24,1988,28.51
cyp,sex_m,age_10yrbands_y15_24,1989,24.77
cyp,sex_m,age_10yrbands_y15_24,1990,26.98
cyp,sex_m,age_10yrbands_y15_24,1991,28.87
cyp,sex_m,age_10yrbands_y15_24,1992,41.87
cyp,sex_m,age_10yrbands_y15_24,1995,39.19
cyp,sex_m,age_10yrbands_y15_24,2000,57.7
cyp,sex_m,age_10yrbands_y15_24,2001,57
cyp,sex_m,age_10yrbands_y15_24,2002,59.1
cyp,sex_m,age_10yrbands_y15_24,2003,57.6
cyp,sex_m,age_10yrbands_y15_24,2004,56.2
cyp,sex_m,age_10yrbands_y15_24,2005,53.4
cyp,sex_m,age_10yrbands_y15_24,2006,55
cyp,sex_m,age_10yrbands_y15_24,2007,56.1
cyp,sex_m,age_10yrbands_y15_24,2008,56.9
cyp,sex_m,age_10yrbands_y15_24,2009,57.9
cyp,sex_m,age_10yrbands_y15_24,2010,59.1
cyp,sex_m,age_10yrbands_y15_24,2011,58.6
cyp,sex_m,age_10yrbands_y15_24,2012,57.2
cyp,sex_m,age_10yrbands_y15_24,2013,59.2
cyp,sex_m,age_10yrbands_y15_24,2014,58.8
cyp,sex_m,age_10yrbands_y15_24,2015,63.2
cyp,sex_m,age_10yrbands_y15_24,2016,64.2
cyp,sex_m,age_10yrbands_y15_24,2017,66.8
cyp,sex_m,age_10yrbands_y15_24,2018,63.5
cyp,sex_m,age_10yrbands_y15_24,2019,62.3
cyp,sex_m,age_10yrbands_y25_34,1976,23.98
cyp,sex_m,age_10yrbands_y25_34,1988,3.73
cyp,sex_m,age_10yrbands_y25_34,1989,3.44
cyp,sex_m,age_10yrbands_y25_34,1990,3.24
cyp,sex_m,age_10yrbands_y25_34,1991,2.42
cyp,sex_m,age_10yrbands_y25_34,1992,5.36
cyp,sex_m,age_10yrbands_y25_34,1995,2.65
cyp,sex_m,age_10yrbands_y25_34,2000,3.83
cyp,sex_m,age_10yrbands_y25_34,2001,3.26
cyp,sex_m,age_10yrbands_y25_34,2002,4.13
cyp,sex_m,age_10yrbands_y25_34,2003,4.45
cyp,sex_m,age_10yrbands_y25_34,2004,3.32
cyp,sex_m,age_10yrbands_y25_34,2005,3.96
cyp,sex_m,age_10yrbands_y25_34,2006,4.9
cyp,sex_m,age_10yrbands_y25_34,2007,5.78
cyp,sex_m,age_10yrbands_y25_34,2008,7.96
cyp,sex_m,age_10yrbands_y25_34,2009,8.99
cyp,sex_m,age_10yrbands_y25_34,2010,7.28
cyp,sex_m,age_10yrbands_y25_34,2011,7.89
cyp,sex_m,age_10yrbands_y25_34,2012,7.53
cyp,sex_m,age_10yrbands_y25_34,2013,6.29
cyp,sex_m,age_10yrbands_y25_34,2014,7.07
cyp,sex_m,age_10yrbands_y25_34,2015,8.46
cyp,sex_m,age_10yrbands_y25_34,2016,9.44
cyp,sex_m,age_10yrbands_y25_34,2017,7.82
cyp,sex_m,age_10yrbands_y25_34,2018,8.37
cyp,sex_m,age_10yrbands_y25_34,2019,7.29
cyp,sex_m,age_10yrbands_y35_44,1988,1.05
cyp,sex_m,age_10yrbands_y35_44,1989,0.52
cyp,sex_m,age_10yrbands_y35_44,1990,0.5
cyp,sex_m,age_10yrbands_y35_44,1991,1.97
cyp,sex_m,age_10yrbands_y35_44,1992,2.1
cyp,sex_m,age_10yrbands_y35_44,1995,1.26
cyp,sex_m,age_10yrbands_y35_44,2000,4.16
cyp,sex_m,age_10yrbands_y35_44,2001,3.71
cyp,sex_m,age_10yrbands_y35_44,2002,3.08
cyp,sex_m,age_10yrbands_y35_44,2003,3.6
cyp,sex_m,age_10yrbands_y35_44,2004,3.85
cyp,sex_m,age_10yrbands_y35_44,2005,4.19
cyp,sex_m,age_10yrbands_y35_44,2006,4.07
cyp,sex_m,age_10yrbands_y35_44,2007,4.39
cyp,sex_m,age_10yrbands_y35_44,2008,4.27
cyp,sex_m,age_10yrbands_y35_44,2009,4.17
cyp,sex_m,age_10yrbands_y35_44,2010,4.48
cyp,sex_m,age_10yrbands_y35_44,2011,4.8
cyp,sex_m,age_10yrbands_y35_44,2012,4.02
cyp,sex_m,age_10yrbands_y35_44,2013,4.02
cyp,sex_m,age_10yrbands_y35_44,2014,5.25
cyp,sex_m,age_10yrbands_y35_44,2015,5.11
cyp,sex_m,age_10yrbands_y35_44,2016,5.93
cyp,sex_m,age_10yrbands_y35_44,2017,5.32
cyp,sex_m,age_10yrbands_y35_44,2018,4.76
cyp,sex_m,age_10yrbands_y35_44,2019,4.93
cyp,sex_m,age_10yrbands_y45_54,1976,22.99
cyp,sex_m,age_10yrbands_y45_54,1988,4.36
cyp,sex_m,age_10yrbands_y45_54,1989,1.74
cyp,sex_m,age_10yrbands_y45_54,1990,2.01
cyp,sex_m,age_10yrbands_y45_54,1991,4.23
cyp,sex_m,age_10yrbands_y45_54,1992,4.49
cyp,sex_m,age_10yrbands_y45_54,1995,3.43
cyp,sex_m,age_10yrbands_y45_54,2000,6.29
cyp,sex_m,age_10yrbands_y45_54,2001,7
cyp,sex_m,age_10yrbands_y45_54,2002,7.65
cyp,sex_m,age_10yrbands_y45_54,2003,6.38
cyp,sex_m,age_10yrbands_y45_54,2004,6.34
cyp,sex_m,age_10yrbands_y45_54,2005,6.18
cyp,sex_m,age_10yrbands_y45_54,2006,5.11
cyp,sex_m,age_10yrbands_y45_54,2007,4.69
cyp,sex_m,age_10yrbands_y45_54,2008,5.58
cyp,sex_m,age_10yrbands_y45_54,2009,6.02
cyp,sex_m,age_10yrbands_y45_54,2010,7.78
cyp,sex_m,age_10yrbands_y45_54,2011,7.76
cyp,sex_m,age_10yrbands_y45_54,2012,6.86
cyp,sex_m,age_10yrbands_y45_54,2013,7.63
cyp,sex_m,age_10yrbands_y45_54,2014,7.13
cyp,sex_m,age_10yrbands_y45_54,2015,8.51
cyp,sex_m,age_10yrbands_y45_54,2016,7.6
cyp,sex_m,age_10yrbands_y45_54,2017,7.96
cyp,sex_m,age_10yrbands_y45_54,2018,8.6
cyp,sex_m,age_10yrbands_y45_54,2019,7.65
cyp,sex_m,age_10yrbands_y55_64,1976,30.24
cyp,sex_m,age_10yrbands_y55_64,1988,13.11
cyp,sex_m,age_10yrbands_y55_64,1989,12.98
cyp,sex_m,age_10yrbands_y55_64,1990,14.49
cyp,sex_m,age_10yrbands_y55_64,1991,15.45
cyp,sex_m,age_10yrbands_y55_64,1992,21.2
cyp,sex_m,age_10yrbands_y55_64,1995,18.68
cyp,sex_m,age_10yrbands_y55_64,2000,30.5
cyp,sex_m,age_10yrbands_y55_64,2001,30.3
cyp,sex_m,age_10yrbands_y55_64,2002,31.1
cyp,sex_m,age_10yrbands_y55_64,2003,27.3
cyp,sex_m,age_10yrbands_y55_64,2004,24.5
cyp,sex_m,age_10yrbands_y55_64,2005,26.8
cyp,sex_m,age_10yrbands_y55_64,2006,25.9
cyp,sex_m,age_10yrbands_y55_64,2007,25.2
cyp,sex_m,age_10yrbands_y55_64,2008,27
cyp,sex_m,age_10yrbands_y55_64,2009,25.6
cyp,sex_m,age_10yrbands_y55_64,2010,25.7
cyp,sex_m,age_10yrbands_y55_64,2011,27.1
cyp,sex_m,age_10yrbands_y55_64,2012,28.8
cyp,sex_m,age_10yrbands_y55_64,2013,28.8
cyp,sex_m,age_10yrbands_y55_64,2014,30.1
cyp,sex_m,age_10yrbands_y55_64,2015,30
cyp,sex_m,age_10yrbands_y55_64,2016,29.5
cyp,sex_m,age_10yrbands_y55_64,2017,28.4
cyp,sex_m,age_10yrbands_y55_64,2018,24.8
cyp,sex_m,age_10yrbands_y55_64,2019,23.3
cyp,sex_m,age_10yrbands_yge65,1976,83.06
cyp,sex_m,age_10yrbands_yge65,1988,72.03
cyp,sex_m,age_10yrbands_yge65,1989,76.89
cyp,sex_m,age_10yrbands_yge65,1990,76.92
cyp,sex_m,age_10yrbands_yge65,1991,72.03
cyp,sex_m,age_10yrbands_yge65,1992,83.86
cyp,sex_m,age_10yrbands_yge65,1995,82.7
cyp,sex_m,age_10yrbands_yge65,2000,82.5
cyp,sex_m,age_10yrbands_yge65,2001,81.6
cyp,sex_m,age_10yrbands_yge65,2002,80.6
cyp,sex_m,age_10yrbands_yge65,2003,78.2
cyp,sex_m,age_10yrbands_yge65,2004,81.7
cyp,sex_m,age_10yrbands_yge65,2005,80.4
cyp,sex_m,age_10yrbands_yge65,2006,83
cyp,sex_m,age_10yrbands_yge65,2007,81.6
cyp,sex_m,age_10yrbands_yge65,2008,78.6
cyp,sex_m,age_10yrbands_yge65,2009,81
cyp,sex_m,age_10yrbands_yge65,2010,79.6
cyp,sex_m,age_10yrbands_yge65,2011,82.5
cyp,sex_m,age_10yrbands_yge65,2012,85
cyp,sex_m,age_10yrbands_yge65,2013,86.7
cyp,sex_m,age_10yrbands_yge65,2014,88.5
cyp,sex_m,age_10yrbands_yge65,2015,89.3
cyp,sex_m,age_10yrbands_yge65,2016,88.8
cyp,sex_m,age_10yrbands_yge65,2017,87.8
cyp,sex_m,age_10yrbands_yge65,2018,85.7
cyp,sex_m,age_10yrbands_yge65,2019,84.5
cyp,sex_m,age_5yrbands_total,1976,39.37
cyp,sex_m,age_5yrbands_total,1988,40.1
cyp,sex_m,age_5yrbands_total,1989,39.5
cyp,sex_m,age_5yrbands_total,1990,39.9
cyp,sex_m,age_5yrbands_total,1991,40.1
cyp,sex_m,age_5yrbands_total,1992,24.03
cyp,sex_m,age_5yrbands_total,1995,42.2
cyp,sex_m,age_5yrbands_total,2000,27.5
cyp,sex_m,age_5yrbands_total,2001,27.4
cyp,sex_m,age_5yrbands_total,2002,27.8
cyp,sex_m,age_5yrbands_total,2003,26.6
cyp,sex_m,age_5yrbands_total,2004,26.6
cyp,sex_m,age_5yrbands_total,2005,26.1
cyp,sex_m,age_5yrbands_total,2006,26.6
cyp,sex_m,age_5yrbands_total,2007,26.4
cyp,sex_m,age_5yrbands_total,2008,26.9
cyp,sex_m,age_5yrbands_total,2009,28.5
cyp,sex_m,age_5yrbands_total,2010,28.6
cyp,sex_m,age_5yrbands_total,2011,29.3
cyp,sex_m,age_5yrbands_total,2012,29.4
cyp,sex_m,age_5yrbands_total,2013,29.8
cyp,sex_m,age_5yrbands_total,2014,30.5
cyp,sex_m,age_5yrbands_total,2015,32.6
cyp,sex_m,age_5yrbands_total,2016,33.4
cyp,sex_m,age_5yrbands_total,2017,33.1
cyp,sex_m,age_5yrbands_total,2018,32.2
cyp,sex_m,age_5yrbands_total,2019,31.1
cyp,sex_m,age_5yrbands_y15_19,1976,61.56
cyp,sex_m,age_5yrbands_y15_19,1988,44.5
cyp,sex_m,age_5yrbands_y15_19,1989,33.5
cyp,sex_m,age_5yrbands_y15_19,1990,35.6
cyp,sex_m,age_5yrbands_y15_19,1991,36.4
cyp,sex_m,age_5yrbands_y15_19,1992,57.1
cyp,sex_m,age_5yrbands_y15_19,1995,54.3
cyp,sex_m,age_5yrbands_y15_19,2000,90.8
cyp,sex_m,age_5yrbands_y15_19,2001,88.3
cyp,sex_m,age_5yrbands_y15_19,2002,91
cyp,sex_m,age_5yrbands_y15_19,2003,89
cyp,sex_m,age_5yrbands_y15_19,2004,87.6
cyp,sex_m,age_5yrbands_y15_19,2005,87.4
cyp,sex_m,age_5yrbands_y15_19,2006,89.1
cyp,sex_m,age_5yrbands_y15_19,2007,89.6
cyp,sex_m,age_5yrbands_y15_19,2008,86.9
cyp,sex_m,age_5yrbands_y15_19,2009,88.5
cyp,sex_m,age_5yrbands_y15_19,2010,91.1
cyp,sex_m,age_5yrbands_y15_19,2011,91.4
cyp,sex_m,age_5yrbands_y15_19,2012,91.1
cyp,sex_m,age_5yrbands_y15_19,2013,92.6
cyp,sex_m,age_5yrbands_y15_19,2014,92.6
cyp,sex_m,age_5yrbands_y15_19,2015,94.4
cyp,sex_m,age_5yrbands_y15_19,2016,92.7
cyp,sex_m,age_5yrbands_y15_19,2017,92.9
cyp,sex_m,age_5yrbands_y15_19,2018,92.3
cyp,sex_m,age_5yrbands_y15_19,2019,88.6
cyp,sex_m,age_5yrbands_y20_24,1976,37.36
cyp,sex_m,age_5yrbands_y20_24,1988,14.2
cyp,sex_m,age_5yrbands_y20_24,1989,16.5
cyp,sex_m,age_5yrbands_y20_24,1990,18.9
cyp,sex_m,age_5yrbands_y20_24,1991,21.7
cyp,sex_m,age_5yrbands_y20_24,1992,26.87
cyp,sex_m,age_5yrbands_y20_24,1995,22.8
cyp,sex_m,age_5yrbands_y20_24,2000,21.8
cyp,sex_m,age_5yrbands_y20_24,2001,24.6
cyp,sex_m,age_5yrbands_y20_24,2002,26.3
cyp,sex_m,age_5yrbands_y20_24,2003,27.7
cyp,sex_m,age_5yrbands_y20_24,2004,24.8
cyp,sex_m,age_5yrbands_y20_24,2005,25.1
cyp,sex_m,age_5yrbands_y20_24,2006,24.2
cyp,sex_m,age_5yrbands_y20_24,2007,26.2
cyp,sex_m,age_5yrbands_y20_24,2008,29.4
cyp,sex_m,age_5yrbands_y20_24,2009,29.6
cyp,sex_m,age_5yrbands_y20_24,2010,31.2
cyp,sex_m,age_5yrbands_y20_24,2011,31.7
cyp,sex_m,age_5yrbands_y20_24,2012,30.4
cyp,sex_m,age_5yrbands_y20_24,2013,32.3
cyp,sex_m,age_5yrbands_y20_24,2014,31.2
cyp,sex_m,age_5yrbands_y20_24,2015,36.8
cyp,sex_m,age_5yrbands_y20_24,2016,41.2
cyp,sex_m,age_5yrbands_y20_24,2017,44.1
cyp,sex_m,age_5yrbands_y20_24,2018,37.9
cyp,sex_m,age_5yrbands_y20_24,2019,39
cyp,sex_m,age_5yrbands_y25_29,1976,27.65
cyp,sex_m,age_5yrbands_y25_29,1988,6.3
cyp,sex_m,age_5yrbands_y25_29,1989,6.3
cyp,sex_m,age_5yrbands_y25_29,1990,6.1
cyp,sex_m,age_5yrbands_y25_29,1991,3.3
cyp,sex_m,age_5yrbands_y25_29,1992,8.51
cyp,sex_m,age_5yrbands_y25_29,1995,4.2
cyp,sex_m,age_5yrbands_y25_29,2000,4
cyp,sex_m,age_5yrbands_y25_29,2001,3.8
cyp,sex_m,age_5yrbands_y25_29,2002,4.5
cyp,sex_m,age_5yrbands_y25_29,2003,5.4
cyp,sex_m,age_5yrbands_y25_29,2004,3.5
cyp,sex_m,age_5yrbands_y25_29,2005,4.2
cyp,sex_m,age_5yrbands_y25_29,2006,7.3
cyp,sex_m,age_5yrbands_y25_29,2007,8.2
cyp,sex_m,age_5yrbands_y25_29,2008,12.6
cyp,sex_m,age_5yrbands_y25_29,2009,12
cyp,sex_m,age_5yrbands_y25_29,2010,9.6
cyp,sex_m,age_5yrbands_y25_29,2011,10.6
cyp,sex_m,age_5yrbands_y25_29,2012,9.2
cyp,sex_m,age_5yrbands_y25_29,2013,8.4
cyp,sex_m,age_5yrbands_y25_29,2014,9.3
cyp,sex_m,age_5yrbands_y25_29,2015,11.3
cyp,sex_m,age_5yrbands_y25_29,2016,11.4
cyp,sex_m,age_5yrbands_y25_29,2017,10.4
cyp,sex_m,age_5yrbands_y25_29,2018,9.8
cyp,sex_m,age_5yrbands_y25_29,2019,7
cyp,sex_m,age_5yrbands_y30_34,1976,22.19
cyp,sex_m,age_5yrbands_y30_34,1988,0.9
cyp,sex_m,age_5yrbands_y30_34,1989,0.4
cyp,sex_m,age_5yrbands_y30_34,1990,0.4
cyp,sex_m,age_5yrbands_y30_34,1991,1.6
cyp,sex_m,age_5yrbands_y30_34,1992,2.42
cyp,sex_m,age_5yrbands_y30_34,1995,1.2
cyp,sex_m,age_5yrbands_y30_34,2000,3.7
cyp,sex_m,age_5yrbands_y30_34,2001,2.7
cyp,sex_m,age_5yrbands_y30_34,2002,3.8
cyp,sex_m,age_5yrbands_y30_34,2003,3.5
cyp,sex_m,age_5yrbands_y30_34,2004,3.2
cyp,sex_m,age_5yrbands_y30_34,2005,3.7
cyp,sex_m,age_5yrbands_y30_34,2006,2.5
cyp,sex_m,age_5yrbands_y30_34,2007,3.1
cyp,sex_m,age_5yrbands_y30_34,2008,2.9
cyp,sex_m,age_5yrbands_y30_34,2009,5.5
cyp,sex_m,age_5yrbands_y30_34,2010,4.7
cyp,sex_m,age_5yrbands_y30_34,2011,4.9
cyp,sex_m,age_5yrbands_y30_34,2012,5.6
cyp,sex_m,age_5yrbands_y30_34,2013,4
cyp,sex_m,age_5yrbands_y30_34,2014,4.6
cyp,sex_m,age_5yrbands_y30_34,2015,5.4
cyp,sex_m,age_5yrbands_y30_34,2016,7.4
cyp,sex_m,age_5yrbands_y30_34,2017,5.1
cyp,sex_m,age_5yrbands_y30_34,2018,6.9
cyp,sex_m,age_5yrbands_y30_34,2019,7.5
cyp,sex_m,age_5yrbands_y35_39,1988,0.5
cyp,sex_m,age_5yrbands_y35_39,1989,0.5
cyp,sex_m,age_5yrbands_y35_39,1990,0.5
cyp,sex_m,age_5yrbands_y35_39,1991,1.4
cyp,sex_m,age_5yrbands_y35_39,1992,2.01
cyp,sex_m,age_5yrbands_y35_39,1995,1.2
cyp,sex_m,age_5yrbands_y35_39,2000,3
cyp,sex_m,age_5yrbands_y35_39,2001,3.6
cyp,sex_m,age_5yrbands_y35_39,2002,3.3
cyp,sex_m,age_5yrbands_y35_39,2003,5.2
cyp,sex_m,age_5yrbands_y35_39,2004,4.3
cyp,sex_m,age_5yrbands_y35_39,2005,3
cyp,sex_m,age_5yrbands_y35_39,2006,2.7
cyp,sex_m,age_5yrbands_y35_39,2007,5.3
cyp,sex_m,age_5yrbands_y35_39,2008,4.2
cyp,sex_m,age_5yrbands_y35_39,2009,5
cyp,sex_m,age_5yrbands_y35_39,2010,5.2
cyp,sex_m,age_5yrbands_y35_39,2011,4.3
cyp,sex_m,age_5yrbands_y35_39,2012,4.2
cyp,sex_m,age_5yrbands_y35_39,2013,3.7
cyp,sex_m,age_5yrbands_y35_39,2014,5.2
cyp,sex_m,age_5yrbands_y35_39,2015,4.2
cyp,sex_m,age_5yrbands_y35_39,2016,5
cyp,sex_m,age_5yrbands_y35_39,2017,4.3
cyp,sex_m,age_5yrbands_y35_39,2018,3.7
cyp,sex_m,age_5yrbands_y35_39,2019,4.7
cyp,sex_m,age_5yrbands_y40_44,1988,1.6
cyp,sex_m,age_5yrbands_y40_44,1989,0.5
cyp,sex_m,age_5yrbands_y40_44,1990,0.5
cyp,sex_m,age_5yrbands_y40_44,1991,2.6
cyp,sex_m,age_5yrbands_y40_44,1992,2.2
cyp,sex_m,age_5yrbands_y40_44,1995,1.3
cyp,sex_m,age_5yrbands_y40_44,2000,5.3
cyp,sex_m,age_5yrbands_y40_44,2001,3.8
cyp,sex_m,age_5yrbands_y40_44,2002,2.9
cyp,sex_m,age_5yrbands_y40_44,2003,2.1
cyp,sex_m,age_5yrbands_y40_44,2004,3.4
cyp,sex_m,age_5yrbands_y40_44,2005,5.3
cyp,sex_m,age_5yrbands_y40_44,2006,5.4
cyp,sex_m,age_5yrbands_y40_44,2007,3.5
cyp,sex_m,age_5yrbands_y40_44,2008,4.4
cyp,sex_m,age_5yrbands_y40_44,2009,3.3
cyp,sex_m,age_5yrbands_y40_44,2010,3.7
cyp,sex_m,age_5yrbands_y40_44,2011,5.4
cyp,sex_m,age_5yrbands_y40_44,2012,3.8
cyp,sex_m,age_5yrbands_y40_44,2013,4.3
cyp,sex_m,age_5yrbands_y40_44,2014,5.3
cyp,sex_m,age_5yrbands_y40_44,2015,6.1
cyp,sex_m,age_5yrbands_y40_44,2016,7
cyp,sex_m,age_5yrbands_y40_44,2017,6.5
cyp,sex_m,age_5yrbands_y40_44,2018,6
cyp,sex_m,age_5yrbands_y40_44,2019,5.2
cyp,sex_m,age_5yrbands_y45_49,1976,22.4
cyp,sex_m,age_5yrbands_y45_49,1988,2.8
cyp,sex_m,age_5yrbands_y45_49,1989,0.7
cyp,sex_m,age_5yrbands_y45_49,1990,1.3
cyp,sex_m,age_5yrbands_y45_49,1991,3.1
cyp,sex_m,age_5yrbands_y45_49,1992,3.14
cyp,sex_m,age_5yrbands_y45_49,1995,2.4
cyp,sex_m,age_5yrbands_y45_49,2000,5.7
cyp,sex_m,age_5yrbands_y45_49,2001,7.2
cyp,sex_m,age_5yrbands_y45_49,2002,7.5
cyp,sex_m,age_5yrbands_y45_49,2003,6.5
cyp,sex_m,age_5yrbands_y45_49,2004,5.8
cyp,sex_m,age_5yrbands_y45_49,2005,5.1
cyp,sex_m,age_5yrbands_y45_49,2006,3.7
cyp,sex_m,age_5yrbands_y45_49,2007,3.8
cyp,sex_m,age_5yrbands_y45_49,2008,4.2
cyp,sex_m,age_5yrbands_y45_49,2009,4.9
cyp,sex_m,age_5yrbands_y45_49,2010,5.2
cyp,sex_m,age_5yrbands_y45_49,2011,4.8
cyp,sex_m,age_5yrbands_y45_49,2012,6.2
cyp,sex_m,age_5yrbands_y45_49,2013,6.2
cyp,sex_m,age_5yrbands_y45_49,2014,7
cyp,sex_m,age_5yrbands_y45_49,2015,7.7
cyp,sex_m,age_5yrbands_y45_49,2016,6.6
cyp,sex_m,age_5yrbands_y45_49,2017,5.7
cyp,sex_m,age_5yrbands_y45_49,2018,5.2
cyp,sex_m,age_5yrbands_y45_49,2019,5.6
cyp,sex_m,age_5yrbands_y50_54,1976,23.58
cyp,sex_m,age_5yrbands_y50_54,1988,6.1
cyp,sex_m,age_5yrbands_y50_54,1989,2.9
cyp,sex_m,age_5yrbands_y50_54,1990,2.7
cyp,sex_m,age_5yrbands_y50_54,1991,5.4
cyp,sex_m,age_5yrbands_y50_54,1992,6.22
cyp,sex_m,age_5yrbands_y50_54,1995,4.6
cyp,sex_m,age_5yrbands_y50_54,2000,7
cyp,sex_m,age_5yrbands_y50_54,2001,6.8
cyp,sex_m,age_5yrbands_y50_54,2002,7.8
cyp,sex_m,age_5yrbands_y50_54,2003,6.2
cyp,sex_m,age_5yrbands_y50_54,2004,6.9
cyp,sex_m,age_5yrbands_y50_54,2005,7.4
cyp,sex_m,age_5yrbands_y50_54,2006,6.7
cyp,sex_m,age_5yrbands_y50_54,2007,5.7
cyp,sex_m,age_5yrbands_y50_54,2008,7.2
cyp,sex_m,age_5yrbands_y50_54,2009,7.2
cyp,sex_m,age_5yrbands_y50_54,2010,10.4
cyp,sex_m,age_5yrbands_y50_54,2011,10.7
cyp,sex_m,age_5yrbands_y50_54,2012,7.6
cyp,sex_m,age_5yrbands_y50_54,2013,9.1
cyp,sex_m,age_5yrbands_y50_54,2014,7.3
cyp,sex_m,age_5yrbands_y50_54,2015,9.3
cyp,sex_m,age_5yrbands_y50_54,2016,8.6
cyp,sex_m,age_5yrbands_y50_54,2017,10.1
cyp,sex_m,age_5yrbands_y50_54,2018,11.9
cyp,sex_m,age_5yrbands_y50_54,2019,9.7
cyp,sex_m,age_5yrbands_y55_59,1976,26.14
cyp,sex_m,age_5yrbands_y55_59,1988,7.3
cyp,sex_m,age_5yrbands_y55_59,1989,4.5
cyp,sex_m,age_5yrbands_y55_59,1990,7.1
cyp,sex_m,age_5yrbands_y55_59,1991,10.2
cyp,sex_m,age_5yrbands_y55_59,1992,12.47
cyp,sex_m,age_5yrbands_y55_59,1995,10.1
cyp,sex_m,age_5yrbands_y55_59,2000,16.7
cyp,sex_m,age_5yrbands_y55_59,2001,16.6
cyp,sex_m,age_5yrbands_y55_59,2002,20.2
cyp,sex_m,age_5yrbands_y55_59,2003,16.2
cyp,sex_m,age_5yrbands_y55_59,2004,14.9
cyp,sex_m,age_5yrbands_y55_59,2005,15.5
cyp,sex_m,age_5yrbands_y55_59,2006,16.8
cyp,sex_m,age_5yrbands_y55_59,2007,17.1
cyp,sex_m,age_5yrbands_y55_59,2008,15
cyp,sex_m,age_5yrbands_y55_59,2009,14.5
cyp,sex_m,age_5yrbands_y55_59,2010,12.3
cyp,sex_m,age_5yrbands_y55_59,2011,14.4
cyp,sex_m,age_5yrbands_y55_59,2012,15.6
cyp,sex_m,age_5yrbands_y55_59,2013,14.3
cyp,sex_m,age_5yrbands_y55_59,2014,16.5
cyp,sex_m,age_5yrbands_y55_59,2015,18.7
cyp,sex_m,age_5yrbands_y55_59,2016,18.6
cyp,sex_m,age_5yrbands_y55_59,2017,18.4
cyp,sex_m,age_5yrbands_y55_59,2018,15.8
cyp,sex_m,age_5yrbands_y55_59,2019,14.2
cyp,sex_m,age_5yrbands_y60_64,1976,34.1
cyp,sex_m,age_5yrbands_y60_64,1988,19.8
cyp,sex_m,age_5yrbands_y60_64,1989,22.7
cyp,sex_m,age_5yrbands_y60_64,1990,22.5
cyp,sex_m,age_5yrbands_y60_64,1991,21.6
cyp,sex_m,age_5yrbands_y60_64,1992,31.42
cyp,sex_m,age_5yrbands_y60_64,1995,28.6
cyp,sex_m,age_5yrbands_y60_64,2000,48.3
cyp,sex_m,age_5yrbands_y60_64,2001,45.8
cyp,sex_m,age_5yrbands_y60_64,2002,43.5
cyp,sex_m,age_5yrbands_y60_64,2003,40.4
cyp,sex_m,age_5yrbands_y60_64,2004,35.9
cyp,sex_m,age_5yrbands_y60_64,2005,40.6
cyp,sex_m,age_5yrbands_y60_64,2006,37.1
cyp,sex_m,age_5yrbands_y60_64,2007,35.3
cyp,sex_m,age_5yrbands_y60_64,2008,41.9
cyp,sex_m,age_5yrbands_y60_64,2009,37.9
cyp,sex_m,age_5yrbands_y60_64,2010,40
cyp,sex_m,age_5yrbands_y60_64,2011,40.5
cyp,sex_m,age_5yrbands_y60_64,2012,42.7
cyp,sex_m,age_5yrbands_y60_64,2013,44
cyp,sex_m,age_5yrbands_y60_64,2014,44.5
cyp,sex_m,age_5yrbands_y60_64,2015,42.6
cyp,sex_m,age_5yrbands_y60_64,2016,41.5
cyp,sex_m,age_5yrbands_y60_64,2017,39.3
cyp,sex_m,age_5yrbands_y60_64,2018,34.7
cyp,sex_m,age_5yrbands_y60_64,2019,32.7
cyp,sex_m,age_5yrbands_yge65,1976,83.06
cyp,sex_m,age_5yrbands_yge65,1988,72
cyp,sex_m,age_5yrbands_yge65,1989,76.9
cyp,sex_m,age_5yrbands_yge65,1990,76.9
cyp,sex_m,age_5yrbands_yge65,1991,72
cyp,sex_m,age_5yrbands_yge65,1992,83.86
cyp,sex_m,age_5yrbands_yge65,1995,70.6
cyp,sex_m,age_5yrbands_yge65,2000,82.5
cyp,sex_m,age_5yrbands_yge65,2001,81.6
cyp,sex_m,age_5yrbands_yge65,2002,80.6
cyp,sex_m,age_5yrbands_yge65,2003,78.2
cyp,sex_m,age_5yrbands_yge65,2004,81.7
cyp,sex_m,age_5yrbands_yge65,2005,80.4
cyp,sex_m,age_5yrbands_yge65,2006,83
cyp,sex_m,age_5yrbands_yge65,2007,81.6
cyp,sex_m,age_5yrbands_yge65,2008,78.6
cyp,sex_m,age_5yrbands_yge65,2009,81
cyp,sex_m,age_5yrbands_yge65,2010,79.6
cyp,sex_m,age_5yrbands_yge65,2011,82.5
cyp,sex_m,age_5yrbands_yge65,2012,85
cyp,sex_m,age_5yrbands_yge65,2013,86.7
cyp,sex_m,age_5yrbands_yge65,2014,88.5
cyp,sex_m,age_5yrbands_yge65,2015,89.3
cyp,sex_m,age_5yrbands_yge65,2016,88.8
cyp,sex_m,age_5yrbands_yge65,2017,87.8
cyp,sex_m,age_5yrbands_yge65,2018,85.7
cyp,sex_m,age_5yrbands_yge65,2019,84.5
cyp,sex_m,age_aggregate_total,1976,39.37
cyp,sex_m,age_aggregate_total,1988,18.33
cyp,sex_m,age_aggregate_total,1989,17.42
cyp,sex_m,age_aggregate_total,1990,17.71
cyp,sex_m,age_aggregate_total,1991,17.87
cyp,sex_m,age_aggregate_total,1992,24.03
cyp,sex_m,age_aggregate_total,1995,22.04
cyp,sex_m,age_aggregate_total,2000,27.5
cyp,sex_m,age_aggregate_total,2001,27.4
cyp,sex_m,age_aggregate_total,2002,27.8
cyp,sex_m,age_aggregate_total,2003,26.6
cyp,sex_m,age_aggregate_total,2004,26.6
cyp,sex_m,age_aggregate_total,2005,26.1
cyp,sex_m,age_aggregate_total,2006,26.6
cyp,sex_m,age_aggregate_total,2007,26.4
cyp,sex_m,age_aggregate_total,2008,26.9
cyp,sex_m,age_aggregate_total,2009,28.5
cyp,sex_m,age_aggregate_total,2010,28.6
cyp,sex_m,age_aggregate_total,2011,29.3
cyp,sex_m,age_aggregate_total,2012,29.4
cyp,sex_m,age_aggregate_total,2013,29.8
cyp,sex_m,age_aggregate_total,2014,30.5
cyp,sex_m,age_aggregate_total,2015,32.6
cyp,sex_m,age_aggregate_total,2016,33.4
cyp,sex_m,age_aggregate_total,2017,33.1
cyp,sex_m,age_aggregate_total,2018,32.2
cyp,sex_m,age_aggregate_total,2019,31.1
cyp,sex_m,age_aggregate_y15_24,1976,49.96
cyp,sex_m,age_aggregate_y15_24,1988,28.51
cyp,sex_m,age_aggregate_y15_24,1989,24.77
cyp,sex_m,age_aggregate_y15_24,1990,26.98
cyp,sex_m,age_aggregate_y15_24,1991,28.87
cyp,sex_m,age_aggregate_y15_24,1992,41.87
cyp,sex_m,age_aggregate_y15_24,1995,39.19
cyp,sex_m,age_aggregate_y15_24,2000,57.7
cyp,sex_m,age_aggregate_y15_24,2001,57
cyp,sex_m,age_aggregate_y15_24,2002,59.1
cyp,sex_m,age_aggregate_y15_24,2003,57.6
cyp,sex_m,age_aggregate_y15_24,2004,56.2
cyp,sex_m,age_aggregate_y15_24,2005,53.4
cyp,sex_m,age_aggregate_y15_24,2006,55
cyp,sex_m,age_aggregate_y15_24,2007,56.1
cyp,sex_m,age_aggregate_y15_24,2008,56.9
cyp,sex_m,age_aggregate_y15_24,2009,57.9
cyp,sex_m,age_aggregate_y15_24,2010,59.1
cyp,sex_m,age_aggregate_y15_24,2011,58.6
cyp,sex_m,age_aggregate_y15_24,2012,57.2
cyp,sex_m,age_aggregate_y15_24,2013,59.2
cyp,sex_m,age_aggregate_y15_24,2014,58.8
cyp,sex_m,age_aggregate_y15_24,2015,63.2
cyp,sex_m,age_aggregate_y15_24,2016,64.2
cyp,sex_m,age_aggregate_y15_24,2017,66.8
cyp,sex_m,age_aggregate_y15_24,2018,63.5
cyp,sex_m,age_aggregate_y15_24,2019,62.3
cyp,sex_m,age_aggregate_y25_54,1976,23.73
cyp,sex_m,age_aggregate_y25_54,1988,2.99
cyp,sex_m,age_aggregate_y25_54,1989,2.05
cyp,sex_m,age_aggregate_y25_54,1990,2.02
cyp,sex_m,age_aggregate_y25_54,1991,2.73
cyp,sex_m,age_aggregate_y25_54,1992,4
cyp,sex_m,age_aggregate_y25_54,1995,2.38
cyp,sex_m,age_aggregate_y25_54,2000,4.7
cyp,sex_m,age_aggregate_y25_54,2001,4.6
cyp,sex_m,age_aggregate_y25_54,2002,4.9
cyp,sex_m,age_aggregate_y25_54,2003,4.8
cyp,sex_m,age_aggregate_y25_54,2004,4.5
cyp,sex_m,age_aggregate_y25_54,2005,4.7
cyp,sex_m,age_aggregate_y25_54,2006,4.7
cyp,sex_m,age_aggregate_y25_54,2007,5
cyp,sex_m,age_aggregate_y25_54,2008,6
cyp,sex_m,age_aggregate_y25_54,2009,6.5
cyp,sex_m,age_aggregate_y25_54,2010,6.6
cyp,sex_m,age_aggregate_y25_54,2011,6.9
cyp,sex_m,age_aggregate_y25_54,2012,6.2
cyp,sex_m,age_aggregate_y25_54,2013,6
cyp,sex_m,age_aggregate_y25_54,2014,6.5
cyp,sex_m,age_aggregate_y25_54,2015,7.4
cyp,sex_m,age_aggregate_y25_54,2016,7.8
cyp,sex_m,age_aggregate_y25_54,2017,7.1
cyp,sex_m,age_aggregate_y25_54,2018,7.3
cyp,sex_m,age_aggregate_y25_54,2019,6.6
cyp,sex_m,age_aggregate_y55_64,1976,30.24
cyp,sex_m,age_aggregate_y55_64,1988,13.11
cyp,sex_m,age_aggregate_y55_64,1989,12.98
cyp,sex_m,age_aggregate_y55_64,1990,14.49
cyp,sex_m,age_aggregate_y55_64,1991,15.45
cyp,sex_m,age_aggregate_y55_64,1992,21.2
cyp,sex_m,age_aggregate_y55_64,1995,18.68
cyp,sex_m,age_aggregate_y55_64,2000,30.5
cyp,sex_m,age_aggregate_y55_64,2001,30.3
cyp,sex_m,age_aggregate_y55_64,2002,31.1
cyp,sex_m,age_aggregate_y55_64,2003,27.3
cyp,sex_m,age_aggregate_y55_64,2004,24.5
cyp,sex_m,age_aggregate_y55_64,2005,26.8
cyp,sex_m,age_aggregate_y55_64,2006,25.9
cyp,sex_m,age_aggregate_y55_64,2007,25.2
cyp,sex_m,age_aggregate_y55_64,2008,27
cyp,sex_m,age_aggregate_y55_64,2009,25.6
cyp,sex_m,age_aggregate_y55_64,2010,25.7
cyp,sex_m,age_aggregate_y55_64,2011,27.1
cyp,sex_m,age_aggregate_y55_64,2012,28.8
cyp,sex_m,age_aggregate_y55_64,2013,28.8
cyp,sex_m,age_aggregate_y55_64,2014,30.1
cyp,sex_m,age_aggregate_y55_64,2015,30
cyp,sex_m,age_aggregate_y55_64,2016,29.5
cyp,sex_m,age_aggregate_y55_64,2017,28.4
cyp,sex_m,age_aggregate_y55_64,2018,24.8
cyp,sex_m,age_aggregate_y55_64,2019,23.3
cyp,sex_m,age_aggregate_yge65,1976,83.06
cyp,sex_m,age_aggregate_yge65,1988,72.03
cyp,sex_m,age_aggregate_yge65,1989,76.89
cyp,sex_m,age_aggregate_yge65,1990,76.92
cyp,sex_m,age_aggregate_yge65,1991,72.03
cyp,sex_m,age_aggregate_yge65,1992,83.86
cyp,sex_m,age_aggregate_yge65,1995,82.7
cyp,sex_m,age_aggregate_yge65,2000,82.5
cyp,sex_m,age_aggregate_yge65,2001,81.6
cyp,sex_m,age_aggregate_yge65,2002,80.6
cyp,sex_m,age_aggregate_yge65,2003,78.2
cyp,sex_m,age_aggregate_yge65,2004,81.7
cyp,sex_m,age_aggregate_yge65,2005,80.4
cyp,sex_m,age_aggregate_yge65,2006,83
cyp,sex_m,age_aggregate_yge65,2007,81.6
cyp,sex_m,age_aggregate_yge65,2008,78.6
cyp,sex_m,age_aggregate_yge65,2009,81
cyp,sex_m,age_aggregate_yge65,2010,79.6
cyp,sex_m,age_aggregate_yge65,2011,82.5
cyp,sex_m,age_aggregate_yge65,2012,85
cyp,sex_m,age_aggregate_yge65,2013,86.7
cyp,sex_m,age_aggregate_yge65,2014,88.5
cyp,sex_m,age_aggregate_yge65,2015,89.3
cyp,sex_m,age_aggregate_yge65,2016,88.8
cyp,sex_m,age_aggregate_yge65,2017,87.8
cyp,sex_m,age_aggregate_yge65,2018,85.7
cyp,sex_m,age_aggregate_yge65,2019,84.5
cyp,sex_m,age_ythadult_y15_24,1960,21.57
cyp,sex_m,age_ythadult_y15_24,1976,49.96
cyp,sex_m,age_ythadult_y15_24,1988,28.51
cyp,sex_m,age_ythadult_y15_24,1989,24.77
cyp,sex_m,age_ythadult_y15_24,1990,26.98
cyp,sex_m,age_ythadult_y15_24,1991,28.87
cyp,sex_m,age_ythadult_y15_24,1992,41.87
cyp,sex_m,age_ythadult_y15_24,1995,39.19
cyp,sex_m,age_ythadult_y15_24,2000,57.7
cyp,sex_m,age_ythadult_y15_24,2001,57
cyp,sex_m,age_ythadult_y15_24,2002,59.1
cyp,sex_m,age_ythadult_y15_24,2003,57.6
cyp,sex_m,age_ythadult_y15_24,2004,56.2
cyp,sex_m,age_ythadult_y15_24,2005,53.4
cyp,sex_m,age_ythadult_y15_24,2006,55
cyp,sex_m,age_ythadult_y15_24,2007,56.1
cyp,sex_m,age_ythadult_y15_24,2008,56.9
cyp,sex_m,age_ythadult_y15_24,2009,57.9
cyp,sex_m,age_ythadult_y15_24,2010,59.1
cyp,sex_m,age_ythadult_y15_24,2011,58.6
cyp,sex_m,age_ythadult_y15_24,2012,57.2
cyp,sex_m,age_ythadult_y15_24,2013,59.2
cyp,sex_m,age_ythadult_y15_24,2014,58.8
cyp,sex_m,age_ythadult_y15_24,2015,63.2
cyp,sex_m,age_ythadult_y15_24,2016,64.2
cyp,sex_m,age_ythadult_y15_24,2017,66.8
cyp,sex_m,age_ythadult_y15_24,2018,63.5
cyp,sex_m,age_ythadult_y15_24,2019,62.3
cyp,sex_m,age_ythadult_y15_64,1976,33.08
cyp,sex_m,age_ythadult_y15_64,1988,10.48
cyp,sex_m,age_ythadult_y15_64,1989,8.77
cyp,sex_m,age_ythadult_y15_64,1990,9.32
cyp,sex_m,age_ythadult_y15_64,1991,10.25
cyp,sex_m,age_ythadult_y15_64,1992,14.76
cyp,sex_m,age_ythadult_y15_64,1995,12.71
cyp,sex_m,age_ythadult_y15_64,2000,18.7
cyp,sex_m,age_ythadult_y15_64,2001,18.4
cyp,sex_m,age_ythadult_y15_64,2002,19
cyp,sex_m,age_ythadult_y15_64,2003,17.9
cyp,sex_m,age_ythadult_y15_64,2004,17.1
cyp,sex_m,age_ythadult_y15_64,2005,17.1
cyp,sex_m,age_ythadult_y15_64,2006,17.3
cyp,sex_m,age_ythadult_y15_64,2007,17.1
cyp,sex_m,age_ythadult_y15_64,2008,18
cyp,sex_m,age_ythadult_y15_64,2009,19.3
cyp,sex_m,age_ythadult_y15_64,2010,19.6
cyp,sex_m,age_ythadult_y15_64,2011,19.6
cyp,sex_m,age_ythadult_y15_64,2012,19.3
cyp,sex_m,age_ythadult_y15_64,2013,19.4
cyp,sex_m,age_ythadult_y15_64,2014,20
cyp,sex_m,age_ythadult_y15_64,2015,21.2
cyp,sex_m,age_ythadult_y15_64,2016,21.3
cyp,sex_m,age_ythadult_y15_64,2017,21.2
cyp,sex_m,age_ythadult_y15_64,2018,20.1
cyp,sex_m,age_ythadult_y15_64,2019,18.5
cyp,sex_m,age_ythadult_yge15,1960,9.57
cyp,sex_m,age_ythadult_yge15,1976,39.37
cyp,sex_m,age_ythadult_yge15,1978,56.2
cyp,sex_m,age_ythadult_yge15,1984,52.95
cyp,sex_m,age_ythadult_yge15,1985,40.07
cyp,sex_m,age_ythadult_yge15,1987,39.85
cyp,sex_m,age_ythadult_yge15,1988,18.33
cyp,sex_m,age_ythadult_yge15,1989,17.42
cyp,sex_m,age_ythadult_yge15,1990,17.71
cyp,sex_m,age_ythadult_yge15,1991,17.87
cyp,sex_m,age_ythadult_yge15,1992,24.14
cyp,sex_m,age_ythadult_yge15,1995,22.04
cyp,sex_m,age_ythadult_yge15,2000,27.5
cyp,sex_m,age_ythadult_yge15,2001,27.4
cyp,sex_m,age_ythadult_yge15,2002,27.8
cyp,sex_m,age_ythadult_yge15,2003,26.6
cyp,sex_m,age_ythadult_yge15,2004,26.6
cyp,sex_m,age_ythadult_yge15,2005,26.1
cyp,sex_m,age_ythadult_yge15,2006,26.6
cyp,sex_m,age_ythadult_yge15,2007,26.4
cyp,sex_m,age_ythadult_yge15,2008,26.9
cyp,sex_m,age_ythadult_yge15,2009,28.5
cyp,sex_m,age_ythadult_yge15,2010,28.6
cyp,sex_m,age_ythadult_yge15,2011,29.3
cyp,sex_m,age_ythadult_yge15,2012,29.4
cyp,sex_m,age_ythadult_yge15,2013,29.8
cyp,sex_m,age_ythadult_yge15,2014,30.5
cyp,sex_m,age_ythadult_yge15,2015,32.6
cyp,sex_m,age_ythadult_yge15,2016,33.4
cyp,sex_m,age_ythadult_yge15,2017,33.1
cyp,sex_m,age_ythadult_yge15,2018,32.2
cyp,sex_m,age_ythadult_yge15,2019,31.1
cyp,sex_m,age_ythadult_yge25,1960,5.26
cyp,sex_m,age_ythadult_yge25,1976,35.13
cyp,sex_m,age_ythadult_yge25,1988,15.52
cyp,sex_m,age_ythadult_yge25,1989,15.47
cyp,sex_m,age_ythadult_yge25,1990,15.32
cyp,sex_m,age_ythadult_yge25,1991,15.1
cyp,sex_m,age_ythadult_yge25,1992,19.79
cyp,sex_m,age_ythadult_yge25,1995,17.86
cyp,sex_m,age_ythadult_yge25,2000,21.6
cyp,sex_m,age_ythadult_yge25,2001,21.7
cyp,sex_m,age_ythadult_yge25,2002,21.8
cyp,sex_m,age_ythadult_yge25,2003,20.8
cyp,sex_m,age_ythadult_yge25,2004,21
cyp,sex_m,age_ythadult_yge25,2005,21
cyp,sex_m,age_ythadult_yge25,2006,21.2
cyp,sex_m,age_ythadult_yge25,2007,21.2
cyp,sex_m,age_ythadult_yge25,2008,21.8
cyp,sex_m,age_ythadult_yge25,2009,23
cyp,sex_m,age_ythadult_yge25,2010,22.9
cyp,sex_m,age_ythadult_yge25,2011,24
cyp,sex_m,age_ythadult_yge25,2012,24.4
cyp,sex_m,age_ythadult_yge25,2013,24.5
cyp,sex_m,age_ythadult_yge25,2014,25.4
cyp,sex_m,age_ythadult_yge25,2015,27.5
cyp,sex_m,age_ythadult_yge25,2016,28.3
cyp,sex_m,age_ythadult_yge25,2017,27.6
cyp,sex_m,age_ythadult_yge25,2018,27.1
cyp,sex_m,age_ythadult_yge25,2019,26.5
cyp,sex_t,age_10yrbands_total,1976,55.99
cyp,sex_t,age_10yrbands_total,1988,36.06
cyp,sex_t,age_10yrbands_total,1989,35.2
cyp,sex_t,age_10yrbands_total,1990,34.99
cyp,sex_t,age_10yrbands_total,1991,34.82
cyp,sex_t,age_10yrbands_total,1992,40.65
cyp,sex_t,age_10yrbands_total,1995,37.47
cyp,sex_t,age_10yrbands_total,2000,39.7
cyp,sex_t,age_10yrbands_total,2001,38.3
cyp,sex_t,age_10yrbands_total,2002,38.1
cyp,sex_t,age_10yrbands_total,2003,36.8
cyp,sex_t,age_10yrbands_total,2004,37
cyp,sex_t,age_10yrbands_total,2005,36.8
cyp,sex_t,age_10yrbands_total,2006,36.5
cyp,sex_t,age_10yrbands_total,2007,35.6
cyp,sex_t,age_10yrbands_total,2008,35.8
cyp,sex_t,age_10yrbands_total,2009,36.3
cyp,sex_t,age_10yrbands_total,2010,35.7
cyp,sex_t,age_10yrbands_total,2011,36.3
cyp,sex_t,age_10yrbands_total,2012,36.6
cyp,sex_t,age_10yrbands_total,2013,36.7
cyp,sex_t,age_10yrbands_total,2014,36.3
cyp,sex_t,age_10yrbands_total,2015,37.7
cyp,sex_t,age_10yrbands_total,2016,38.7
cyp,sex_t,age_10yrbands_total,2017,38.4
cyp,sex_t,age_10yrbands_total,2018,37.6
cyp,sex_t,age_10yrbands_total,2019,37
cyp,sex_t,age_10yrbands_y15_24,1976,57.01
cyp,sex_t,age_10yrbands_y15_24,1988,42.06
cyp,sex_t,age_10yrbands_y15_24,1989,37.59
cyp,sex_t,age_10yrbands_y15_24,1990,38.24
cyp,sex_t,age_10yrbands_y15_24,1991,37.58
cyp,sex_t,age_10yrbands_y15_24,1992,48.3
cyp,sex_t,age_10yrbands_y15_24,1995,44.94
cyp,sex_t,age_10yrbands_y15_24,2000,59.2
cyp,sex_t,age_10yrbands_y15_24,2001,57.6
cyp,sex_t,age_10yrbands_y15_24,2002,60.3
cyp,sex_t,age_10yrbands_y15_24,2003,58.8
cyp,sex_t,age_10yrbands_y15_24,2004,59.1
cyp,sex_t,age_10yrbands_y15_24,2005,57.4
cyp,sex_t,age_10yrbands_y15_24,2006,58.5
cyp,sex_t,age_10yrbands_y15_24,2007,58.3
cyp,sex_t,age_10yrbands_y15_24,2008,58.3
cyp,sex_t,age_10yrbands_y15_24,2009,59.6
cyp,sex_t,age_10yrbands_y15_24,2010,59.4
cyp,sex_t,age_10yrbands_y15_24,2011,61.2
cyp,sex_t,age_10yrbands_y15_24,2012,61.1
cyp,sex_t,age_10yrbands_y15_24,2013,61.6
cyp,sex_t,age_10yrbands_y15_24,2014,59.7
cyp,sex_t,age_10yrbands_y15_24,2015,62.1
cyp,sex_t,age_10yrbands_y15_24,2016,62.8
cyp,sex_t,age_10yrbands_y15_24,2017,63.4
cyp,sex_t,age_10yrbands_y15_24,2018,60.8
cyp,sex_t,age_10yrbands_y15_24,2019,61.2
cyp,sex_t,age_10yrbands_y25_34,1976,45.98
cyp,sex_t,age_10yrbands_y25_34,1988,22.32
cyp,sex_t,age_10yrbands_y25_34,1989,19.69
cyp,sex_t,age_10yrbands_y25_34,1990,19.13
cyp,sex_t,age_10yrbands_y25_34,1991,20.1
cyp,sex_t,age_10yrbands_y25_34,1992,22.12
cyp,sex_t,age_10yrbands_y25_34,1995,17.3
cyp,sex_t,age_10yrbands_y25_34,2000,14.46
cyp,sex_t,age_10yrbands_y25_34,2001,12.76
cyp,sex_t,age_10yrbands_y25_34,2002,11.35
cyp,sex_t,age_10yrbands_y25_34,2003,11.43
cyp,sex_t,age_10yrbands_y25_34,2004,11.28
cyp,sex_t,age_10yrbands_y25_34,2005,11.61
cyp,sex_t,age_10yrbands_y25_34,2006,11.1
cyp,sex_t,age_10yrbands_y25_34,2007,10.98
cyp,sex_t,age_10yrbands_y25_34,2008,11.43
cyp,sex_t,age_10yrbands_y25_34,2009,12.23
cyp,sex_t,age_10yrbands_y25_34,2010,11.22
cyp,sex_t,age_10yrbands_y25_34,2011,11.05
cyp,sex_t,age_10yrbands_y25_34,2012,10.95
cyp,sex_t,age_10yrbands_y25_34,2013,9.64
cyp,sex_t,age_10yrbands_y25_34,2014,9.17
cyp,sex_t,age_10yrbands_y25_34,2015,10.3
cyp,sex_t,age_10yrbands_y25_34,2016,11.94
cyp,sex_t,age_10yrbands_y25_34,2017,11.64
cyp,sex_t,age_10yrbands_y25_34,2018,12.9
cyp,sex_t,age_10yrbands_y25_34,2019,11.49
cyp,sex_t,age_10yrbands_y35_44,1988,20.57
cyp,sex_t,age_10yrbands_y35_44,1989,18.85
cyp,sex_t,age_10yrbands_y35_44,1990,18.43
cyp,sex_t,age_10yrbands_y35_44,1991,18.65
cyp,sex_t,age_10yrbands_y35_44,1992,20.92
cyp,sex_t,age_10yrbands_y35_44,1995,17.2
cyp,sex_t,age_10yrbands_y35_44,2000,17.57
cyp,sex_t,age_10yrbands_y35_44,2001,16.62
cyp,sex_t,age_10yrbands_y35_44,2002,14.59
cyp,sex_t,age_10yrbands_y35_44,2003,13.06
cyp,sex_t,age_10yrbands_y35_44,2004,12.67
cyp,sex_t,age_10yrbands_y35_44,2005,13.2
cyp,sex_t,age_10yrbands_y35_44,2006,12.47
cyp,sex_t,age_10yrbands_y35_44,2007,12.23
cyp,sex_t,age_10yrbands_y35_44,2008,12.76
cyp,sex_t,age_10yrbands_y35_44,2009,11.85
cyp,sex_t,age_10yrbands_y35_44,2010,10.83
cyp,sex_t,age_10yrbands_y35_44,2011,10.92
cyp,sex_t,age_10yrbands_y35_44,2012,11.24
cyp,sex_t,age_10yrbands_y35_44,2013,11.41
cyp,sex_t,age_10yrbands_y35_44,2014,10.56
cyp,sex_t,age_10yrbands_y35_44,2015,10.5
cyp,sex_t,age_10yrbands_y35_44,2016,11.44
cyp,sex_t,age_10yrbands_y35_44,2017,10.68
cyp,sex_t,age_10yrbands_y35_44,2018,10.12
cyp,sex_t,age_10yrbands_y35_44,2019,10.13
cyp,sex_t,age_10yrbands_y45_54,1976,47.84
cyp,sex_t,age_10yrbands_y45_54,1988,23.5
cyp,sex_t,age_10yrbands_y45_54,1989,24.2
cyp,sex_t,age_10yrbands_y45_54,1990,23.97
cyp,sex_t,age_10yrbands_y45_54,1991,23.44
cyp,sex_t,age_10yrbands_y45_54,1992,27.59
cyp,sex_t,age_10yrbands_y45_54,1995,24.47
cyp,sex_t,age_10yrbands_y45_54,2000,23.71
cyp,sex_t,age_10yrbands_y45_54,2001,20.9
cyp,sex_t,age_10yrbands_y45_54,2002,20.9
cyp,sex_t,age_10yrbands_y45_54,2003,19.04
cyp,sex_t,age_10yrbands_y45_54,2004,18.06
cyp,sex_t,age_10yrbands_y45_54,2005,18.62
cyp,sex_t,age_10yrbands_y45_54,2006,18.33
cyp,sex_t,age_10yrbands_y45_54,2007,17.01
cyp,sex_t,age_10yrbands_y45_54,2008,16.79
cyp,sex_t,age_10yrbands_y45_54,2009,17.36
cyp,sex_t,age_10yrbands_y45_54,2010,17.68
cyp,sex_t,age_10yrbands_y45_54,2011,16.75
cyp,sex_t,age_10yrbands_y45_54,2012,15.58
cyp,sex_t,age_10yrbands_y45_54,2013,16.59
cyp,sex_t,age_10yrbands_y45_54,2014,15.65
cyp,sex_t,age_10yrbands_y45_54,2015,15.92
cyp,sex_t,age_10yrbands_y45_54,2016,16.79
cyp,sex_t,age_10yrbands_y45_54,2017,15.61
cyp,sex_t,age_10yrbands_y45_54,2018,15.59
cyp,sex_t,age_10yrbands_y45_54,2019,13.75
cyp,sex_t,age_10yrbands_y55_64,1976,54.76
cyp,sex_t,age_10yrbands_y55_64,1988,37.61
cyp,sex_t,age_10yrbands_y55_64,1989,42.63
cyp,sex_t,age_10yrbands_y55_64,1990,42.79
cyp,sex_t,age_10yrbands_y55_64,1991,42
cyp,sex_t,age_10yrbands_y55_64,1992,48.81
cyp,sex_t,age_10yrbands_y55_64,1995,45.74
cyp,sex_t,age_10yrbands_y55_64,2000,48.8
cyp,sex_t,age_10yrbands_y55_64,2001,48.1
cyp,sex_t,age_10yrbands_y55_64,2002,49.1
cyp,sex_t,age_10yrbands_y55_64,2003,47.5
cyp,sex_t,age_10yrbands_y55_64,2004,45.8
cyp,sex_t,age_10yrbands_y55_64,2005,47.6
cyp,sex_t,age_10yrbands_y55_64,2006,44.5
cyp,sex_t,age_10yrbands_y55_64,2007,42.3
cyp,sex_t,age_10yrbands_y55_64,2008,43.4
cyp,sex_t,age_10yrbands_y55_64,2009,41.8
cyp,sex_t,age_10yrbands_y55_64,2010,40.9
cyp,sex_t,age_10yrbands_y55_64,2011,42.4
cyp,sex_t,age_10yrbands_y55_64,2012,43.9
cyp,sex_t,age_10yrbands_y55_64,2013,43.4
cyp,sex_t,age_10yrbands_y55_64,2014,44
cyp,sex_t,age_10yrbands_y55_64,2015,42.6
cyp,sex_t,age_10yrbands_y55_64,2016,41
cyp,sex_t,age_10yrbands_y55_64,2017,40
cyp,sex_t,age_10yrbands_y55_64,2018,35.3
cyp,sex_t,age_10yrbands_y55_64,2019,34.7
cyp,sex_t,age_10yrbands_yge65,1976,88.92
cyp,sex_t,age_10yrbands_yge65,1988,81.39
cyp,sex_t,age_10yrbands_yge65,1989,84.73
cyp,sex_t,age_10yrbands_yge65,1990,84.85
cyp,sex_t,age_10yrbands_yge65,1991,84.1
cyp,sex_t,age_10yrbands_yge65,1992,90.42
cyp,sex_t,age_10yrbands_yge65,1995,89.51
cyp,sex_t,age_10yrbands_yge65,2000,89.7
cyp,sex_t,age_10yrbands_yge65,2001,89.2
cyp,sex_t,age_10yrbands_yge65,2002,89.1
cyp,sex_t,age_10yrbands_yge65,2003,87.6
cyp,sex_t,age_10yrbands_yge65,2004,89.1
cyp,sex_t,age_10yrbands_yge65,2005,88.5
cyp,sex_t,age_10yrbands_yge65,2006,89.9
cyp,sex_t,age_10yrbands_yge65,2007,89.1
cyp,sex_t,age_10yrbands_yge65,2008,87.7
cyp,sex_t,age_10yrbands_yge65,2009,87.6
cyp,sex_t,age_10yrbands_yge65,2010,87.1
cyp,sex_t,age_10yrbands_yge65,2011,88.8
cyp,sex_t,age_10yrbands_yge65,2012,90.4
cyp,sex_t,age_10yrbands_yge65,2013,91.7
cyp,sex_t,age_10yrbands_yge65,2014,92.7
cyp,sex_t,age_10yrbands_yge65,2015,92.9
cyp,sex_t,age_10yrbands_yge65,2016,92.5
cyp,sex_t,age_10yrbands_yge65,2017,92.3
cyp,sex_t,age_10yrbands_yge65,2018,91.5
cyp,sex_t,age_10yrbands_yge65,2019,90.6
cyp,sex_t,age_5yrbands_total,1976,55.99
cyp,sex_t,age_5yrbands_total,1988,52.5
cyp,sex_t,age_5yrbands_total,1989,51.9
cyp,sex_t,age_5yrbands_total,1990,51.9
cyp,sex_t,age_5yrbands_total,1991,51.8
cyp,sex_t,age_5yrbands_total,1992,40.65
cyp,sex_t,age_5yrbands_total,1995,53
cyp,sex_t,age_5yrbands_total,2000,39.7
cyp,sex_t,age_5yrbands_total,2001,38.3
cyp,sex_t,age_5yrbands_total,2002,38.1
cyp,sex_t,age_5yrbands_total,2003,36.8
cyp,sex_t,age_5yrbands_total,2004,37
cyp,sex_t,age_5yrbands_total,2005,36.8
cyp,sex_t,age_5yrbands_total,2006,36.5
cyp,sex_t,age_5yrbands_total,2007,35.6
cyp,sex_t,age_5yrbands_total,2008,35.8
cyp,sex_t,age_5yrbands_total,2009,36.3
cyp,sex_t,age_5yrbands_total,2010,35.7
cyp,sex_t,age_5yrbands_total,2011,36.3
cyp,sex_t,age_5yrbands_total,2012,36.6
cyp,sex_t,age_5yrbands_total,2013,36.7
cyp,sex_t,age_5yrbands_total,2014,36.3
cyp,sex_t,age_5yrbands_total,2015,37.7
cyp,sex_t,age_5yrbands_total,2016,38.7
cyp,sex_t,age_5yrbands_total,2017,38.4
cyp,sex_t,age_5yrbands_total,2018,37.6
cyp,sex_t,age_5yrbands_total,2019,37
cyp,sex_t,age_5yrbands_y15_19,1976,67.12
cyp,sex_t,age_5yrbands_y15_19,1988,57.2
cyp,sex_t,age_5yrbands_y15_19,1989,49.6
cyp,sex_t,age_5yrbands_y15_19,1990,50.5
cyp,sex_t,age_5yrbands_y15_19,1991,54.7
cyp,sex_t,age_5yrbands_y15_19,1992,66
cyp,sex_t,age_5yrbands_y15_19,1995,63
cyp,sex_t,age_5yrbands_y15_19,2000,88.7
cyp,sex_t,age_5yrbands_y15_19,2001,86.5
cyp,sex_t,age_5yrbands_y15_19,2002,90.3
cyp,sex_t,age_5yrbands_y15_19,2003,89.6
cyp,sex_t,age_5yrbands_y15_19,2004,89
cyp,sex_t,age_5yrbands_y15_19,2005,90.1
cyp,sex_t,age_5yrbands_y15_19,2006,91.5
cyp,sex_t,age_5yrbands_y15_19,2007,90.5
cyp,sex_t,age_5yrbands_y15_19,2008,89.1
cyp,sex_t,age_5yrbands_y15_19,2009,91.1
cyp,sex_t,age_5yrbands_y15_19,2010,90.9
cyp,sex_t,age_5yrbands_y15_19,2011,92.1
cyp,sex_t,age_5yrbands_y15_19,2012,92.5
cyp,sex_t,age_5yrbands_y15_19,2013,93.4
cyp,sex_t,age_5yrbands_y15_19,2014,92.5
cyp,sex_t,age_5yrbands_y15_19,2015,92.5
cyp,sex_t,age_5yrbands_y15_19,2016,92
cyp,sex_t,age_5yrbands_y15_19,2017,93
cyp,sex_t,age_5yrbands_y15_19,2018,91.4
cyp,sex_t,age_5yrbands_y15_19,2019,90.1
cyp,sex_t,age_5yrbands_y20_24,1976,45.76
cyp,sex_t,age_5yrbands_y20_24,1988,28.3
cyp,sex_t,age_5yrbands_y20_24,1989,26.1
cyp,sex_t,age_5yrbands_y20_24,1990,26.7
cyp,sex_t,age_5yrbands_y20_24,1991,21.2
cyp,sex_t,age_5yrbands_y20_24,1992,31.07
cyp,sex_t,age_5yrbands_y20_24,1995,25.5
cyp,sex_t,age_5yrbands_y20_24,2000,27.4
cyp,sex_t,age_5yrbands_y20_24,2001,27.4
cyp,sex_t,age_5yrbands_y20_24,2002,29.1
cyp,sex_t,age_5yrbands_y20_24,2003,28.5
cyp,sex_t,age_5yrbands_y20_24,2004,28.9
cyp,sex_t,age_5yrbands_y20_24,2005,28.4
cyp,sex_t,age_5yrbands_y20_24,2006,28
cyp,sex_t,age_5yrbands_y20_24,2007,29.9
cyp,sex_t,age_5yrbands_y20_24,2008,30.3
cyp,sex_t,age_5yrbands_y20_24,2009,29.2
cyp,sex_t,age_5yrbands_y20_24,2010,30.6
cyp,sex_t,age_5yrbands_y20_24,2011,34.2
cyp,sex_t,age_5yrbands_y20_24,2012,34.2
cyp,sex_t,age_5yrbands_y20_24,2013,34.2
cyp,sex_t,age_5yrbands_y20_24,2014,31.2
cyp,sex_t,age_5yrbands_y20_24,2015,35.5
cyp,sex_t,age_5yrbands_y20_24,2016,38.1
cyp,sex_t,age_5yrbands_y20_24,2017,38.4
cyp,sex_t,age_5yrbands_y20_24,2018,34.6
cyp,sex_t,age_5yrbands_y20_24,2019,36.3
cyp,sex_t,age_5yrbands_y25_29,1976,44.66
cyp,sex_t,age_5yrbands_y25_29,1988,23.8
cyp,sex_t,age_5yrbands_y25_29,1989,21.2
cyp,sex_t,age_5yrbands_y25_29,1990,20.6
cyp,sex_t,age_5yrbands_y25_29,1991,23.3
cyp,sex_t,age_5yrbands_y25_29,1992,23.28
cyp,sex_t,age_5yrbands_y25_29,1995,17.5
cyp,sex_t,age_5yrbands_y25_29,2000,13.8
cyp,sex_t,age_5yrbands_y25_29,2001,13.7
cyp,sex_t,age_5yrbands_y25_29,2002,10.6
cyp,sex_t,age_5yrbands_y25_29,2003,12.4
cyp,sex_t,age_5yrbands_y25_29,2004,10.9
cyp,sex_t,age_5yrbands_y25_29,2005,11.5
cyp,sex_t,age_5yrbands_y25_29,2006,12
cyp,sex_t,age_5yrbands_y25_29,2007,12.2
cyp,sex_t,age_5yrbands_y25_29,2008,14.1
cyp,sex_t,age_5yrbands_y25_29,2009,14.1
cyp,sex_t,age_5yrbands_y25_29,2010,12.5
cyp,sex_t,age_5yrbands_y25_29,2011,11.8
cyp,sex_t,age_5yrbands_y25_29,2012,11.7
cyp,sex_t,age_5yrbands_y25_29,2013,10.1
cyp,sex_t,age_5yrbands_y25_29,2014,9.8
cyp,sex_t,age_5yrbands_y25_29,2015,11.4
cyp,sex_t,age_5yrbands_y25_29,2016,12.4
cyp,sex_t,age_5yrbands_y25_29,2017,12.7
cyp,sex_t,age_5yrbands_y25_29,2018,14.2
cyp,sex_t,age_5yrbands_y25_29,2019,11.7
cyp,sex_t,age_5yrbands_y30_34,1976,46.61
cyp,sex_t,age_5yrbands_y30_34,1988,20.6
cyp,sex_t,age_5yrbands_y30_34,1989,18.1
cyp,sex_t,age_5yrbands_y30_34,1990,17.7
cyp,sex_t,age_5yrbands_y30_34,1991,17.1
cyp,sex_t,age_5yrbands_y30_34,1992,21.03
cyp,sex_t,age_5yrbands_y30_34,1995,17.1
cyp,sex_t,age_5yrbands_y30_34,2000,15.1
cyp,sex_t,age_5yrbands_y30_34,2001,11.8
cyp,sex_t,age_5yrbands_y30_34,2002,12.1
cyp,sex_t,age_5yrbands_y30_34,2003,10.4
cyp,sex_t,age_5yrbands_y30_34,2004,11.7
cyp,sex_t,age_5yrbands_y30_34,2005,11.8
cyp,sex_t,age_5yrbands_y30_34,2006,10.2
cyp,sex_t,age_5yrbands_y30_34,2007,9.6
cyp,sex_t,age_5yrbands_y30_34,2008,8.5
cyp,sex_t,age_5yrbands_y30_34,2009,10.1
cyp,sex_t,age_5yrbands_y30_34,2010,9.9
cyp,sex_t,age_5yrbands_y30_34,2011,10.2
cyp,sex_t,age_5yrbands_y30_34,2012,10.2
cyp,sex_t,age_5yrbands_y30_34,2013,9.1
cyp,sex_t,age_5yrbands_y30_34,2014,8.5
cyp,sex_t,age_5yrbands_y30_34,2015,9.2
cyp,sex_t,age_5yrbands_y30_34,2016,11.5
cyp,sex_t,age_5yrbands_y30_34,2017,10.5
cyp,sex_t,age_5yrbands_y30_34,2018,11.6
cyp,sex_t,age_5yrbands_y30_34,2019,11.3
cyp,sex_t,age_5yrbands_y35_39,1988,19.7
cyp,sex_t,age_5yrbands_y35_39,1989,18.8
cyp,sex_t,age_5yrbands_y35_39,1990,18.2
cyp,sex_t,age_5yrbands_y35_39,1991,17.7
cyp,sex_t,age_5yrbands_y35_39,1992,20.59
cyp,sex_t,age_5yrbands_y35_39,1995,16.9
cyp,sex_t,age_5yrbands_y35_39,2000,18
cyp,sex_t,age_5yrbands_y35_39,2001,16.7
cyp,sex_t,age_5yrbands_y35_39,2002,13.1
cyp,sex_t,age_5yrbands_y35_39,2003,12.4
cyp,sex_t,age_5yrbands_y35_39,2004,12.2
cyp,sex_t,age_5yrbands_y35_39,2005,13.6
cyp,sex_t,age_5yrbands_y35_39,2006,12
cyp,sex_t,age_5yrbands_y35_39,2007,11.8
cyp,sex_t,age_5yrbands_y35_39,2008,12.9
cyp,sex_t,age_5yrbands_y35_39,2009,11.5
cyp,sex_t,age_5yrbands_y35_39,2010,10.5
cyp,sex_t,age_5yrbands_y35_39,2011,10
cyp,sex_t,age_5yrbands_y35_39,2012,11.1
cyp,sex_t,age_5yrbands_y35_39,2013,10.2
cyp,sex_t,age_5yrbands_y35_39,2014,8.8
cyp,sex_t,age_5yrbands_y35_39,2015,9.8
cyp,sex_t,age_5yrbands_y35_39,2016,10
cyp,sex_t,age_5yrbands_y35_39,2017,9.9
cyp,sex_t,age_5yrbands_y35_39,2018,9.6
cyp,sex_t,age_5yrbands_y35_39,2019,10
cyp,sex_t,age_5yrbands_y40_44,1988,21.4
cyp,sex_t,age_5yrbands_y40_44,1989,18.9
cyp,sex_t,age_5yrbands_y40_44,1990,18.7
cyp,sex_t,age_5yrbands_y40_44,1991,19.7
cyp,sex_t,age_5yrbands_y40_44,1992,21.28
cyp,sex_t,age_5yrbands_y40_44,1995,17.6
cyp,sex_t,age_5yrbands_y40_44,2000,17.1
cyp,sex_t,age_5yrbands_y40_44,2001,16.5
cyp,sex_t,age_5yrbands_y40_44,2002,16.1
cyp,sex_t,age_5yrbands_y40_44,2003,13.7
cyp,sex_t,age_5yrbands_y40_44,2004,13.1
cyp,sex_t,age_5yrbands_y40_44,2005,12.8
cyp,sex_t,age_5yrbands_y40_44,2006,13
cyp,sex_t,age_5yrbands_y40_44,2007,12.6
cyp,sex_t,age_5yrbands_y40_44,2008,12.7
cyp,sex_t,age_5yrbands_y40_44,2009,12.2
cyp,sex_t,age_5yrbands_y40_44,2010,11.2
cyp,sex_t,age_5yrbands_y40_44,2011,11.9
cyp,sex_t,age_5yrbands_y40_44,2012,11.4
cyp,sex_t,age_5yrbands_y40_44,2013,12.7
cyp,sex_t,age_5yrbands_y40_44,2014,12.4
cyp,sex_t,age_5yrbands_y40_44,2015,11.3
cyp,sex_t,age_5yrbands_y40_44,2016,13
cyp,sex_t,age_5yrbands_y40_44,2017,11.6
cyp,sex_t,age_5yrbands_y40_44,2018,10.7
cyp,sex_t,age_5yrbands_y40_44,2019,10.2
cyp,sex_t,age_5yrbands_y45_49,1976,47.39
cyp,sex_t,age_5yrbands_y45_49,1988,20.9
cyp,sex_t,age_5yrbands_y45_49,1989,21.2
cyp,sex_t,age_5yrbands_y45_49,1990,21.2
cyp,sex_t,age_5yrbands_y45_49,1991,21.1
cyp,sex_t,age_5yrbands_y45_49,1992,24.52
cyp,sex_t,age_5yrbands_y45_49,1995,21.4
cyp,sex_t,age_5yrbands_y45_49,2000,21.4
cyp,sex_t,age_5yrbands_y45_49,2001,17.1
cyp,sex_t,age_5yrbands_y45_49,2002,18.4
cyp,sex_t,age_5yrbands_y45_49,2003,17.8
cyp,sex_t,age_5yrbands_y45_49,2004,17.1
cyp,sex_t,age_5yrbands_y45_49,2005,16.2
cyp,sex_t,age_5yrbands_y45_49,2006,14.8
cyp,sex_t,age_5yrbands_y45_49,2007,14.9
cyp,sex_t,age_5yrbands_y45_49,2008,14.6
cyp,sex_t,age_5yrbands_y45_49,2009,15.5
cyp,sex_t,age_5yrbands_y45_49,2010,14.9
cyp,sex_t,age_5yrbands_y45_49,2011,13.6
cyp,sex_t,age_5yrbands_y45_49,2012,13.2
cyp,sex_t,age_5yrbands_y45_49,2013,12.8
cyp,sex_t,age_5yrbands_y45_49,2014,12.6
cyp,sex_t,age_5yrbands_y45_49,2015,14.3
cyp,sex_t,age_5yrbands_y45_49,2016,13.6
cyp,sex_t,age_5yrbands_y45_49,2017,12.8
cyp,sex_t,age_5yrbands_y45_49,2018,12.3
cyp,sex_t,age_5yrbands_y45_49,2019,9.6
cyp,sex_t,age_5yrbands_y50_54,1976,48.29
cyp,sex_t,age_5yrbands_y50_54,1988,26.3
cyp,sex_t,age_5yrbands_y50_54,1989,27.5
cyp,sex_t,age_5yrbands_y50_54,1990,26.8
cyp,sex_t,age_5yrbands_y50_54,1991,26
cyp,sex_t,age_5yrbands_y50_54,1992,31.43
cyp,sex_t,age_5yrbands_y50_54,1995,28.1
cyp,sex_t,age_5yrbands_y50_54,2000,26.2
cyp,sex_t,age_5yrbands_y50_54,2001,24.9
cyp,sex_t,age_5yrbands_y50_54,2002,23.6
cyp,sex_t,age_5yrbands_y50_54,2003,20.3
cyp,sex_t,age_5yrbands_y50_54,2004,19.1
cyp,sex_t,age_5yrbands_y50_54,2005,21.4
cyp,sex_t,age_5yrbands_y50_54,2006,22.3
cyp,sex_t,age_5yrbands_y50_54,2007,19.4
cyp,sex_t,age_5yrbands_y50_54,2008,19.3
cyp,sex_t,age_5yrbands_y50_54,2009,19.4
cyp,sex_t,age_5yrbands_y50_54,2010,20.6
cyp,sex_t,age_5yrbands_y50_54,2011,19.9
cyp,sex_t,age_5yrbands_y50_54,2012,18
cyp,sex_t,age_5yrbands_y50_54,2013,20.4
cyp,sex_t,age_5yrbands_y50_54,2014,18.8
cyp,sex_t,age_5yrbands_y50_54,2015,17.6
cyp,sex_t,age_5yrbands_y50_54,2016,19.9
cyp,sex_t,age_5yrbands_y50_54,2017,18.4
cyp,sex_t,age_5yrbands_y50_54,2018,18.9
cyp,sex_t,age_5yrbands_y50_54,2019,18
cyp,sex_t,age_5yrbands_y55_59,1976,50.98
cyp,sex_t,age_5yrbands_y55_59,1988,32.1
cyp,sex_t,age_5yrbands_y55_59,1989,35
cyp,sex_t,age_5yrbands_y55_59,1990,35.4
cyp,sex_t,age_5yrbands_y55_59,1991,35.5
cyp,sex_t,age_5yrbands_y55_59,1992,40.12
cyp,sex_t,age_5yrbands_y55_59,1995,37
cyp,sex_t,age_5yrbands_y55_59,2000,37.2
cyp,sex_t,age_5yrbands_y55_59,2001,37.2
cyp,sex_t,age_5yrbands_y55_59,2002,38.1
cyp,sex_t,age_5yrbands_y55_59,2003,38.2
cyp,sex_t,age_5yrbands_y55_59,2004,37.2
cyp,sex_t,age_5yrbands_y55_59,2005,36.9
cyp,sex_t,age_5yrbands_y55_59,2006,34.9
cyp,sex_t,age_5yrbands_y55_59,2007,32.6
cyp,sex_t,age_5yrbands_y55_59,2008,31.6
cyp,sex_t,age_5yrbands_y55_59,2009,31.2
cyp,sex_t,age_5yrbands_y55_59,2010,27
cyp,sex_t,age_5yrbands_y55_59,2011,30.2
cyp,sex_t,age_5yrbands_y55_59,2012,28.9
cyp,sex_t,age_5yrbands_y55_59,2013,28.9
cyp,sex_t,age_5yrbands_y55_59,2014,31.1
cyp,sex_t,age_5yrbands_y55_59,2015,31
cyp,sex_t,age_5yrbands_y55_59,2016,30.8
cyp,sex_t,age_5yrbands_y55_59,2017,29.9
cyp,sex_t,age_5yrbands_y55_59,2018,26.7
cyp,sex_t,age_5yrbands_y55_59,2019,26.4
cyp,sex_t,age_5yrbands_y60_64,1976,58.23
cyp,sex_t,age_5yrbands_y60_64,1988,43.8
cyp,sex_t,age_5yrbands_y60_64,1989,51.2
cyp,sex_t,age_5yrbands_y60_64,1990,50.7
cyp,sex_t,age_5yrbands_y60_64,1991,49.3
cyp,sex_t,age_5yrbands_y60_64,1992,58.46
cyp,sex_t,age_5yrbands_y60_64,1995,55.5
cyp,sex_t,age_5yrbands_y60_64,2000,63.4
cyp,sex_t,age_5yrbands_y60_64,2001,60.3
cyp,sex_t,age_5yrbands_y60_64,2002,61.4
cyp,sex_t,age_5yrbands_y60_64,2003,58.3
cyp,sex_t,age_5yrbands_y60_64,2004,55.9
cyp,sex_t,age_5yrbands_y60_64,2005,60.5
cyp,sex_t,age_5yrbands_y60_64,2006,56.3
cyp,sex_t,age_5yrbands_y60_64,2007,54.4
cyp,sex_t,age_5yrbands_y60_64,2008,57.8
cyp,sex_t,age_5yrbands_y60_64,2009,53.6
cyp,sex_t,age_5yrbands_y60_64,2010,55.6
cyp,sex_t,age_5yrbands_y60_64,2011,55.2
cyp,sex_t,age_5yrbands_y60_64,2012,59.6
cyp,sex_t,age_5yrbands_y60_64,2013,58.6
cyp,sex_t,age_5yrbands_y60_64,2014,57.5
cyp,sex_t,age_5yrbands_y60_64,2015,55.4
cyp,sex_t,age_5yrbands_y60_64,2016,52.4
cyp,sex_t,age_5yrbands_y60_64,2017,51.2
cyp,sex_t,age_5yrbands_y60_64,2018,45.1
cyp,sex_t,age_5yrbands_y60_64,2019,43.7
cyp,sex_t,age_5yrbands_yge65,1976,88.92
cyp,sex_t,age_5yrbands_yge65,1988,81.4
cyp,sex_t,age_5yrbands_yge65,1989,84.7
cyp,sex_t,age_5yrbands_yge65,1990,84.9
cyp,sex_t,age_5yrbands_yge65,1991,84.1
cyp,sex_t,age_5yrbands_yge65,1992,90.42
cyp,sex_t,age_5yrbands_yge65,1995,81.9
cyp,sex_t,age_5yrbands_yge65,2000,89.7
cyp,sex_t,age_5yrbands_yge65,2001,89.2
cyp,sex_t,age_5yrbands_yge65,2002,89.1
cyp,sex_t,age_5yrbands_yge65,2003,87.6
cyp,sex_t,age_5yrbands_yge65,2004,89.1
cyp,sex_t,age_5yrbands_yge65,2005,88.5
cyp,sex_t,age_5yrbands_yge65,2006,89.9
cyp,sex_t,age_5yrbands_yge65,2007,89.1
cyp,sex_t,age_5yrbands_yge65,2008,87.7
cyp,sex_t,age_5yrbands_yge65,2009,87.6
cyp,sex_t,age_5yrbands_yge65,2010,87.1
cyp,sex_t,age_5yrbands_yge65,2011,88.8
cyp,sex_t,age_5yrbands_yge65,2012,90.4
cyp,sex_t,age_5yrbands_yge65,2013,91.7
cyp,sex_t,age_5yrbands_yge65,2014,92.7
cyp,sex_t,age_5yrbands_yge65,2015,92.9
cyp,sex_t,age_5yrbands_yge65,2016,92.5
cyp,sex_t,age_5yrbands_yge65,2017,92.3
cyp,sex_t,age_5yrbands_yge65,2018,91.5
cyp,sex_t,age_5yrbands_yge65,2019,90.6
cyp,sex_t,age_aggregate_total,1976,55.99
cyp,sex_t,age_aggregate_total,1988,36.06
cyp,sex_t,age_aggregate_total,1989,35.2
cyp,sex_t,age_aggregate_total,1990,34.99
cyp,sex_t,age_aggregate_total,1991,34.82
cyp,sex_t,age_aggregate_total,1992,40.65
cyp,sex_t,age_aggregate_total,1995,37.47
cyp,sex_t,age_aggregate_total,2000,39.7
cyp,sex_t,age_aggregate_total,2001,38.3
cyp,sex_t,age_aggregate_total,2002,38.1
cyp,sex_t,age_aggregate_total,2003,36.8
cyp,sex_t,age_aggregate_total,2004,37
cyp,sex_t,age_aggregate_total,2005,36.8
cyp,sex_t,age_aggregate_total,2006,36.5
cyp,sex_t,age_aggregate_total,2007,35.6
cyp,sex_t,age_aggregate_total,2008,35.8
cyp,sex_t,age_aggregate_total,2009,36.3
cyp,sex_t,age_aggregate_total,2010,35.7
cyp,sex_t,age_aggregate_total,2011,36.3
cyp,sex_t,age_aggregate_total,2012,36.6
cyp,sex_t,age_aggregate_total,2013,36.7
cyp,sex_t,age_aggregate_total,2014,36.3
cyp,sex_t,age_aggregate_total,2015,37.7
cyp,sex_t,age_aggregate_total,2016,38.7
cyp,sex_t,age_aggregate_total,2017,38.4
cyp,sex_t,age_aggregate_total,2018,37.6
cyp,sex_t,age_aggregate_total,2019,37
cyp,sex_t,age_aggregate_y15_24,1976,57.01
cyp,sex_t,age_aggregate_y15_24,1988,42.06
cyp,sex_t,age_aggregate_y15_24,1989,37.59
cyp,sex_t,age_aggregate_y15_24,1990,38.24
cyp,sex_t,age_aggregate_y15_24,1991,37.58
cyp,sex_t,age_aggregate_y15_24,1992,48.3
cyp,sex_t,age_aggregate_y15_24,1995,44.94
cyp,sex_t,age_aggregate_y15_24,2000,59.2
cyp,sex_t,age_aggregate_y15_24,2001,57.6
cyp,sex_t,age_aggregate_y15_24,2002,60.3
cyp,sex_t,age_aggregate_y15_24,2003,58.8
cyp,sex_t,age_aggregate_y15_24,2004,59.1
cyp,sex_t,age_aggregate_y15_24,2005,57.4
cyp,sex_t,age_aggregate_y15_24,2006,58.5
cyp,sex_t,age_aggregate_y15_24,2007,58.3
cyp,sex_t,age_aggregate_y15_24,2008,58.3
cyp,sex_t,age_aggregate_y15_24,2009,59.6
cyp,sex_t,age_aggregate_y15_24,2010,59.4
cyp,sex_t,age_aggregate_y15_24,2011,61.2
cyp,sex_t,age_aggregate_y15_24,2012,61.1
cyp,sex_t,age_aggregate_y15_24,2013,61.6
cyp,sex_t,age_aggregate_y15_24,2014,59.7
cyp,sex_t,age_aggregate_y15_24,2015,62.1
cyp,sex_t,age_aggregate_y15_24,2016,62.8
cyp,sex_t,age_aggregate_y15_24,2017,63.4
cyp,sex_t,age_aggregate_y15_24,2018,60.8
cyp,sex_t,age_aggregate_y15_24,2019,61.2
cyp,sex_t,age_aggregate_y25_54,1976,46.47
cyp,sex_t,age_aggregate_y25_54,1988,22.02
cyp,sex_t,age_aggregate_y25_54,1989,20.55
cyp,sex_t,age_aggregate_y25_54,1990,20.13
cyp,sex_t,age_aggregate_y25_54,1991,20.48
cyp,sex_t,age_aggregate_y25_54,1992,23.18
cyp,sex_t,age_aggregate_y25_54,1995,19.3
cyp,sex_t,age_aggregate_y25_54,2000,18.4
cyp,sex_t,age_aggregate_y25_54,2001,16.6
cyp,sex_t,age_aggregate_y25_54,2002,15.4
cyp,sex_t,age_aggregate_y25_54,2003,14.4
cyp,sex_t,age_aggregate_y25_54,2004,13.9
cyp,sex_t,age_aggregate_y25_54,2005,14.3
cyp,sex_t,age_aggregate_y25_54,2006,13.8
cyp,sex_t,age_aggregate_y25_54,2007,13.3
cyp,sex_t,age_aggregate_y25_54,2008,13.5
cyp,sex_t,age_aggregate_y25_54,2009,13.7
cyp,sex_t,age_aggregate_y25_54,2010,13.1
cyp,sex_t,age_aggregate_y25_54,2011,12.7
cyp,sex_t,age_aggregate_y25_54,2012,12.4
cyp,sex_t,age_aggregate_y25_54,2013,12.3
cyp,sex_t,age_aggregate_y25_54,2014,11.6
cyp,sex_t,age_aggregate_y25_54,2015,12.1
cyp,sex_t,age_aggregate_y25_54,2016,13.2
cyp,sex_t,age_aggregate_y25_54,2017,12.5
cyp,sex_t,age_aggregate_y25_54,2018,12.8
cyp,sex_t,age_aggregate_y25_54,2019,11.7
cyp,sex_t,age_aggregate_y55_64,1976,54.76
cyp,sex_t,age_aggregate_y55_64,1988,37.61
cyp,sex_t,age_aggregate_y55_64,1989,42.63
cyp,sex_t,age_aggregate_y55_64,1990,42.79
cyp,sex_t,age_aggregate_y55_64,1991,42
cyp,sex_t,age_aggregate_y55_64,1992,48.81
cyp,sex_t,age_aggregate_y55_64,1995,45.74
cyp,sex_t,age_aggregate_y55_64,2000,48.8
cyp,sex_t,age_aggregate_y55_64,2001,48.1
cyp,sex_t,age_aggregate_y55_64,2002,49.1
cyp,sex_t,age_aggregate_y55_64,2003,47.5
cyp,sex_t,age_aggregate_y55_64,2004,45.8
cyp,sex_t,age_aggregate_y55_64,2005,47.6
cyp,sex_t,age_aggregate_y55_64,2006,44.5
cyp,sex_t,age_aggregate_y55_64,2007,42.3
cyp,sex_t,age_aggregate_y55_64,2008,43.4
cyp,sex_t,age_aggregate_y55_64,2009,41.8
cyp,sex_t,age_aggregate_y55_64,2010,40.9
cyp,sex_t,age_aggregate_y55_64,2011,42.4
cyp,sex_t,age_aggregate_y55_64,2012,43.9
cyp,sex_t,age_aggregate_y55_64,2013,43.4
cyp,sex_t,age_aggregate_y55_64,2014,44
cyp,sex_t,age_aggregate_y55_64,2015,42.6
cyp,sex_t,age_aggregate_y55_64,2016,41
cyp,sex_t,age_aggregate_y55_64,2017,40
cyp,sex_t,age_aggregate_y55_64,2018,35.3
cyp,sex_t,age_aggregate_y55_64,2019,34.7
cyp,sex_t,age_aggregate_yge65,1976,88.92
cyp,sex_t,age_aggregate_yge65,1988,81.39
cyp,sex_t,age_aggregate_yge65,1989,84.73
cyp,sex_t,age_aggregate_yge65,1990,84.85
cyp,sex_t,age_aggregate_yge65,1991,84.1
cyp,sex_t,age_aggregate_yge65,1992,90.42
cyp,sex_t,age_aggregate_yge65,1995,89.51
cyp,sex_t,age_aggregate_yge65,2000,89.7
cyp,sex_t,age_aggregate_yge65,2001,89.2
cyp,sex_t,age_aggregate_yge65,2002,89.1
cyp,sex_t,age_aggregate_yge65,2003,87.6
cyp,sex_t,age_aggregate_yge65,2004,89.1
cyp,sex_t,age_aggregate_yge65,2005,88.5
cyp,sex_t,age_aggregate_yge65,2006,89.9
cyp,sex_t,age_aggregate_yge65,2007,89.1
cyp,sex_t,age_aggregate_yge65,2008,87.7
cyp,sex_t,age_aggregate_yge65,2009,87.6
cyp,sex_t,age_aggregate_yge65,2010,87.1
cyp,sex_t,age_aggregate_yge65,2011,88.8
cyp,sex_t,age_aggregate_yge65,2012,90.4
cyp,sex_t,age_aggregate_yge65,2013,91.7
cyp,sex_t,age_aggregate_yge65,2014,92.7
cyp,sex_t,age_aggregate_yge65,2015,92.9
cyp,sex_t,age_aggregate_yge65,2016,92.5
cyp,sex_t,age_aggregate_yge65,2017,92.3
cyp,sex_t,age_aggregate_yge65,2018,91.5
cyp,sex_t,age_aggregate_yge65,2019,90.6
cyp,sex_t,age_ythadult_y15_24,1960,40.15
cyp,sex_t,age_ythadult_y15_24,1976,57.01
cyp,sex_t,age_ythadult_y15_24,1988,42.06
cyp,sex_t,age_ythadult_y15_24,1989,37.59
cyp,sex_t,age_ythadult_y15_24,1990,38.24
cyp,sex_t,age_ythadult_y15_24,1991,37.58
cyp,sex_t,age_ythadult_y15_24,1992,48.3
cyp,sex_t,age_ythadult_y15_24,1995,44.94
cyp,sex_t,age_ythadult_y15_24,2000,59.2
cyp,sex_t,age_ythadult_y15_24,2001,57.6
cyp,sex_t,age_ythadult_y15_24,2002,60.3
cyp,sex_t,age_ythadult_y15_24,2003,58.8
cyp,sex_t,age_ythadult_y15_24,2004,59.1
cyp,sex_t,age_ythadult_y15_24,2005,57.4
cyp,sex_t,age_ythadult_y15_24,2006,58.5
cyp,sex_t,age_ythadult_y15_24,2007,58.3
cyp,sex_t,age_ythadult_y15_24,2008,58.3
cyp,sex_t,age_ythadult_y15_24,2009,59.6
cyp,sex_t,age_ythadult_y15_24,2010,59.4
cyp,sex_t,age_ythadult_y15_24,2011,61.2
cyp,sex_t,age_ythadult_y15_24,2012,61.1
cyp,sex_t,age_ythadult_y15_24,2013,61.6
cyp,sex_t,age_ythadult_y15_24,2014,59.7
cyp,sex_t,age_ythadult_y15_24,2015,62.1
cyp,sex_t,age_ythadult_y15_24,2016,62.8
cyp,sex_t,age_ythadult_y15_24,2017,63.4
cyp,sex_t,age_ythadult_y15_24,2018,60.8
cyp,sex_t,age_ythadult_y15_24,2019,61.2
cyp,sex_t,age_ythadult_y15_64,1976,50.85
cyp,sex_t,age_ythadult_y15_64,1988,28.78
cyp,sex_t,age_ythadult_y15_64,1989,27.27
cyp,sex_t,age_ythadult_y15_64,1990,27.11
cyp,sex_t,age_ythadult_y15_64,1991,27.04
cyp,sex_t,age_ythadult_y15_64,1992,32.15
cyp,sex_t,age_ythadult_y15_64,1995,28.46
cyp,sex_t,age_ythadult_y15_64,2000,31.1
cyp,sex_t,age_ythadult_y15_64,2001,29.3
cyp,sex_t,age_ythadult_y15_64,2002,29.1
cyp,sex_t,age_ythadult_y15_64,2003,27.8
cyp,sex_t,age_ythadult_y15_64,2004,27.3
cyp,sex_t,age_ythadult_y15_64,2005,27.6
cyp,sex_t,age_ythadult_y15_64,2006,27
cyp,sex_t,age_ythadult_y15_64,2007,26.1
cyp,sex_t,age_ythadult_y15_64,2008,26.4
cyp,sex_t,age_ythadult_y15_64,2009,27
cyp,sex_t,age_ythadult_y15_64,2010,26.4
cyp,sex_t,age_ythadult_y15_64,2011,26.5
cyp,sex_t,age_ythadult_y15_64,2012,26.5
cyp,sex_t,age_ythadult_y15_64,2013,26.4
cyp,sex_t,age_ythadult_y15_64,2014,25.7
cyp,sex_t,age_ythadult_y15_64,2015,26.1
cyp,sex_t,age_ythadult_y15_64,2016,26.6
cyp,sex_t,age_ythadult_y15_64,2017,26.1
cyp,sex_t,age_ythadult_y15_64,2018,25
cyp,sex_t,age_ythadult_y15_64,2019,24
cyp,sex_t,age_ythadult_yge15,1960,35.34
cyp,sex_t,age_ythadult_yge15,1976,55.99
cyp,sex_t,age_ythadult_yge15,1977,66.61
cyp,sex_t,age_ythadult_yge15,1978,67.28
cyp,sex_t,age_ythadult_yge15,1984,62.97
cyp,sex_t,age_ythadult_yge15,1985,53.96
cyp,sex_t,age_ythadult_yge15,1987,53.28
cyp,sex_t,age_ythadult_yge15,1988,36.06
cyp,sex_t,age_ythadult_yge15,1989,35.2
cyp,sex_t,age_ythadult_yge15,1990,34.99
cyp,sex_t,age_ythadult_yge15,1991,34.82
cyp,sex_t,age_ythadult_yge15,1992,40.72
cyp,sex_t,age_ythadult_yge15,1995,37.47
cyp,sex_t,age_ythadult_yge15,2000,39.7
cyp,sex_t,age_ythadult_yge15,2001,38.3
cyp,sex_t,age_ythadult_yge15,2002,38.1
cyp,sex_t,age_ythadult_yge15,2003,36.8
cyp,sex_t,age_ythadult_yge15,2004,37
cyp,sex_t,age_ythadult_yge15,2005,36.8
cyp,sex_t,age_ythadult_yge15,2006,36.5
cyp,sex_t,age_ythadult_yge15,2007,35.6
cyp,sex_t,age_ythadult_yge15,2008,35.8
cyp,sex_t,age_ythadult_yge15,2009,36.3
cyp,sex_t,age_ythadult_yge15,2010,35.7
cyp,sex_t,age_ythadult_yge15,2011,36.3
cyp,sex_t,age_ythadult_yge15,2012,36.6
cyp,sex_t,age_ythadult_yge15,2013,36.7
cyp,sex_t,age_ythadult_yge15,2014,36.3
cyp,sex_t,age_ythadult_yge15,2015,37.7
cyp,sex_t,age_ythadult_yge15,2016,38.7
cyp,sex_t,age_ythadult_yge15,2017,38.4
cyp,sex_t,age_ythadult_yge15,2018,37.6
cyp,sex_t,age_ythadult_yge15,2019,37
cyp,sex_t,age_ythadult_yge25,1960,33.64
cyp,sex_t,age_ythadult_yge25,1976,55.61
cyp,sex_t,age_ythadult_yge25,1988,34.49
cyp,sex_t,age_ythadult_yge25,1989,34.6
cyp,sex_t,age_ythadult_yge25,1990,34.19
cyp,sex_t,age_ythadult_yge25,1991,34.15
cyp,sex_t,age_ythadult_yge25,1992,38.94
cyp,sex_t,age_ythadult_yge25,1995,35.72
cyp,sex_t,age_ythadult_yge25,2000,35.7
cyp,sex_t,age_ythadult_yge25,2001,34.5
cyp,sex_t,age_ythadult_yge25,2002,33.8
cyp,sex_t,age_ythadult_yge25,2003,32.7
cyp,sex_t,age_ythadult_yge25,2004,32.8
cyp,sex_t,age_ythadult_yge25,2005,32.9
cyp,sex_t,age_ythadult_yge25,2006,32.3
cyp,sex_t,age_ythadult_yge25,2007,31.5
cyp,sex_t,age_ythadult_yge25,2008,31.8
cyp,sex_t,age_ythadult_yge25,2009,31.8
cyp,sex_t,age_ythadult_yge25,2010,31.3
cyp,sex_t,age_ythadult_yge25,2011,31.7
cyp,sex_t,age_ythadult_yge25,2012,32.1
cyp,sex_t,age_ythadult_yge25,2013,32.2
cyp,sex_t,age_ythadult_yge25,2014,32
cyp,sex_t,age_ythadult_yge25,2015,33.6
cyp,sex_t,age_ythadult_yge25,2016,34.8
cyp,sex_t,age_ythadult_yge25,2017,34.3
cyp,sex_t,age_ythadult_yge25,2018,33.9
cyp,sex_t,age_ythadult_yge25,2019,33.4
