ref_area,sex,classif1,time,une_deap_sex_age_rt
arg,sex_f,age_10yrbands_total,2004,15.7447
arg,sex_f,age_10yrbands_total,2005,13.5213
arg,sex_f,age_10yrbands_total,2006,12.3408
arg,sex_f,age_10yrbands_total,2008,9.6801
arg,sex_f,age_10yrbands_total,2009,9.8313
arg,sex_f,age_10yrbands_total,2010,9.1689
arg,sex_f,age_10yrbands_total,2011,8.4851
arg,sex_f,age_10yrbands_total,2012,8.7876
arg,sex_f,age_10yrbands_total,2013,8.4641
arg,sex_f,age_10yrbands_total,2014,8.3618
arg,sex_f,age_10yrbands_total,2017,9.4463
arg,sex_f,age_10yrbands_total,2018,10.5083
arg,sex_f,age_10yrbands_total,2019,10.6905
arg,sex_f,age_10yrbands_y15_24,2004,34.3772
arg,sex_f,age_10yrbands_y15_24,2005,30.6436
arg,sex_f,age_10yrbands_y15_24,2006,29.1471
arg,sex_f,age_10yrbands_y15_24,2008,22.2232
arg,sex_f,age_10yrbands_y15_24,2009,24.6888
arg,sex_f,age_10yrbands_y15_24,2010,23.6247
arg,sex_f,age_10yrbands_y15_24,2011,22.1689
arg,sex_f,age_10yrbands_y15_24,2012,23.0511
arg,sex_f,age_10yrbands_y15_24,2013,23.5093
arg,sex_f,age_10yrbands_y15_24,2014,22.3611
arg,sex_f,age_10yrbands_y15_24,2017,26.8972
arg,sex_f,age_10yrbands_y15_24,2018,27.7736
arg,sex_f,age_10yrbands_y15_24,2019,28.7767
arg,sex_f,age_10yrbands_y25_34,2004,15.0578
arg,sex_f,age_10yrbands_y25_34,2005,13.256
arg,sex_f,age_10yrbands_y25_34,2006,11.2826
arg,sex_f,age_10yrbands_y25_34,2008,10.1867
arg,sex_f,age_10yrbands_y25_34,2009,9.9868
arg,sex_f,age_10yrbands_y25_34,2010,9.0048
arg,sex_f,age_10yrbands_y25_34,2011,9.5163
arg,sex_f,age_10yrbands_y25_34,2012,9.0774
arg,sex_f,age_10yrbands_y25_34,2013,9.8009
arg,sex_f,age_10yrbands_y25_34,2014,9.921
arg,sex_f,age_10yrbands_y25_34,2017,9.7515
arg,sex_f,age_10yrbands_y25_34,2018,11.9415
arg,sex_f,age_10yrbands_y25_34,2019,12.5418
arg,sex_f,age_10yrbands_y35_44,2004,10.5365
arg,sex_f,age_10yrbands_y35_44,2005,8.771
arg,sex_f,age_10yrbands_y35_44,2006,8.554
arg,sex_f,age_10yrbands_y35_44,2008,7.0458
arg,sex_f,age_10yrbands_y35_44,2009,6.7874
arg,sex_f,age_10yrbands_y35_44,2010,6.5244
arg,sex_f,age_10yrbands_y35_44,2011,5.5572
arg,sex_f,age_10yrbands_y35_44,2012,6.6502
arg,sex_f,age_10yrbands_y35_44,2013,5.4758
arg,sex_f,age_10yrbands_y35_44,2014,5.489
arg,sex_f,age_10yrbands_y35_44,2017,6.9686
arg,sex_f,age_10yrbands_y35_44,2018,7.6648
arg,sex_f,age_10yrbands_y35_44,2019,7.8841
arg,sex_f,age_10yrbands_y45_54,2004,9.8192
arg,sex_f,age_10yrbands_y45_54,2005,8.7975
arg,sex_f,age_10yrbands_y45_54,2006,7.7127
arg,sex_f,age_10yrbands_y45_54,2008,5.7763
arg,sex_f,age_10yrbands_y45_54,2009,5.9346
arg,sex_f,age_10yrbands_y45_54,2010,5.8762
arg,sex_f,age_10yrbands_y45_54,2011,4.7835
arg,sex_f,age_10yrbands_y45_54,2012,4.8395
arg,sex_f,age_10yrbands_y45_54,2013,4.7114
arg,sex_f,age_10yrbands_y45_54,2014,4.4661
arg,sex_f,age_10yrbands_y45_54,2017,5.203
arg,sex_f,age_10yrbands_y45_54,2018,6.3823
arg,sex_f,age_10yrbands_y45_54,2019,6.3824
arg,sex_f,age_10yrbands_y55_64,2004,9.0314
arg,sex_f,age_10yrbands_y55_64,2005,8.0432
arg,sex_f,age_10yrbands_y55_64,2006,7.2146
arg,sex_f,age_10yrbands_y55_64,2008,4.7203
arg,sex_f,age_10yrbands_y55_64,2009,4.8272
arg,sex_f,age_10yrbands_y55_64,2010,4.1697
arg,sex_f,age_10yrbands_y55_64,2011,3.492
arg,sex_f,age_10yrbands_y55_64,2012,4.2444
arg,sex_f,age_10yrbands_y55_64,2013,2.9571
arg,sex_f,age_10yrbands_y55_64,2014,3.1581
arg,sex_f,age_10yrbands_y55_64,2017,4.1644
arg,sex_f,age_10yrbands_y55_64,2018,4.1131
arg,sex_f,age_10yrbands_y55_64,2019,4.9412
arg,sex_f,age_10yrbands_yge65,2004,10.7506
arg,sex_f,age_10yrbands_yge65,2005,8.4316
arg,sex_f,age_10yrbands_yge65,2006,5.4214
arg,sex_f,age_10yrbands_yge65,2008,4.3421
arg,sex_f,age_10yrbands_yge65,2009,4.5966
arg,sex_f,age_10yrbands_yge65,2010,3.3426
arg,sex_f,age_10yrbands_yge65,2011,3.0009
arg,sex_f,age_10yrbands_yge65,2012,2.477
arg,sex_f,age_10yrbands_yge65,2013,1.3326
arg,sex_f,age_10yrbands_yge65,2014,3.1066
arg,sex_f,age_10yrbands_yge65,2017,5.6342
arg,sex_f,age_10yrbands_yge65,2018,5.2114
arg,sex_f,age_10yrbands_yge65,2019,4.0118
arg,sex_f,age_5yrbands_total,2004,15.7447
arg,sex_f,age_5yrbands_total,2005,13.5213
arg,sex_f,age_5yrbands_total,2006,12.3408
arg,sex_f,age_5yrbands_total,2008,9.6801
arg,sex_f,age_5yrbands_total,2009,9.8313
arg,sex_f,age_5yrbands_total,2010,9.1689
arg,sex_f,age_5yrbands_total,2011,8.4851
arg,sex_f,age_5yrbands_total,2012,8.7876
arg,sex_f,age_5yrbands_total,2013,8.4641
arg,sex_f,age_5yrbands_total,2014,8.3618
arg,sex_f,age_5yrbands_total,2017,9.4463
arg,sex_f,age_5yrbands_total,2018,10.5083
arg,sex_f,age_5yrbands_total,2019,10.6905
arg,sex_f,age_5yrbands_y15_19,2004,47.785
arg,sex_f,age_5yrbands_y15_19,2005,40.6563
arg,sex_f,age_5yrbands_y15_19,2006,38.9903
arg,sex_f,age_5yrbands_y15_19,2008,30.9606
arg,sex_f,age_5yrbands_y15_19,2009,32.5672
arg,sex_f,age_5yrbands_y15_19,2010,34.3923
arg,sex_f,age_5yrbands_y15_19,2011,29.1805
arg,sex_f,age_5yrbands_y15_19,2012,31.7968
arg,sex_f,age_5yrbands_y15_19,2013,32.502
arg,sex_f,age_5yrbands_y15_19,2014,31.1166
arg,sex_f,age_5yrbands_y15_19,2017,36.6005
arg,sex_f,age_5yrbands_y15_19,2018,37.4913
arg,sex_f,age_5yrbands_y15_19,2019,41.6214
arg,sex_f,age_5yrbands_y20_24,2004,29.5191
arg,sex_f,age_5yrbands_y20_24,2005,26.8163
arg,sex_f,age_5yrbands_y20_24,2006,25.2979
arg,sex_f,age_5yrbands_y20_24,2008,18.9826
arg,sex_f,age_5yrbands_y20_24,2009,21.9796
arg,sex_f,age_5yrbands_y20_24,2010,20.417
arg,sex_f,age_5yrbands_y20_24,2011,20.0908
arg,sex_f,age_5yrbands_y20_24,2012,20.5253
arg,sex_f,age_5yrbands_y20_24,2013,20.9093
arg,sex_f,age_5yrbands_y20_24,2014,20.1086
arg,sex_f,age_5yrbands_y20_24,2017,24.4317
arg,sex_f,age_5yrbands_y20_24,2018,25.4988
arg,sex_f,age_5yrbands_y20_24,2019,25.5643
arg,sex_f,age_5yrbands_y25_29,2004,16.9977
arg,sex_f,age_5yrbands_y25_29,2005,15.6684
arg,sex_f,age_5yrbands_y25_29,2006,13.1899
arg,sex_f,age_5yrbands_y25_29,2008,11.8676
arg,sex_f,age_5yrbands_y25_29,2009,12.3326
arg,sex_f,age_5yrbands_y25_29,2010,12.2087
arg,sex_f,age_5yrbands_y25_29,2011,11.0816
arg,sex_f,age_5yrbands_y25_29,2012,10.8303
arg,sex_f,age_5yrbands_y25_29,2013,11.5482
arg,sex_f,age_5yrbands_y25_29,2014,10.9774
arg,sex_f,age_5yrbands_y25_29,2017,11.5513
arg,sex_f,age_5yrbands_y25_29,2018,14.1014
arg,sex_f,age_5yrbands_y25_29,2019,15.0221
arg,sex_f,age_5yrbands_y30_34,2004,12.884
arg,sex_f,age_5yrbands_y30_34,2005,10.5114
arg,sex_f,age_5yrbands_y30_34,2006,9.2908
arg,sex_f,age_5yrbands_y30_34,2008,8.5336
arg,sex_f,age_5yrbands_y30_34,2009,7.8015
arg,sex_f,age_5yrbands_y30_34,2010,6.2159
arg,sex_f,age_5yrbands_y30_34,2011,8.0809
arg,sex_f,age_5yrbands_y30_34,2012,7.5358
arg,sex_f,age_5yrbands_y30_34,2013,8.2412
arg,sex_f,age_5yrbands_y30_34,2014,8.8769
arg,sex_f,age_5yrbands_y30_34,2017,7.8375
arg,sex_f,age_5yrbands_y30_34,2018,9.8493
arg,sex_f,age_5yrbands_y30_34,2019,10.1277
arg,sex_f,age_5yrbands_y35_39,2004,10.9815
arg,sex_f,age_5yrbands_y35_39,2005,8.7328
arg,sex_f,age_5yrbands_y35_39,2006,9.3471
arg,sex_f,age_5yrbands_y35_39,2008,7.9671
arg,sex_f,age_5yrbands_y35_39,2009,6.8502
arg,sex_f,age_5yrbands_y35_39,2010,5.7769
arg,sex_f,age_5yrbands_y35_39,2011,5.5254
arg,sex_f,age_5yrbands_y35_39,2012,6.7237
arg,sex_f,age_5yrbands_y35_39,2013,5.7751
arg,sex_f,age_5yrbands_y35_39,2014,6.0525
arg,sex_f,age_5yrbands_y35_39,2017,7.5319
arg,sex_f,age_5yrbands_y35_39,2018,7.9028
arg,sex_f,age_5yrbands_y35_39,2019,8.8183
arg,sex_f,age_5yrbands_y40_44,2004,10.0966
arg,sex_f,age_5yrbands_y40_44,2005,8.8108
arg,sex_f,age_5yrbands_y40_44,2006,7.7231
arg,sex_f,age_5yrbands_y40_44,2008,6.0512
arg,sex_f,age_5yrbands_y40_44,2009,6.718
arg,sex_f,age_5yrbands_y40_44,2010,7.3669
arg,sex_f,age_5yrbands_y40_44,2011,5.5923
arg,sex_f,age_5yrbands_y40_44,2012,6.5705
arg,sex_f,age_5yrbands_y40_44,2013,5.1552
arg,sex_f,age_5yrbands_y40_44,2014,4.8682
arg,sex_f,age_5yrbands_y40_44,2017,6.4131
arg,sex_f,age_5yrbands_y40_44,2018,7.4339
arg,sex_f,age_5yrbands_y40_44,2019,6.978
arg,sex_f,age_5yrbands_y45_49,2004,9.262
arg,sex_f,age_5yrbands_y45_49,2005,8.6474
arg,sex_f,age_5yrbands_y45_49,2006,7.9052
arg,sex_f,age_5yrbands_y45_49,2008,6.1848
arg,sex_f,age_5yrbands_y45_49,2009,6.3575
arg,sex_f,age_5yrbands_y45_49,2010,6.2747
arg,sex_f,age_5yrbands_y45_49,2011,5.1794
arg,sex_f,age_5yrbands_y45_49,2012,4.7309
arg,sex_f,age_5yrbands_y45_49,2013,4.7775
arg,sex_f,age_5yrbands_y45_49,2014,4.2525
arg,sex_f,age_5yrbands_y45_49,2017,5.9496
arg,sex_f,age_5yrbands_y45_49,2018,6.7071
arg,sex_f,age_5yrbands_y45_49,2019,6.4883
arg,sex_f,age_5yrbands_y50_54,2004,10.4693
arg,sex_f,age_5yrbands_y50_54,2005,8.9815
arg,sex_f,age_5yrbands_y50_54,2006,7.4742
arg,sex_f,age_5yrbands_y50_54,2008,5.2705
arg,sex_f,age_5yrbands_y50_54,2009,5.4132
arg,sex_f,age_5yrbands_y50_54,2010,5.3875
arg,sex_f,age_5yrbands_y50_54,2011,4.3204
arg,sex_f,age_5yrbands_y50_54,2012,4.9652
arg,sex_f,age_5yrbands_y50_54,2013,4.6329
arg,sex_f,age_5yrbands_y50_54,2014,4.7131
arg,sex_f,age_5yrbands_y50_54,2017,4.3975
arg,sex_f,age_5yrbands_y50_54,2018,6.0046
arg,sex_f,age_5yrbands_y50_54,2019,6.2592
arg,sex_f,age_5yrbands_y55_59,2004,8.6406
arg,sex_f,age_5yrbands_y55_59,2005,8.2189
arg,sex_f,age_5yrbands_y55_59,2006,7.2544
arg,sex_f,age_5yrbands_y55_59,2008,4.7104
arg,sex_f,age_5yrbands_y55_59,2009,5.454
arg,sex_f,age_5yrbands_y55_59,2010,4.187
arg,sex_f,age_5yrbands_y55_59,2011,4.098
arg,sex_f,age_5yrbands_y55_59,2012,4.2101
arg,sex_f,age_5yrbands_y55_59,2013,3.4921
arg,sex_f,age_5yrbands_y55_59,2014,3.4674
arg,sex_f,age_5yrbands_y55_59,2017,4.0121
arg,sex_f,age_5yrbands_y55_59,2018,4.2485
arg,sex_f,age_5yrbands_y55_59,2019,5.0739
arg,sex_f,age_5yrbands_y60_64,2004,9.7068
arg,sex_f,age_5yrbands_y60_64,2005,7.7659
arg,sex_f,age_5yrbands_y60_64,2006,7.1505
arg,sex_f,age_5yrbands_y60_64,2008,4.7385
arg,sex_f,age_5yrbands_y60_64,2009,3.6814
arg,sex_f,age_5yrbands_y60_64,2010,4.1387
arg,sex_f,age_5yrbands_y60_64,2011,2.4899
arg,sex_f,age_5yrbands_y60_64,2012,4.3034
arg,sex_f,age_5yrbands_y60_64,2013,2.1057
arg,sex_f,age_5yrbands_y60_64,2014,2.6736
arg,sex_f,age_5yrbands_y60_64,2017,4.4295
arg,sex_f,age_5yrbands_y60_64,2018,3.9015
arg,sex_f,age_5yrbands_y60_64,2019,4.7217
arg,sex_f,age_5yrbands_yge65,2004,10.7506
arg,sex_f,age_5yrbands_yge65,2005,8.4316
arg,sex_f,age_5yrbands_yge65,2006,5.4214
arg,sex_f,age_5yrbands_yge65,2008,4.3421
arg,sex_f,age_5yrbands_yge65,2009,4.5966
arg,sex_f,age_5yrbands_yge65,2010,3.3426
arg,sex_f,age_5yrbands_yge65,2011,3.0009
arg,sex_f,age_5yrbands_yge65,2012,2.477
arg,sex_f,age_5yrbands_yge65,2013,1.3326
arg,sex_f,age_5yrbands_yge65,2014,3.1066
arg,sex_f,age_5yrbands_yge65,2017,5.6342
arg,sex_f,age_5yrbands_yge65,2018,5.2114
arg,sex_f,age_5yrbands_yge65,2019,4.0118
arg,sex_f,age_aggregate_total,1987,6.6
arg,sex_f,age_aggregate_total,1988,7.2
arg,sex_f,age_aggregate_total,1989,7.8
arg,sex_f,age_aggregate_total,1993,12.7
arg,sex_f,age_aggregate_total,1995,22.3
arg,sex_f,age_aggregate_total,2003,17.5
arg,sex_f,age_aggregate_total,2004,15.7447
arg,sex_f,age_aggregate_total,2005,13.5213
arg,sex_f,age_aggregate_total,2006,12.3408
arg,sex_f,age_aggregate_total,2008,9.6801
arg,sex_f,age_aggregate_total,2009,9.8313
arg,sex_f,age_aggregate_total,2010,9.1689
arg,sex_f,age_aggregate_total,2011,8.4851
arg,sex_f,age_aggregate_total,2012,8.7876
arg,sex_f,age_aggregate_total,2013,8.4641
arg,sex_f,age_aggregate_total,2014,8.3618
arg,sex_f,age_aggregate_total,2017,9.4463
arg,sex_f,age_aggregate_total,2018,10.5083
arg,sex_f,age_aggregate_total,2019,10.6905
arg,sex_f,age_aggregate_y15_24,2004,34.3772
arg,sex_f,age_aggregate_y15_24,2005,30.6436
arg,sex_f,age_aggregate_y15_24,2006,29.1471
arg,sex_f,age_aggregate_y15_24,2008,22.2232
arg,sex_f,age_aggregate_y15_24,2009,24.6888
arg,sex_f,age_aggregate_y15_24,2010,23.6247
arg,sex_f,age_aggregate_y15_24,2011,22.1689
arg,sex_f,age_aggregate_y15_24,2012,23.0511
arg,sex_f,age_aggregate_y15_24,2013,23.5093
arg,sex_f,age_aggregate_y15_24,2014,22.3611
arg,sex_f,age_aggregate_y15_24,2017,26.8972
arg,sex_f,age_aggregate_y15_24,2018,27.7736
arg,sex_f,age_aggregate_y15_24,2019,28.7767
arg,sex_f,age_aggregate_y25_54,2004,12.1
arg,sex_f,age_aggregate_y25_54,2005,10.5425
arg,sex_f,age_aggregate_y25_54,2006,9.3991
arg,sex_f,age_aggregate_y25_54,2008,7.9359
arg,sex_f,age_aggregate_y25_54,2009,7.7948
arg,sex_f,age_aggregate_y25_54,2010,7.3261
arg,sex_f,age_aggregate_y25_54,2011,6.8585
arg,sex_f,age_aggregate_y25_54,2012,7.067
arg,sex_f,age_aggregate_y25_54,2013,6.8742
arg,sex_f,age_aggregate_y25_54,2014,6.8426
arg,sex_f,age_aggregate_y25_54,2017,7.3721
arg,sex_f,age_aggregate_y25_54,2018,8.7403
arg,sex_f,age_aggregate_y25_54,2019,9.033
arg,sex_f,age_aggregate_y55_64,2004,9.0314
arg,sex_f,age_aggregate_y55_64,2005,8.0432
arg,sex_f,age_aggregate_y55_64,2006,7.2146
arg,sex_f,age_aggregate_y55_64,2008,4.7203
arg,sex_f,age_aggregate_y55_64,2009,4.8272
arg,sex_f,age_aggregate_y55_64,2010,4.1697
arg,sex_f,age_aggregate_y55_64,2011,3.492
arg,sex_f,age_aggregate_y55_64,2012,4.2444
arg,sex_f,age_aggregate_y55_64,2013,2.9571
arg,sex_f,age_aggregate_y55_64,2014,3.1581
arg,sex_f,age_aggregate_y55_64,2017,4.1644
arg,sex_f,age_aggregate_y55_64,2018,4.1131
arg,sex_f,age_aggregate_y55_64,2019,4.9412
arg,sex_f,age_aggregate_yge65,2004,10.7506
arg,sex_f,age_aggregate_yge65,2005,8.4316
arg,sex_f,age_aggregate_yge65,2006,5.4214
arg,sex_f,age_aggregate_yge65,2008,4.3421
arg,sex_f,age_aggregate_yge65,2009,4.5966
arg,sex_f,age_aggregate_yge65,2010,3.3426
arg,sex_f,age_aggregate_yge65,2011,3.0009
arg,sex_f,age_aggregate_yge65,2012,2.477
arg,sex_f,age_aggregate_yge65,2013,1.3326
arg,sex_f,age_aggregate_yge65,2014,3.1066
arg,sex_f,age_aggregate_yge65,2017,5.6342
arg,sex_f,age_aggregate_yge65,2018,5.2114
arg,sex_f,age_aggregate_yge65,2019,4.0118
arg,sex_f,age_ythadult_y15_24,2004,34.3772
arg,sex_f,age_ythadult_y15_24,2005,30.6436
arg,sex_f,age_ythadult_y15_24,2006,29.1471
arg,sex_f,age_ythadult_y15_24,2008,22.2232
arg,sex_f,age_ythadult_y15_24,2009,24.6888
arg,sex_f,age_ythadult_y15_24,2010,23.6247
arg,sex_f,age_ythadult_y15_24,2011,22.1689
arg,sex_f,age_ythadult_y15_24,2012,23.0511
arg,sex_f,age_ythadult_y15_24,2013,23.5093
arg,sex_f,age_ythadult_y15_24,2014,22.3611
arg,sex_f,age_ythadult_y15_24,2017,26.8972
arg,sex_f,age_ythadult_y15_24,2018,27.7736
arg,sex_f,age_ythadult_y15_24,2019,28.7767
arg,sex_f,age_ythadult_y15_64,2004,15.9014
arg,sex_f,age_ythadult_y15_64,2005,13.7075
arg,sex_f,age_ythadult_y15_64,2006,12.5887
arg,sex_f,age_ythadult_y15_64,2008,9.8346
arg,sex_f,age_ythadult_y15_64,2009,9.9955
arg,sex_f,age_ythadult_y15_64,2010,9.3509
arg,sex_f,age_ythadult_y15_64,2011,8.657
arg,sex_f,age_ythadult_y15_64,2012,8.9663
arg,sex_f,age_ythadult_y15_64,2013,8.6636
arg,sex_f,age_ythadult_y15_64,2014,8.5163
arg,sex_f,age_ythadult_y15_64,2017,9.6061
arg,sex_f,age_ythadult_y15_64,2018,10.723
arg,sex_f,age_ythadult_y15_64,2019,10.9871
arg,sex_f,age_ythadult_yge15,1982,5.4
arg,sex_f,age_ythadult_yge15,1983,4.8
arg,sex_f,age_ythadult_yge15,1984,4.19
arg,sex_f,age_ythadult_yge15,1987,6.6
arg,sex_f,age_ythadult_yge15,1988,7.2
arg,sex_f,age_ythadult_yge15,1989,7.8
arg,sex_f,age_ythadult_yge15,1990,6.93
arg,sex_f,age_ythadult_yge15,1991,5.85
arg,sex_f,age_ythadult_yge15,1992,6.73
arg,sex_f,age_ythadult_yge15,1993,12.7
arg,sex_f,age_ythadult_yge15,1994,14.06
arg,sex_f,age_ythadult_yge15,1995,22.3
arg,sex_f,age_ythadult_yge15,1996,19.31
arg,sex_f,age_ythadult_yge15,1997,17.8
arg,sex_f,age_ythadult_yge15,1998,14.11
arg,sex_f,age_ythadult_yge15,1999,15.18
arg,sex_f,age_ythadult_yge15,2000,16.38
arg,sex_f,age_ythadult_yge15,2001,17.19
arg,sex_f,age_ythadult_yge15,2002,18.83
arg,sex_f,age_ythadult_yge15,2003,17.48
arg,sex_f,age_ythadult_yge15,2004,15.7447
arg,sex_f,age_ythadult_yge15,2005,13.5213
arg,sex_f,age_ythadult_yge15,2006,12.3408
arg,sex_f,age_ythadult_yge15,2008,9.6801
arg,sex_f,age_ythadult_yge15,2009,9.8313
arg,sex_f,age_ythadult_yge15,2010,9.1689
arg,sex_f,age_ythadult_yge15,2011,8.4851
arg,sex_f,age_ythadult_yge15,2012,8.7876
arg,sex_f,age_ythadult_yge15,2013,8.4641
arg,sex_f,age_ythadult_yge15,2014,8.3618
arg,sex_f,age_ythadult_yge15,2017,9.4463
arg,sex_f,age_ythadult_yge15,2018,10.5083
arg,sex_f,age_ythadult_yge15,2019,10.6905
arg,sex_f,age_ythadult_yge25,2004,11.6713
arg,sex_f,age_ythadult_yge25,2005,10.1273
arg,sex_f,age_ythadult_yge25,2006,8.9411
arg,sex_f,age_ythadult_yge25,2008,7.3858
arg,sex_f,age_ythadult_yge25,2009,7.2813
arg,sex_f,age_ythadult_yge25,2010,6.7491
arg,sex_f,age_ythadult_yge25,2011,6.265
arg,sex_f,age_ythadult_yge25,2012,6.5215
arg,sex_f,age_ythadult_yge25,2013,6.1634
arg,sex_f,age_ythadult_yge25,2014,6.2077
arg,sex_f,age_ythadult_yge25,2017,6.8075
arg,sex_f,age_ythadult_yge25,2018,7.8911
arg,sex_f,age_ythadult_yge25,2019,8.1853
arg,sex_m,age_10yrbands_total,2004,11.8342
arg,sex_m,age_10yrbands_total,2005,9.9977
arg,sex_m,age_10yrbands_total,2006,8.3622
arg,sex_m,age_10yrbands_total,2008,6.4747
arg,sex_m,age_10yrbands_total,2009,7.757
arg,sex_m,age_10yrbands_total,2010,6.6474
arg,sex_m,age_10yrbands_total,2011,6.2403
arg,sex_m,age_10yrbands_total,2012,6.0644
arg,sex_m,age_10yrbands_total,2013,6.1049
arg,sex_m,age_10yrbands_total,2014,6.4686
arg,sex_m,age_10yrbands_total,2017,7.513
arg,sex_m,age_10yrbands_total,2018,8.2029
arg,sex_m,age_10yrbands_total,2019,9.1778
arg,sex_m,age_10yrbands_y15_24,2004,25.6423
arg,sex_m,age_10yrbands_y15_24,2005,22.8862
arg,sex_m,age_10yrbands_y15_24,2006,19.6656
arg,sex_m,age_10yrbands_y15_24,2008,16.5281
arg,sex_m,age_10yrbands_y15_24,2009,18.8378
arg,sex_m,age_10yrbands_y15_24,2010,16.5754
arg,sex_m,age_10yrbands_y15_24,2011,16.5295
arg,sex_m,age_10yrbands_y15_24,2012,15.2809
arg,sex_m,age_10yrbands_y15_24,2013,16.9894
arg,sex_m,age_10yrbands_y15_24,2014,16.7083
arg,sex_m,age_10yrbands_y15_24,2017,19.8635
arg,sex_m,age_10yrbands_y15_24,2018,20.8492
arg,sex_m,age_10yrbands_y15_24,2019,23.8673
arg,sex_m,age_10yrbands_y25_34,2004,9.8265
arg,sex_m,age_10yrbands_y25_34,2005,7.9053
arg,sex_m,age_10yrbands_y25_34,2006,6.5741
arg,sex_m,age_10yrbands_y25_34,2008,5.4517
arg,sex_m,age_10yrbands_y25_34,2009,6.9818
arg,sex_m,age_10yrbands_y25_34,2010,5.9525
arg,sex_m,age_10yrbands_y25_34,2011,5.3807
arg,sex_m,age_10yrbands_y25_34,2012,5.9034
arg,sex_m,age_10yrbands_y25_34,2013,5.7292
arg,sex_m,age_10yrbands_y25_34,2014,6.5638
arg,sex_m,age_10yrbands_y25_34,2017,7.0129
arg,sex_m,age_10yrbands_y25_34,2018,8.1004
arg,sex_m,age_10yrbands_y25_34,2019,9.0017
arg,sex_m,age_10yrbands_y35_44,2004,6.6627
arg,sex_m,age_10yrbands_y35_44,2005,4.9496
arg,sex_m,age_10yrbands_y35_44,2006,4.3233
arg,sex_m,age_10yrbands_y35_44,2008,3.5091
arg,sex_m,age_10yrbands_y35_44,2009,4.3602
arg,sex_m,age_10yrbands_y35_44,2010,3.6901
arg,sex_m,age_10yrbands_y35_44,2011,3.5998
arg,sex_m,age_10yrbands_y35_44,2012,3.4313
arg,sex_m,age_10yrbands_y35_44,2013,3.0902
arg,sex_m,age_10yrbands_y35_44,2014,3.7305
arg,sex_m,age_10yrbands_y35_44,2017,4.8025
arg,sex_m,age_10yrbands_y35_44,2018,4.6506
arg,sex_m,age_10yrbands_y35_44,2019,6.0014
arg,sex_m,age_10yrbands_y45_54,2004,7.5006
arg,sex_m,age_10yrbands_y45_54,2005,6.8429
arg,sex_m,age_10yrbands_y45_54,2006,5.4317
arg,sex_m,age_10yrbands_y45_54,2008,3.8919
arg,sex_m,age_10yrbands_y45_54,2009,5.0013
arg,sex_m,age_10yrbands_y45_54,2010,4.0709
arg,sex_m,age_10yrbands_y45_54,2011,3.5433
arg,sex_m,age_10yrbands_y45_54,2012,3.5427
arg,sex_m,age_10yrbands_y45_54,2013,2.5102
arg,sex_m,age_10yrbands_y45_54,2014,3.1891
arg,sex_m,age_10yrbands_y45_54,2017,4.723
arg,sex_m,age_10yrbands_y45_54,2018,5.0582
arg,sex_m,age_10yrbands_y45_54,2019,5.8549
arg,sex_m,age_10yrbands_y55_64,2004,11.0141
arg,sex_m,age_10yrbands_y55_64,2005,9.0215
arg,sex_m,age_10yrbands_y55_64,2006,7.2703
arg,sex_m,age_10yrbands_y55_64,2008,4.5949
arg,sex_m,age_10yrbands_y55_64,2009,5.2594
arg,sex_m,age_10yrbands_y55_64,2010,4.7783
arg,sex_m,age_10yrbands_y55_64,2011,4.5725
arg,sex_m,age_10yrbands_y55_64,2012,4.1189
arg,sex_m,age_10yrbands_y55_64,2013,4.3095
arg,sex_m,age_10yrbands_y55_64,2014,3.8605
arg,sex_m,age_10yrbands_y55_64,2017,4.378
arg,sex_m,age_10yrbands_y55_64,2018,5.783
arg,sex_m,age_10yrbands_y55_64,2019,5.962
arg,sex_m,age_10yrbands_yge65,2004,10.174
arg,sex_m,age_10yrbands_yge65,2005,9.7525
arg,sex_m,age_10yrbands_yge65,2006,8.7554
arg,sex_m,age_10yrbands_yge65,2008,5.5218
arg,sex_m,age_10yrbands_yge65,2009,6.2094
arg,sex_m,age_10yrbands_yge65,2010,5.471
arg,sex_m,age_10yrbands_yge65,2011,4.1702
arg,sex_m,age_10yrbands_yge65,2012,3.0772
arg,sex_m,age_10yrbands_yge65,2013,3.9444
arg,sex_m,age_10yrbands_yge65,2014,3.5297
arg,sex_m,age_10yrbands_yge65,2017,3.7612
arg,sex_m,age_10yrbands_yge65,2018,6.8314
arg,sex_m,age_10yrbands_yge65,2019,5.5692
arg,sex_m,age_5yrbands_total,2004,11.8342
arg,sex_m,age_5yrbands_total,2005,9.9977
arg,sex_m,age_5yrbands_total,2006,8.3622
arg,sex_m,age_5yrbands_total,2008,6.4747
arg,sex_m,age_5yrbands_total,2009,7.757
arg,sex_m,age_5yrbands_total,2010,6.6474
arg,sex_m,age_5yrbands_total,2011,6.2403
arg,sex_m,age_5yrbands_total,2012,6.0644
arg,sex_m,age_5yrbands_total,2013,6.1049
arg,sex_m,age_5yrbands_total,2014,6.4686
arg,sex_m,age_5yrbands_total,2017,7.513
arg,sex_m,age_5yrbands_total,2018,8.2029
arg,sex_m,age_5yrbands_total,2019,9.1778
arg,sex_m,age_5yrbands_y15_19,2004,34.5547
arg,sex_m,age_5yrbands_y15_19,2005,31.8978
arg,sex_m,age_5yrbands_y15_19,2006,26.9345
arg,sex_m,age_5yrbands_y15_19,2008,23.1786
arg,sex_m,age_5yrbands_y15_19,2009,24.9818
arg,sex_m,age_5yrbands_y15_19,2010,23.0095
arg,sex_m,age_5yrbands_y15_19,2011,22.7127
arg,sex_m,age_5yrbands_y15_19,2012,18.1825
arg,sex_m,age_5yrbands_y15_19,2013,24.4488
arg,sex_m,age_5yrbands_y15_19,2014,25.3011
arg,sex_m,age_5yrbands_y15_19,2017,24.5201
arg,sex_m,age_5yrbands_y15_19,2018,27.4147
arg,sex_m,age_5yrbands_y15_19,2019,32.3882
arg,sex_m,age_5yrbands_y20_24,2004,22.0758
arg,sex_m,age_5yrbands_y20_24,2005,19.3792
arg,sex_m,age_5yrbands_y20_24,2006,16.5739
arg,sex_m,age_5yrbands_y20_24,2008,13.8196
arg,sex_m,age_5yrbands_y20_24,2009,16.2505
arg,sex_m,age_5yrbands_y20_24,2010,14.2751
arg,sex_m,age_5yrbands_y20_24,2011,14.3736
arg,sex_m,age_5yrbands_y20_24,2012,14.2797
arg,sex_m,age_5yrbands_y20_24,2013,14.6826
arg,sex_m,age_5yrbands_y20_24,2014,13.9863
arg,sex_m,age_5yrbands_y20_24,2017,18.5837
arg,sex_m,age_5yrbands_y20_24,2018,18.9165
arg,sex_m,age_5yrbands_y20_24,2019,21.4775
arg,sex_m,age_5yrbands_y25_29,2004,11.0625
arg,sex_m,age_5yrbands_y25_29,2005,9.8489
arg,sex_m,age_5yrbands_y25_29,2006,8.1224
arg,sex_m,age_5yrbands_y25_29,2008,6.829
arg,sex_m,age_5yrbands_y25_29,2009,8.2304
arg,sex_m,age_5yrbands_y25_29,2010,7.3506
arg,sex_m,age_5yrbands_y25_29,2011,6.5692
arg,sex_m,age_5yrbands_y25_29,2012,7.1489
arg,sex_m,age_5yrbands_y25_29,2013,6.768
arg,sex_m,age_5yrbands_y25_29,2014,8.0353
arg,sex_m,age_5yrbands_y25_29,2017,8.7533
arg,sex_m,age_5yrbands_y25_29,2018,9.55
arg,sex_m,age_5yrbands_y25_29,2019,11.5952
arg,sex_m,age_5yrbands_y30_34,2004,8.5556
arg,sex_m,age_5yrbands_y30_34,2005,5.8321
arg,sex_m,age_5yrbands_y30_34,2006,4.9792
arg,sex_m,age_5yrbands_y30_34,2008,4.0173
arg,sex_m,age_5yrbands_y30_34,2009,5.7587
arg,sex_m,age_5yrbands_y30_34,2010,4.6567
arg,sex_m,age_5yrbands_y30_34,2011,4.2963
arg,sex_m,age_5yrbands_y30_34,2012,4.7892
arg,sex_m,age_5yrbands_y30_34,2013,4.8055
arg,sex_m,age_5yrbands_y30_34,2014,5.1608
arg,sex_m,age_5yrbands_y30_34,2017,5.1531
arg,sex_m,age_5yrbands_y30_34,2018,6.5669
arg,sex_m,age_5yrbands_y30_34,2019,6.2008
arg,sex_m,age_5yrbands_y35_39,2004,6.4345
arg,sex_m,age_5yrbands_y35_39,2005,4.8214
arg,sex_m,age_5yrbands_y35_39,2006,4.6099
arg,sex_m,age_5yrbands_y35_39,2008,3.6561
arg,sex_m,age_5yrbands_y35_39,2009,4.758
arg,sex_m,age_5yrbands_y35_39,2010,3.4873
arg,sex_m,age_5yrbands_y35_39,2011,3.6341
arg,sex_m,age_5yrbands_y35_39,2012,3.2567
arg,sex_m,age_5yrbands_y35_39,2013,3.0221
arg,sex_m,age_5yrbands_y35_39,2014,3.6271
arg,sex_m,age_5yrbands_y35_39,2017,5.0262
arg,sex_m,age_5yrbands_y35_39,2018,4.9461
arg,sex_m,age_5yrbands_y35_39,2019,6.1465
arg,sex_m,age_5yrbands_y40_44,2004,6.8887
arg,sex_m,age_5yrbands_y40_44,2005,5.0855
arg,sex_m,age_5yrbands_y40_44,2006,4.0141
arg,sex_m,age_5yrbands_y40_44,2008,3.3491
arg,sex_m,age_5yrbands_y40_44,2009,3.9045
arg,sex_m,age_5yrbands_y40_44,2010,3.9166
arg,sex_m,age_5yrbands_y40_44,2011,3.5594
arg,sex_m,age_5yrbands_y40_44,2012,3.6271
arg,sex_m,age_5yrbands_y40_44,2013,3.1658
arg,sex_m,age_5yrbands_y40_44,2014,3.8408
arg,sex_m,age_5yrbands_y40_44,2017,4.561
arg,sex_m,age_5yrbands_y40_44,2018,4.3376
arg,sex_m,age_5yrbands_y40_44,2019,5.8547
arg,sex_m,age_5yrbands_y45_49,2004,6.8565
arg,sex_m,age_5yrbands_y45_49,2005,5.7494
arg,sex_m,age_5yrbands_y45_49,2006,4.8862
arg,sex_m,age_5yrbands_y45_49,2008,3.0501
arg,sex_m,age_5yrbands_y45_49,2009,5.0269
arg,sex_m,age_5yrbands_y45_49,2010,4.1729
arg,sex_m,age_5yrbands_y45_49,2011,3.1569
arg,sex_m,age_5yrbands_y45_49,2012,2.9352
arg,sex_m,age_5yrbands_y45_49,2013,2.5268
arg,sex_m,age_5yrbands_y45_49,2014,2.9891
arg,sex_m,age_5yrbands_y45_49,2017,4.5192
arg,sex_m,age_5yrbands_y45_49,2018,5.6983
arg,sex_m,age_5yrbands_y45_49,2019,6.3323
arg,sex_m,age_5yrbands_y50_54,2004,8.211
arg,sex_m,age_5yrbands_y50_54,2005,8.0893
arg,sex_m,age_5yrbands_y50_54,2006,6.0569
arg,sex_m,age_5yrbands_y50_54,2008,4.9195
arg,sex_m,age_5yrbands_y50_54,2009,4.9702
arg,sex_m,age_5yrbands_y50_54,2010,3.9483
arg,sex_m,age_5yrbands_y50_54,2011,4.0005
arg,sex_m,age_5yrbands_y50_54,2012,4.231
arg,sex_m,age_5yrbands_y50_54,2013,2.4916
arg,sex_m,age_5yrbands_y50_54,2014,3.4108
arg,sex_m,age_5yrbands_y50_54,2017,4.9381
arg,sex_m,age_5yrbands_y50_54,2018,4.3646
arg,sex_m,age_5yrbands_y50_54,2019,5.3063
arg,sex_m,age_5yrbands_y55_59,2004,9.7615
arg,sex_m,age_5yrbands_y55_59,2005,9.0557
arg,sex_m,age_5yrbands_y55_59,2006,7.3318
arg,sex_m,age_5yrbands_y55_59,2008,3.7089
arg,sex_m,age_5yrbands_y55_59,2009,4.8475
arg,sex_m,age_5yrbands_y55_59,2010,4.071
arg,sex_m,age_5yrbands_y55_59,2011,4.5372
arg,sex_m,age_5yrbands_y55_59,2012,4.3039
arg,sex_m,age_5yrbands_y55_59,2013,3.9737
arg,sex_m,age_5yrbands_y55_59,2014,3.6838
arg,sex_m,age_5yrbands_y55_59,2017,4.3502
arg,sex_m,age_5yrbands_y55_59,2018,5.6083
arg,sex_m,age_5yrbands_y55_59,2019,5.6848
arg,sex_m,age_5yrbands_y60_64,2004,12.8272
arg,sex_m,age_5yrbands_y60_64,2005,8.9727
arg,sex_m,age_5yrbands_y60_64,2006,7.179
arg,sex_m,age_5yrbands_y60_64,2008,5.9123
arg,sex_m,age_5yrbands_y60_64,2009,5.8485
arg,sex_m,age_5yrbands_y60_64,2010,5.6463
arg,sex_m,age_5yrbands_y60_64,2011,4.619
arg,sex_m,age_5yrbands_y60_64,2012,3.8894
arg,sex_m,age_5yrbands_y60_64,2013,4.7198
arg,sex_m,age_5yrbands_y60_64,2014,4.0902
arg,sex_m,age_5yrbands_y60_64,2017,4.4147
arg,sex_m,age_5yrbands_y60_64,2018,6.0022
arg,sex_m,age_5yrbands_y60_64,2019,6.311
arg,sex_m,age_5yrbands_yge65,2004,10.174
arg,sex_m,age_5yrbands_yge65,2005,9.7525
arg,sex_m,age_5yrbands_yge65,2006,8.7554
arg,sex_m,age_5yrbands_yge65,2008,5.5218
arg,sex_m,age_5yrbands_yge65,2009,6.2094
arg,sex_m,age_5yrbands_yge65,2010,5.471
arg,sex_m,age_5yrbands_yge65,2011,4.1702
arg,sex_m,age_5yrbands_yge65,2012,3.0772
arg,sex_m,age_5yrbands_yge65,2013,3.9444
arg,sex_m,age_5yrbands_yge65,2014,3.5297
arg,sex_m,age_5yrbands_yge65,2017,3.7612
arg,sex_m,age_5yrbands_yge65,2018,6.8314
arg,sex_m,age_5yrbands_yge65,2019,5.5692
arg,sex_m,age_aggregate_total,1987,4.5
arg,sex_m,age_aggregate_total,1988,5.3
arg,sex_m,age_aggregate_total,1989,7
arg,sex_m,age_aggregate_total,1993,8.5
arg,sex_m,age_aggregate_total,1995,16.5
arg,sex_m,age_aggregate_total,2003,13.8
arg,sex_m,age_aggregate_total,2004,11.8342
arg,sex_m,age_aggregate_total,2005,9.9977
arg,sex_m,age_aggregate_total,2006,8.3622
arg,sex_m,age_aggregate_total,2008,6.4747
arg,sex_m,age_aggregate_total,2009,7.757
arg,sex_m,age_aggregate_total,2010,6.6474
arg,sex_m,age_aggregate_total,2011,6.2403
arg,sex_m,age_aggregate_total,2012,6.0644
arg,sex_m,age_aggregate_total,2013,6.1049
arg,sex_m,age_aggregate_total,2014,6.4686
arg,sex_m,age_aggregate_total,2017,7.513
arg,sex_m,age_aggregate_total,2018,8.2029
arg,sex_m,age_aggregate_total,2019,9.1778
arg,sex_m,age_aggregate_y15_24,2004,25.6423
arg,sex_m,age_aggregate_y15_24,2005,22.8862
arg,sex_m,age_aggregate_y15_24,2006,19.6656
arg,sex_m,age_aggregate_y15_24,2008,16.5281
arg,sex_m,age_aggregate_y15_24,2009,18.8378
arg,sex_m,age_aggregate_y15_24,2010,16.5754
arg,sex_m,age_aggregate_y15_24,2011,16.5295
arg,sex_m,age_aggregate_y15_24,2012,15.2809
arg,sex_m,age_aggregate_y15_24,2013,16.9894
arg,sex_m,age_aggregate_y15_24,2014,16.7083
arg,sex_m,age_aggregate_y15_24,2017,19.8635
arg,sex_m,age_aggregate_y15_24,2018,20.8492
arg,sex_m,age_aggregate_y15_24,2019,23.8673
arg,sex_m,age_aggregate_y25_54,2004,8.1426
arg,sex_m,age_aggregate_y25_54,2005,6.6316
arg,sex_m,age_aggregate_y25_54,2006,5.5336
arg,sex_m,age_aggregate_y25_54,2008,4.3612
arg,sex_m,age_aggregate_y25_54,2009,5.5642
arg,sex_m,age_aggregate_y25_54,2010,4.6923
arg,sex_m,age_aggregate_y25_54,2011,4.2817
arg,sex_m,age_aggregate_y25_54,2012,4.4139
arg,sex_m,age_aggregate_y25_54,2013,3.9534
arg,sex_m,age_aggregate_y25_54,2014,4.6891
arg,sex_m,age_aggregate_y25_54,2017,5.5929
arg,sex_m,age_aggregate_y25_54,2018,6.0258
arg,sex_m,age_aggregate_y25_54,2019,7.0596
arg,sex_m,age_aggregate_y55_64,2004,11.0141
arg,sex_m,age_aggregate_y55_64,2005,9.0215
arg,sex_m,age_aggregate_y55_64,2006,7.2703
arg,sex_m,age_aggregate_y55_64,2008,4.5949
arg,sex_m,age_aggregate_y55_64,2009,5.2594
arg,sex_m,age_aggregate_y55_64,2010,4.7783
arg,sex_m,age_aggregate_y55_64,2011,4.5725
arg,sex_m,age_aggregate_y55_64,2012,4.1189
arg,sex_m,age_aggregate_y55_64,2013,4.3095
arg,sex_m,age_aggregate_y55_64,2014,3.8605
arg,sex_m,age_aggregate_y55_64,2017,4.378
arg,sex_m,age_aggregate_y55_64,2018,5.783
arg,sex_m,age_aggregate_y55_64,2019,5.962
arg,sex_m,age_aggregate_yge65,2004,10.174
arg,sex_m,age_aggregate_yge65,2005,9.7525
arg,sex_m,age_aggregate_yge65,2006,8.7554
arg,sex_m,age_aggregate_yge65,2008,5.5218
arg,sex_m,age_aggregate_yge65,2009,6.2094
arg,sex_m,age_aggregate_yge65,2010,5.471
arg,sex_m,age_aggregate_yge65,2011,4.1702
arg,sex_m,age_aggregate_yge65,2012,3.0772
arg,sex_m,age_aggregate_yge65,2013,3.9444
arg,sex_m,age_aggregate_yge65,2014,3.5297
arg,sex_m,age_aggregate_yge65,2017,3.7612
arg,sex_m,age_aggregate_yge65,2018,6.8314
arg,sex_m,age_aggregate_yge65,2019,5.5692
arg,sex_m,age_ythadult_y15_24,2004,25.6423
arg,sex_m,age_ythadult_y15_24,2005,22.8862
arg,sex_m,age_ythadult_y15_24,2006,19.6656
arg,sex_m,age_ythadult_y15_24,2008,16.5281
arg,sex_m,age_ythadult_y15_24,2009,18.8378
arg,sex_m,age_ythadult_y15_24,2010,16.5754
arg,sex_m,age_ythadult_y15_24,2011,16.5295
arg,sex_m,age_ythadult_y15_24,2012,15.2809
arg,sex_m,age_ythadult_y15_24,2013,16.9894
arg,sex_m,age_ythadult_y15_24,2014,16.7083
arg,sex_m,age_ythadult_y15_24,2017,19.8635
arg,sex_m,age_ythadult_y15_24,2018,20.8492
arg,sex_m,age_ythadult_y15_24,2019,23.8673
arg,sex_m,age_ythadult_y15_64,2004,11.9055
arg,sex_m,age_ythadult_y15_64,2005,10.0086
arg,sex_m,age_ythadult_y15_64,2006,8.3446
arg,sex_m,age_ythadult_y15_64,2008,6.512
arg,sex_m,age_ythadult_y15_64,2009,7.8201
arg,sex_m,age_ythadult_y15_64,2010,6.6945
arg,sex_m,age_ythadult_y15_64,2011,6.3216
arg,sex_m,age_ythadult_y15_64,2012,6.1775
arg,sex_m,age_ythadult_y15_64,2013,6.1896
arg,sex_m,age_ythadult_y15_64,2014,6.5911
arg,sex_m,age_ythadult_y15_64,2017,7.7107
arg,sex_m,age_ythadult_y15_64,2018,8.2793
arg,sex_m,age_ythadult_y15_64,2019,9.3822
arg,sex_m,age_ythadult_yge15,1982,4.38
arg,sex_m,age_ythadult_yge15,1983,3.86
arg,sex_m,age_ythadult_yge15,1984,3.38
arg,sex_m,age_ythadult_yge15,1987,4.5
arg,sex_m,age_ythadult_yge15,1988,5.3
arg,sex_m,age_ythadult_yge15,1989,7
arg,sex_m,age_ythadult_yge15,1990,7.13
arg,sex_m,age_ythadult_yge15,1991,5.33
arg,sex_m,age_ythadult_yge15,1992,6.14
arg,sex_m,age_ythadult_yge15,1993,8.5
arg,sex_m,age_ythadult_yge15,1994,10.34
arg,sex_m,age_ythadult_yge15,1995,16.5
arg,sex_m,age_ythadult_yge15,1996,15.73
arg,sex_m,age_ythadult_yge15,1997,12.91
arg,sex_m,age_ythadult_yge15,1998,11.71
arg,sex_m,age_ythadult_yge15,1999,13.28
arg,sex_m,age_ythadult_yge15,2000,14.05
arg,sex_m,age_ythadult_yge15,2001,17.41
arg,sex_m,age_ythadult_yge15,2002,20.13
arg,sex_m,age_ythadult_yge15,2003,13.73
arg,sex_m,age_ythadult_yge15,2004,11.8342
arg,sex_m,age_ythadult_yge15,2005,9.9977
arg,sex_m,age_ythadult_yge15,2006,8.3622
arg,sex_m,age_ythadult_yge15,2008,6.4747
arg,sex_m,age_ythadult_yge15,2009,7.757
arg,sex_m,age_ythadult_yge15,2010,6.6474
arg,sex_m,age_ythadult_yge15,2011,6.2403
arg,sex_m,age_ythadult_yge15,2012,6.0644
arg,sex_m,age_ythadult_yge15,2013,6.1049
arg,sex_m,age_ythadult_yge15,2014,6.4686
arg,sex_m,age_ythadult_yge15,2017,7.513
arg,sex_m,age_ythadult_yge15,2018,8.2029
arg,sex_m,age_ythadult_yge15,2019,9.1778
arg,sex_m,age_ythadult_yge25,2004,8.656
arg,sex_m,age_ythadult_yge25,2005,7.1365
arg,sex_m,age_ythadult_yge25,2006,5.9607
arg,sex_m,age_ythadult_yge25,2008,4.4481
arg,sex_m,age_ythadult_yge25,2009,5.5495
arg,sex_m,age_ythadult_yge25,2010,4.7406
arg,sex_m,age_ythadult_yge25,2011,4.3201
arg,sex_m,age_ythadult_yge25,2012,4.3111
arg,sex_m,age_ythadult_yge25,2013,4.0072
arg,sex_m,age_ythadult_yge25,2014,4.5101
arg,sex_m,age_ythadult_yge25,2017,5.2834
arg,sex_m,age_ythadult_yge25,2018,6.0369
arg,sex_m,age_ythadult_yge25,2019,6.7917
arg,sex_t,age_10yrbands_total,2004,13.5221
arg,sex_t,age_10yrbands_total,2005,11.5059
arg,sex_t,age_10yrbands_total,2006,10.0775
arg,sex_t,age_10yrbands_total,2008,7.8374
arg,sex_t,age_10yrbands_total,2009,8.6453
arg,sex_t,age_10yrbands_total,2010,7.7139
arg,sex_t,age_10yrbands_total,2011,7.1795
arg,sex_t,age_10yrbands_total,2012,7.2166
arg,sex_t,age_10yrbands_total,2013,7.0996
arg,sex_t,age_10yrbands_total,2014,7.2676
arg,sex_t,age_10yrbands_total,2017,8.3474
arg,sex_t,age_10yrbands_total,2018,9.2205
arg,sex_t,age_10yrbands_total,2019,9.8427
arg,sex_t,age_10yrbands_y15_24,2004,29.3229
arg,sex_t,age_10yrbands_y15_24,2005,26.0303
arg,sex_t,age_10yrbands_y15_24,2006,23.6591
arg,sex_t,age_10yrbands_y15_24,2008,18.8365
arg,sex_t,age_10yrbands_y15_24,2009,21.1653
arg,sex_t,age_10yrbands_y15_24,2010,19.3585
arg,sex_t,age_10yrbands_y15_24,2011,18.7273
arg,sex_t,age_10yrbands_y15_24,2012,18.2815
arg,sex_t,age_10yrbands_y15_24,2013,19.4302
arg,sex_t,age_10yrbands_y15_24,2014,18.8425
arg,sex_t,age_10yrbands_y15_24,2017,22.64
arg,sex_t,age_10yrbands_y15_24,2018,23.7273
arg,sex_t,age_10yrbands_y15_24,2019,25.8596
arg,sex_t,age_10yrbands_y25_34,2004,12.1399
arg,sex_t,age_10yrbands_y25_34,2005,10.2746
arg,sex_t,age_10yrbands_y25_34,2006,8.6257
arg,sex_t,age_10yrbands_y25_34,2008,7.5505
arg,sex_t,age_10yrbands_y25_34,2009,8.3033
arg,sex_t,age_10yrbands_y25_34,2010,7.2716
arg,sex_t,age_10yrbands_y25_34,2011,7.1361
arg,sex_t,age_10yrbands_y25_34,2012,7.2723
arg,sex_t,age_10yrbands_y25_34,2013,7.4821
arg,sex_t,age_10yrbands_y25_34,2014,7.9858
arg,sex_t,age_10yrbands_y25_34,2017,8.1765
arg,sex_t,age_10yrbands_y25_34,2018,9.7845
arg,sex_t,age_10yrbands_y25_34,2019,10.5456
arg,sex_t,age_10yrbands_y35_44,2004,8.3976
arg,sex_t,age_10yrbands_y35_44,2005,6.6299
arg,sex_t,age_10yrbands_y35_44,2006,6.2246
arg,sex_t,age_10yrbands_y35_44,2008,5.0638
arg,sex_t,age_10yrbands_y35_44,2009,5.4358
arg,sex_t,age_10yrbands_y35_44,2010,4.9219
arg,sex_t,age_10yrbands_y35_44,2011,4.4521
arg,sex_t,age_10yrbands_y35_44,2012,4.8076
arg,sex_t,age_10yrbands_y35_44,2013,4.1331
arg,sex_t,age_10yrbands_y35_44,2014,4.5202
arg,sex_t,age_10yrbands_y35_44,2017,5.7955
arg,sex_t,age_10yrbands_y35_44,2018,6.0463
arg,sex_t,age_10yrbands_y35_44,2019,6.8697
arg,sex_t,age_10yrbands_y45_54,2004,8.5245
arg,sex_t,age_10yrbands_y45_54,2005,7.6936
arg,sex_t,age_10yrbands_y45_54,2006,6.433
arg,sex_t,age_10yrbands_y45_54,2008,4.6898
arg,sex_t,age_10yrbands_y45_54,2009,5.4132
arg,sex_t,age_10yrbands_y45_54,2010,4.8568
arg,sex_t,age_10yrbands_y45_54,2011,4.08
arg,sex_t,age_10yrbands_y45_54,2012,4.1323
arg,sex_t,age_10yrbands_y45_54,2013,3.505
arg,sex_t,age_10yrbands_y45_54,2014,3.7532
arg,sex_t,age_10yrbands_y45_54,2017,4.9428
arg,sex_t,age_10yrbands_y45_54,2018,5.6699
arg,sex_t,age_10yrbands_y45_54,2019,6.099
arg,sex_t,age_10yrbands_y55_64,2004,10.2246
arg,sex_t,age_10yrbands_y55_64,2005,8.62
arg,sex_t,age_10yrbands_y55_64,2006,7.2477
arg,sex_t,age_10yrbands_y55_64,2008,4.6458
arg,sex_t,age_10yrbands_y55_64,2009,5.0816
arg,sex_t,age_10yrbands_y55_64,2010,4.5269
arg,sex_t,age_10yrbands_y55_64,2011,4.1402
arg,sex_t,age_10yrbands_y55_64,2012,4.1707
arg,sex_t,age_10yrbands_y55_64,2013,3.7626
arg,sex_t,age_10yrbands_y55_64,2014,3.571
arg,sex_t,age_10yrbands_y55_64,2017,4.2893
arg,sex_t,age_10yrbands_y55_64,2018,5.066
arg,sex_t,age_10yrbands_y55_64,2019,5.5272
arg,sex_t,age_10yrbands_yge65,2004,10.3813
arg,sex_t,age_10yrbands_yge65,2005,9.248
arg,sex_t,age_10yrbands_yge65,2006,7.4884
arg,sex_t,age_10yrbands_yge65,2008,5.1021
arg,sex_t,age_10yrbands_yge65,2009,5.617
arg,sex_t,age_10yrbands_yge65,2010,4.6918
arg,sex_t,age_10yrbands_yge65,2011,3.7416
arg,sex_t,age_10yrbands_yge65,2012,2.8634
arg,sex_t,age_10yrbands_yge65,2013,3.0442
arg,sex_t,age_10yrbands_yge65,2014,3.3848
arg,sex_t,age_10yrbands_yge65,2017,4.4708
arg,sex_t,age_10yrbands_yge65,2018,6.2344
arg,sex_t,age_10yrbands_yge65,2019,4.972
arg,sex_t,age_5yrbands_total,2004,13.5221
arg,sex_t,age_5yrbands_total,2005,11.5059
arg,sex_t,age_5yrbands_total,2006,10.0775
arg,sex_t,age_5yrbands_total,2008,7.8374
arg,sex_t,age_5yrbands_total,2009,8.6453
arg,sex_t,age_5yrbands_total,2010,7.7139
arg,sex_t,age_5yrbands_total,2011,7.1795
arg,sex_t,age_5yrbands_total,2012,7.2166
arg,sex_t,age_5yrbands_total,2013,7.0996
arg,sex_t,age_5yrbands_total,2014,7.2676
arg,sex_t,age_5yrbands_total,2017,8.3474
arg,sex_t,age_5yrbands_total,2018,9.2205
arg,sex_t,age_5yrbands_total,2019,9.8427
arg,sex_t,age_5yrbands_y15_19,2004,39.8988
arg,sex_t,age_5yrbands_y15_19,2005,35.4203
arg,sex_t,age_5yrbands_y15_19,2006,31.8378
arg,sex_t,age_5yrbands_y15_19,2008,26.2073
arg,sex_t,age_5yrbands_y15_19,2009,27.737
arg,sex_t,age_5yrbands_y15_19,2010,27.1353
arg,sex_t,age_5yrbands_y15_19,2011,25.0471
arg,sex_t,age_5yrbands_y15_19,2012,23.0109
arg,sex_t,age_5yrbands_y15_19,2013,27.3665
arg,sex_t,age_5yrbands_y15_19,2014,27.2804
arg,sex_t,age_5yrbands_y15_19,2017,29.1106
arg,sex_t,age_5yrbands_y15_19,2018,31.1668
arg,sex_t,age_5yrbands_y15_19,2019,35.9351
arg,sex_t,age_5yrbands_y20_24,2004,25.262
arg,sex_t,age_5yrbands_y20_24,2005,22.4025
arg,sex_t,age_5yrbands_y20_24,2006,20.3002
arg,sex_t,age_5yrbands_y20_24,2008,15.945
arg,sex_t,age_5yrbands_y20_24,2009,18.6065
arg,sex_t,age_5yrbands_y20_24,2010,16.7662
arg,sex_t,age_5yrbands_y20_24,2011,16.6558
arg,sex_t,age_5yrbands_y20_24,2012,16.7551
arg,sex_t,age_5yrbands_y20_24,2013,17.0363
arg,sex_t,age_5yrbands_y20_24,2014,16.3647
arg,sex_t,age_5yrbands_y20_24,2017,20.9151
arg,sex_t,age_5yrbands_y20_24,2018,21.7289
arg,sex_t,age_5yrbands_y20_24,2019,23.1597
arg,sex_t,age_5yrbands_y25_29,2004,13.7481
arg,sex_t,age_5yrbands_y25_29,2005,12.47
arg,sex_t,age_5yrbands_y25_29,2006,10.3389
arg,sex_t,age_5yrbands_y25_29,2008,9.0271
arg,sex_t,age_5yrbands_y25_29,2009,10.0085
arg,sex_t,age_5yrbands_y25_29,2010,9.4109
arg,sex_t,age_5yrbands_y25_29,2011,8.4875
arg,sex_t,age_5yrbands_y25_29,2012,8.7283
arg,sex_t,age_5yrbands_y25_29,2013,8.8285
arg,sex_t,age_5yrbands_y25_29,2014,9.2946
arg,sex_t,age_5yrbands_y25_29,2017,9.9406
arg,sex_t,age_5yrbands_y25_29,2018,11.4967
arg,sex_t,age_5yrbands_y25_29,2019,13.0466
arg,sex_t,age_5yrbands_y30_34,2004,10.4223
arg,sex_t,age_5yrbands_y30_34,2005,7.8653
arg,sex_t,age_5yrbands_y30_34,2006,6.8505
arg,sex_t,age_5yrbands_y30_34,2008,6.0514
arg,sex_t,age_5yrbands_y30_34,2009,6.6694
arg,sex_t,age_5yrbands_y30_34,2010,5.3419
arg,sex_t,age_5yrbands_y30_34,2011,5.9004
arg,sex_t,age_5yrbands_y30_34,2012,5.9792
arg,sex_t,age_5yrbands_y30_34,2013,6.283
arg,sex_t,age_5yrbands_y30_34,2014,6.7187
arg,sex_t,age_5yrbands_y30_34,2017,6.2953
arg,sex_t,age_5yrbands_y30_34,2018,8.042
arg,sex_t,age_5yrbands_y30_34,2019,7.9643
arg,sex_t,age_5yrbands_y35_39,2004,8.47
arg,sex_t,age_5yrbands_y35_39,2005,6.5321
arg,sex_t,age_5yrbands_y35_39,2006,6.722
arg,sex_t,age_5yrbands_y35_39,2008,5.5468
arg,sex_t,age_5yrbands_y35_39,2009,5.6766
arg,sex_t,age_5yrbands_y35_39,2010,4.4849
arg,sex_t,age_5yrbands_y35_39,2011,4.4433
arg,sex_t,age_5yrbands_y35_39,2012,4.725
arg,sex_t,age_5yrbands_y35_39,2013,4.2143
arg,sex_t,age_5yrbands_y35_39,2014,4.7256
arg,sex_t,age_5yrbands_y35_39,2017,6.1472
arg,sex_t,age_5yrbands_y35_39,2018,6.283
arg,sex_t,age_5yrbands_y35_39,2019,7.3649
arg,sex_t,age_5yrbands_y40_44,2004,8.3261
arg,sex_t,age_5yrbands_y40_44,2005,6.7326
arg,sex_t,age_5yrbands_y40_44,2006,5.695
arg,sex_t,age_5yrbands_y40_44,2008,4.5399
arg,sex_t,age_5yrbands_y40_44,2009,5.1642
arg,sex_t,age_5yrbands_y40_44,2010,5.4119
arg,sex_t,age_5yrbands_y40_44,2011,4.4621
arg,sex_t,age_5yrbands_y40_44,2012,4.8988
arg,sex_t,age_5yrbands_y40_44,2013,4.0445
arg,sex_t,age_5yrbands_y40_44,2014,4.2979
arg,sex_t,age_5yrbands_y40_44,2017,5.4312
arg,sex_t,age_5yrbands_y40_44,2018,5.8057
arg,sex_t,age_5yrbands_y40_44,2019,6.3785
arg,sex_t,age_5yrbands_y45_49,2004,7.9344
arg,sex_t,age_5yrbands_y45_49,2005,7.0349
arg,sex_t,age_5yrbands_y45_49,2006,6.2381
arg,sex_t,age_5yrbands_y45_49,2008,4.3823
arg,sex_t,age_5yrbands_y45_49,2009,5.616
arg,sex_t,age_5yrbands_y45_49,2010,5.0922
arg,sex_t,age_5yrbands_y45_49,2011,4.0296
arg,sex_t,age_5yrbands_y45_49,2012,3.7562
arg,sex_t,age_5yrbands_y45_49,2013,3.5594
arg,sex_t,age_5yrbands_y45_49,2014,3.5534
arg,sex_t,age_5yrbands_y45_49,2017,5.1779
arg,sex_t,age_5yrbands_y45_49,2018,6.1727
arg,sex_t,age_5yrbands_y45_49,2019,6.4047
arg,sex_t,age_5yrbands_y50_54,2004,9.1916
arg,sex_t,age_5yrbands_y50_54,2005,8.4689
arg,sex_t,age_5yrbands_y50_54,2006,6.6642
arg,sex_t,age_5yrbands_y50_54,2008,5.0675
arg,sex_t,age_5yrbands_y50_54,2009,5.165
arg,sex_t,age_5yrbands_y50_54,2010,4.5712
arg,sex_t,age_5yrbands_y50_54,2011,4.1394
arg,sex_t,age_5yrbands_y50_54,2012,4.5627
arg,sex_t,age_5yrbands_y50_54,2013,3.4425
arg,sex_t,age_5yrbands_y50_54,2014,3.9788
arg,sex_t,age_5yrbands_y50_54,2017,4.6921
arg,sex_t,age_5yrbands_y50_54,2018,5.1071
arg,sex_t,age_5yrbands_y50_54,2019,5.7457
arg,sex_t,age_5yrbands_y55_59,2004,9.2966
arg,sex_t,age_5yrbands_y55_59,2005,8.7041
arg,sex_t,age_5yrbands_y55_59,2006,7.2998
arg,sex_t,age_5yrbands_y55_59,2008,4.135
arg,sex_t,age_5yrbands_y55_59,2009,5.1109
arg,sex_t,age_5yrbands_y55_59,2010,4.1233
arg,sex_t,age_5yrbands_y55_59,2011,4.3518
arg,sex_t,age_5yrbands_y55_59,2012,4.2622
arg,sex_t,age_5yrbands_y55_59,2013,3.766
arg,sex_t,age_5yrbands_y55_59,2014,3.5906
arg,sex_t,age_5yrbands_y55_59,2017,4.2009
arg,sex_t,age_5yrbands_y55_59,2018,4.9938
arg,sex_t,age_5yrbands_y55_59,2019,5.4077
arg,sex_t,age_5yrbands_y60_64,2004,11.6649
arg,sex_t,age_5yrbands_y60_64,2005,8.4951
arg,sex_t,age_5yrbands_y60_64,2006,7.1678
arg,sex_t,age_5yrbands_y60_64,2008,5.4724
arg,sex_t,age_5yrbands_y60_64,2009,5.0352
arg,sex_t,age_5yrbands_y60_64,2010,5.104
arg,sex_t,age_5yrbands_y60_64,2011,3.8347
arg,sex_t,age_5yrbands_y60_64,2012,4.0412
arg,sex_t,age_5yrbands_y60_64,2013,3.7579
arg,sex_t,age_5yrbands_y60_64,2014,3.5435
arg,sex_t,age_5yrbands_y60_64,2017,4.4202
arg,sex_t,age_5yrbands_y60_64,2018,5.1655
arg,sex_t,age_5yrbands_y60_64,2019,5.6959
arg,sex_t,age_5yrbands_yge65,2004,10.3813
arg,sex_t,age_5yrbands_yge65,2005,9.248
arg,sex_t,age_5yrbands_yge65,2006,7.4884
arg,sex_t,age_5yrbands_yge65,2008,5.1021
arg,sex_t,age_5yrbands_yge65,2009,5.617
arg,sex_t,age_5yrbands_yge65,2010,4.6918
arg,sex_t,age_5yrbands_yge65,2011,3.7416
arg,sex_t,age_5yrbands_yge65,2012,2.8634
arg,sex_t,age_5yrbands_yge65,2013,3.0442
arg,sex_t,age_5yrbands_yge65,2014,3.3848
arg,sex_t,age_5yrbands_yge65,2017,4.4708
arg,sex_t,age_5yrbands_yge65,2018,6.2344
arg,sex_t,age_5yrbands_yge65,2019,4.972
arg,sex_t,age_aggregate_total,1970,4.8
arg,sex_t,age_aggregate_total,1971,6
arg,sex_t,age_aggregate_total,1972,6.6
arg,sex_t,age_aggregate_total,1973,5.6
arg,sex_t,age_aggregate_total,1974,3.4
arg,sex_t,age_aggregate_total,1975,2.3
arg,sex_t,age_aggregate_total,1976,4.5
arg,sex_t,age_aggregate_total,1977,2.8
arg,sex_t,age_aggregate_total,1978,2.8
arg,sex_t,age_aggregate_total,1979,2
arg,sex_t,age_aggregate_total,1980,2.3
arg,sex_t,age_aggregate_total,1981,4.5
arg,sex_t,age_aggregate_total,1985,5.3
arg,sex_t,age_aggregate_total,1986,4.4
arg,sex_t,age_aggregate_total,1987,5.3
arg,sex_t,age_aggregate_total,1988,6
arg,sex_t,age_aggregate_total,1989,7.3
arg,sex_t,age_aggregate_total,1993,10.1
arg,sex_t,age_aggregate_total,1995,18.8
arg,sex_t,age_aggregate_total,2003,15.4
arg,sex_t,age_aggregate_total,2004,13.5221
arg,sex_t,age_aggregate_total,2005,11.5059
arg,sex_t,age_aggregate_total,2006,10.0775
arg,sex_t,age_aggregate_total,2008,7.8374
arg,sex_t,age_aggregate_total,2009,8.6453
arg,sex_t,age_aggregate_total,2010,7.7139
arg,sex_t,age_aggregate_total,2011,7.1795
arg,sex_t,age_aggregate_total,2012,7.2166
arg,sex_t,age_aggregate_total,2013,7.0996
arg,sex_t,age_aggregate_total,2014,7.2676
arg,sex_t,age_aggregate_total,2017,8.3474
arg,sex_t,age_aggregate_total,2018,9.2205
arg,sex_t,age_aggregate_total,2019,9.8427
arg,sex_t,age_aggregate_y15_24,2004,29.3229
arg,sex_t,age_aggregate_y15_24,2005,26.0303
arg,sex_t,age_aggregate_y15_24,2006,23.6591
arg,sex_t,age_aggregate_y15_24,2008,18.8365
arg,sex_t,age_aggregate_y15_24,2009,21.1653
arg,sex_t,age_aggregate_y15_24,2010,19.3585
arg,sex_t,age_aggregate_y15_24,2011,18.7273
arg,sex_t,age_aggregate_y15_24,2012,18.2815
arg,sex_t,age_aggregate_y15_24,2013,19.4302
arg,sex_t,age_aggregate_y15_24,2014,18.8425
arg,sex_t,age_aggregate_y15_24,2017,22.64
arg,sex_t,age_aggregate_y15_24,2018,23.7273
arg,sex_t,age_aggregate_y15_24,2019,25.8596
arg,sex_t,age_aggregate_y25_54,2004,9.8992
arg,sex_t,age_aggregate_y25_54,2005,8.3511
arg,sex_t,age_aggregate_y25_54,2006,7.2387
arg,sex_t,age_aggregate_y25_54,2008,5.9216
arg,sex_t,age_aggregate_y25_54,2009,6.5486
arg,sex_t,age_aggregate_y25_54,2010,5.8349
arg,sex_t,age_aggregate_y25_54,2011,5.3909
arg,sex_t,age_aggregate_y25_54,2012,5.5711
arg,sex_t,age_aggregate_y25_54,2013,5.2343
arg,sex_t,age_aggregate_y25_54,2014,5.6312
arg,sex_t,age_aggregate_y25_54,2017,6.3871
arg,sex_t,age_aggregate_y25_54,2018,7.2583
arg,sex_t,age_aggregate_y25_54,2019,7.953
arg,sex_t,age_aggregate_y55_64,2004,10.2246
arg,sex_t,age_aggregate_y55_64,2005,8.62
arg,sex_t,age_aggregate_y55_64,2006,7.2477
arg,sex_t,age_aggregate_y55_64,2008,4.6458
arg,sex_t,age_aggregate_y55_64,2009,5.0816
arg,sex_t,age_aggregate_y55_64,2010,4.5269
arg,sex_t,age_aggregate_y55_64,2011,4.1402
arg,sex_t,age_aggregate_y55_64,2012,4.1707
arg,sex_t,age_aggregate_y55_64,2013,3.7626
arg,sex_t,age_aggregate_y55_64,2014,3.571
arg,sex_t,age_aggregate_y55_64,2017,4.2893
arg,sex_t,age_aggregate_y55_64,2018,5.066
arg,sex_t,age_aggregate_y55_64,2019,5.5272
arg,sex_t,age_aggregate_yge65,2004,10.3813
arg,sex_t,age_aggregate_yge65,2005,9.248
arg,sex_t,age_aggregate_yge65,2006,7.4884
arg,sex_t,age_aggregate_yge65,2008,5.1021
arg,sex_t,age_aggregate_yge65,2009,5.617
arg,sex_t,age_aggregate_yge65,2010,4.6918
arg,sex_t,age_aggregate_yge65,2011,3.7416
arg,sex_t,age_aggregate_yge65,2012,2.8634
arg,sex_t,age_aggregate_yge65,2013,3.0442
arg,sex_t,age_aggregate_yge65,2014,3.3848
arg,sex_t,age_aggregate_yge65,2017,4.4708
arg,sex_t,age_aggregate_yge65,2018,6.2344
arg,sex_t,age_aggregate_yge65,2019,4.972
arg,sex_t,age_ythadult_y15_24,2004,29.3229
arg,sex_t,age_ythadult_y15_24,2005,26.0303
arg,sex_t,age_ythadult_y15_24,2006,23.6591
arg,sex_t,age_ythadult_y15_24,2008,18.8365
arg,sex_t,age_ythadult_y15_24,2009,21.1653
arg,sex_t,age_ythadult_y15_24,2010,19.3585
arg,sex_t,age_ythadult_y15_24,2011,18.7273
arg,sex_t,age_ythadult_y15_24,2012,18.2815
arg,sex_t,age_ythadult_y15_24,2013,19.4302
arg,sex_t,age_ythadult_y15_24,2014,18.8425
arg,sex_t,age_ythadult_y15_24,2017,22.64
arg,sex_t,age_ythadult_y15_24,2018,23.7273
arg,sex_t,age_ythadult_y15_24,2019,25.8596
arg,sex_t,age_ythadult_y15_64,2004,13.6413
arg,sex_t,age_ythadult_y15_64,2005,11.5989
arg,sex_t,age_ythadult_y15_64,2006,10.1832
arg,sex_t,age_ythadult_y15_64,2008,7.9325
arg,sex_t,age_ythadult_y15_64,2009,8.7566
arg,sex_t,age_ythadult_y15_64,2010,7.8235
arg,sex_t,age_ythadult_y15_64,2011,7.3032
arg,sex_t,age_ythadult_y15_64,2012,7.3637
arg,sex_t,age_ythadult_y15_64,2013,7.2392
arg,sex_t,age_ythadult_y15_64,2014,7.4092
arg,sex_t,age_ythadult_y15_64,2017,8.5335
arg,sex_t,age_ythadult_y15_64,2018,9.3666
arg,sex_t,age_ythadult_y15_64,2019,10.0923
arg,sex_t,age_ythadult_yge15,1970,4.8
arg,sex_t,age_ythadult_yge15,1971,6
arg,sex_t,age_ythadult_yge15,1972,6.6
arg,sex_t,age_ythadult_yge15,1973,5.6
arg,sex_t,age_ythadult_yge15,1974,3.4
arg,sex_t,age_ythadult_yge15,1975,2.3
arg,sex_t,age_ythadult_yge15,1976,4.5
arg,sex_t,age_ythadult_yge15,1977,2.8
arg,sex_t,age_ythadult_yge15,1978,2.8
arg,sex_t,age_ythadult_yge15,1979,2
arg,sex_t,age_ythadult_yge15,1980,2.3
arg,sex_t,age_ythadult_yge15,1981,4.5
arg,sex_t,age_ythadult_yge15,1982,4.73
arg,sex_t,age_ythadult_yge15,1983,4.17
arg,sex_t,age_ythadult_yge15,1984,3.54
arg,sex_t,age_ythadult_yge15,1985,5.3
arg,sex_t,age_ythadult_yge15,1986,4.4
arg,sex_t,age_ythadult_yge15,1987,5.3
arg,sex_t,age_ythadult_yge15,1988,6
arg,sex_t,age_ythadult_yge15,1989,7.3
arg,sex_t,age_ythadult_yge15,1990,7.06
arg,sex_t,age_ythadult_yge15,1991,5.44
arg,sex_t,age_ythadult_yge15,1992,6.36
arg,sex_t,age_ythadult_yge15,1993,10.1
arg,sex_t,age_ythadult_yge15,1994,11.76
arg,sex_t,age_ythadult_yge15,1995,18.8
arg,sex_t,age_ythadult_yge15,1996,17.11
arg,sex_t,age_ythadult_yge15,1997,14.82
arg,sex_t,age_ythadult_yge15,1998,12.65
arg,sex_t,age_ythadult_yge15,1999,14.05
arg,sex_t,age_ythadult_yge15,2000,15
arg,sex_t,age_ythadult_yge15,2001,17.32
arg,sex_t,age_ythadult_yge15,2002,19.59
arg,sex_t,age_ythadult_yge15,2003,15.36
arg,sex_t,age_ythadult_yge15,2004,13.5221
arg,sex_t,age_ythadult_yge15,2005,11.5059
arg,sex_t,age_ythadult_yge15,2006,10.0775
arg,sex_t,age_ythadult_yge15,2007,8.47
arg,sex_t,age_ythadult_yge15,2008,7.8374
arg,sex_t,age_ythadult_yge15,2009,8.6453
arg,sex_t,age_ythadult_yge15,2010,7.7139
arg,sex_t,age_ythadult_yge15,2011,7.1795
arg,sex_t,age_ythadult_yge15,2012,7.2166
arg,sex_t,age_ythadult_yge15,2013,7.0996
arg,sex_t,age_ythadult_yge15,2014,7.2676
arg,sex_t,age_ythadult_yge15,2017,8.3474
arg,sex_t,age_ythadult_yge15,2018,9.2205
arg,sex_t,age_ythadult_yge15,2019,9.8427
arg,sex_t,age_ythadult_yge25,2004,9.9646
arg,sex_t,age_ythadult_yge25,2005,8.4311
arg,sex_t,age_ythadult_yge25,2006,7.2518
arg,sex_t,age_ythadult_yge25,2008,5.7082
arg,sex_t,age_ythadult_yge25,2009,6.3011
arg,sex_t,age_ythadult_yge25,2010,5.6004
arg,sex_t,age_ythadult_yge25,2011,5.1438
arg,sex_t,age_ythadult_yge25,2012,5.2608
arg,sex_t,age_ythadult_yge25,2013,4.9342
arg,sex_t,age_ythadult_yge25,2014,5.2398
arg,sex_t,age_ythadult_yge25,2017,5.9506
arg,sex_t,age_ythadult_yge25,2018,6.863
arg,sex_t,age_ythadult_yge25,2019,7.4114
