ref_area,sex,classif1,classif2,time,emp_2emp_sex_age_cla_nb
sau,sex_f,age_ythadult_y15_24,cla_ecocla_total,1991,73.678
sau,sex_f,age_ythadult_y15_24,cla_ecocla_total,1992,73.645
sau,sex_f,age_ythadult_y15_24,cla_ecocla_total,1993,76.293
sau,sex_f,age_ythadult_y15_24,cla_ecocla_total,1994,80.424
sau,sex_f,age_ythadult_y15_24,cla_ecocla_total,1995,84.782
sau,sex_f,age_ythadult_y15_24,cla_ecocla_total,1996,93.955
sau,sex_f,age_ythadult_y15_24,cla_ecocla_total,1997,102.583
sau,sex_f,age_ythadult_y15_24,cla_ecocla_total,1998,110.166
sau,sex_f,age_ythadult_y15_24,cla_ecocla_total,1999,117.495
sau,sex_f,age_ythadult_y15_24,cla_ecocla_total,2000,97.276
sau,sex_f,age_ythadult_y15_24,cla_ecocla_total,2001,94.421
sau,sex_f,age_ythadult_y15_24,cla_ecocla_total,2002,87.401
sau,sex_f,age_ythadult_y15_24,cla_ecocla_total,2003,89.343
sau,sex_f,age_ythadult_y15_24,cla_ecocla_total,2004,89.688
sau,sex_f,age_ythadult_y15_24,cla_ecocla_total,2005,90.223
sau,sex_f,age_ythadult_y15_24,cla_ecocla_total,2006,93.882
sau,sex_f,age_ythadult_y15_24,cla_ecocla_total,2007,86.902
sau,sex_f,age_ythadult_y15_24,cla_ecocla_total,2008,79.99
sau,sex_f,age_ythadult_y15_24,cla_ecocla_total,2009,69.307
sau,sex_f,age_ythadult_y15_24,cla_ecocla_total,2010,81.887
sau,sex_f,age_ythadult_y15_24,cla_ecocla_total,2011,96.182
sau,sex_f,age_ythadult_y15_24,cla_ecocla_total,2012,94.198
sau,sex_f,age_ythadult_y15_24,cla_ecocla_total,2013,102.551
sau,sex_f,age_ythadult_y15_24,cla_ecocla_total,2014,92.44
sau,sex_f,age_ythadult_y15_24,cla_ecocla_total,2015,84.843
sau,sex_f,age_ythadult_y15_24,cla_ecocla_total,2016,107.354
sau,sex_f,age_ythadult_y15_24,cla_ecocla_total,2017,97.686
sau,sex_f,age_ythadult_y15_24,cla_ecocla_total,2018,70.987
sau,sex_f,age_ythadult_y15_24,cla_ecocla_total,2019,65.772
sau,sex_f,age_ythadult_y15_24,cla_ecocla_usdge2lt3,1991,0.143
sau,sex_f,age_ythadult_y15_24,cla_ecocla_usdge2lt3,1992,0.145
sau,sex_f,age_ythadult_y15_24,cla_ecocla_usdge2lt3,1993,0.155
sau,sex_f,age_ythadult_y15_24,cla_ecocla_usdge2lt3,1994,0.165
sau,sex_f,age_ythadult_y15_24,cla_ecocla_usdge2lt3,1995,0.173
sau,sex_f,age_ythadult_y15_24,cla_ecocla_usdge2lt3,1996,0.181
sau,sex_f,age_ythadult_y15_24,cla_ecocla_usdge2lt3,1997,0.187
sau,sex_f,age_ythadult_y15_24,cla_ecocla_usdge2lt3,1998,0.192
sau,sex_f,age_ythadult_y15_24,cla_ecocla_usdge2lt3,1999,0.204
sau,sex_f,age_ythadult_y15_24,cla_ecocla_usdge2lt3,2000,0.145
sau,sex_f,age_ythadult_y15_24,cla_ecocla_usdge2lt3,2001,0.134
sau,sex_f,age_ythadult_y15_24,cla_ecocla_usdge2lt3,2002,0.12
sau,sex_f,age_ythadult_y15_24,cla_ecocla_usdge2lt3,2003,0.108
sau,sex_f,age_ythadult_y15_24,cla_ecocla_usdge2lt3,2004,0.098
sau,sex_f,age_ythadult_y15_24,cla_ecocla_usdge2lt3,2005,0.091
sau,sex_f,age_ythadult_y15_24,cla_ecocla_usdge2lt3,2006,0.089
sau,sex_f,age_ythadult_y15_24,cla_ecocla_usdge2lt3,2007,0.073
sau,sex_f,age_ythadult_y15_24,cla_ecocla_usdge2lt3,2008,0.059
sau,sex_f,age_ythadult_y15_24,cla_ecocla_usdge2lt3,2009,0.048
sau,sex_f,age_ythadult_y15_24,cla_ecocla_usdge2lt3,2010,0.052
sau,sex_f,age_ythadult_y15_24,cla_ecocla_usdge2lt3,2011,0.053
sau,sex_f,age_ythadult_y15_24,cla_ecocla_usdge2lt3,2012,0.045
sau,sex_f,age_ythadult_y15_24,cla_ecocla_usdge2lt3,2013,0.045
sau,sex_f,age_ythadult_y15_24,cla_ecocla_usdge2lt3,2014,0.039
sau,sex_f,age_ythadult_y15_24,cla_ecocla_usdge2lt3,2015,0.034
sau,sex_f,age_ythadult_y15_24,cla_ecocla_usdge2lt3,2016,0.046
sau,sex_f,age_ythadult_y15_24,cla_ecocla_usdge2lt3,2017,0.043
sau,sex_f,age_ythadult_y15_24,cla_ecocla_usdge2lt3,2018,0.031
sau,sex_f,age_ythadult_y15_24,cla_ecocla_usdge2lt3,2019,0.029
sau,sex_f,age_ythadult_y15_24,cla_ecocla_usdge3lt5,1991,0.169
sau,sex_f,age_ythadult_y15_24,cla_ecocla_usdge3lt5,1992,0.174
sau,sex_f,age_ythadult_y15_24,cla_ecocla_usdge3lt5,1993,0.188
sau,sex_f,age_ythadult_y15_24,cla_ecocla_usdge3lt5,1994,0.203
sau,sex_f,age_ythadult_y15_24,cla_ecocla_usdge3lt5,1995,0.216
sau,sex_f,age_ythadult_y15_24,cla_ecocla_usdge3lt5,1996,0.231
sau,sex_f,age_ythadult_y15_24,cla_ecocla_usdge3lt5,1997,0.246
sau,sex_f,age_ythadult_y15_24,cla_ecocla_usdge3lt5,1998,0.256
sau,sex_f,age_ythadult_y15_24,cla_ecocla_usdge3lt5,1999,0.279
sau,sex_f,age_ythadult_y15_24,cla_ecocla_usdge3lt5,2000,0.221
sau,sex_f,age_ythadult_y15_24,cla_ecocla_usdge3lt5,2001,0.208
sau,sex_f,age_ythadult_y15_24,cla_ecocla_usdge3lt5,2002,0.19
sau,sex_f,age_ythadult_y15_24,cla_ecocla_usdge3lt5,2003,0.171
sau,sex_f,age_ythadult_y15_24,cla_ecocla_usdge3lt5,2004,0.157
sau,sex_f,age_ythadult_y15_24,cla_ecocla_usdge3lt5,2005,0.145
sau,sex_f,age_ythadult_y15_24,cla_ecocla_usdge3lt5,2006,0.142
sau,sex_f,age_ythadult_y15_24,cla_ecocla_usdge3lt5,2007,0.124
sau,sex_f,age_ythadult_y15_24,cla_ecocla_usdge3lt5,2008,0.105
sau,sex_f,age_ythadult_y15_24,cla_ecocla_usdge3lt5,2009,0.089
sau,sex_f,age_ythadult_y15_24,cla_ecocla_usdge3lt5,2010,0.099
sau,sex_f,age_ythadult_y15_24,cla_ecocla_usdge3lt5,2011,0.105
sau,sex_f,age_ythadult_y15_24,cla_ecocla_usdge3lt5,2012,0.098
sau,sex_f,age_ythadult_y15_24,cla_ecocla_usdge3lt5,2013,0.103
sau,sex_f,age_ythadult_y15_24,cla_ecocla_usdge3lt5,2014,0.089
sau,sex_f,age_ythadult_y15_24,cla_ecocla_usdge3lt5,2015,0.079
sau,sex_f,age_ythadult_y15_24,cla_ecocla_usdge3lt5,2016,0.099
sau,sex_f,age_ythadult_y15_24,cla_ecocla_usdge3lt5,2017,0.091
sau,sex_f,age_ythadult_y15_24,cla_ecocla_usdge3lt5,2018,0.064
sau,sex_f,age_ythadult_y15_24,cla_ecocla_usdge3lt5,2019,0.061
sau,sex_f,age_ythadult_y15_24,cla_ecocla_usdge5,1991,73.366
sau,sex_f,age_ythadult_y15_24,cla_ecocla_usdge5,1992,73.326
sau,sex_f,age_ythadult_y15_24,cla_ecocla_usdge5,1993,75.949
sau,sex_f,age_ythadult_y15_24,cla_ecocla_usdge5,1994,80.055
sau,sex_f,age_ythadult_y15_24,cla_ecocla_usdge5,1995,84.393
sau,sex_f,age_ythadult_y15_24,cla_ecocla_usdge5,1996,93.543
sau,sex_f,age_ythadult_y15_24,cla_ecocla_usdge5,1997,102.15
sau,sex_f,age_ythadult_y15_24,cla_ecocla_usdge5,1998,109.719
sau,sex_f,age_ythadult_y15_24,cla_ecocla_usdge5,1999,117.012
sau,sex_f,age_ythadult_y15_24,cla_ecocla_usdge5,2000,96.91
sau,sex_f,age_ythadult_y15_24,cla_ecocla_usdge5,2001,94.079
sau,sex_f,age_ythadult_y15_24,cla_ecocla_usdge5,2002,87.09
sau,sex_f,age_ythadult_y15_24,cla_ecocla_usdge5,2003,89.063
sau,sex_f,age_ythadult_y15_24,cla_ecocla_usdge5,2004,89.433
sau,sex_f,age_ythadult_y15_24,cla_ecocla_usdge5,2005,89.987
sau,sex_f,age_ythadult_y15_24,cla_ecocla_usdge5,2006,93.652
sau,sex_f,age_ythadult_y15_24,cla_ecocla_usdge5,2007,86.705
sau,sex_f,age_ythadult_y15_24,cla_ecocla_usdge5,2008,79.826
sau,sex_f,age_ythadult_y15_24,cla_ecocla_usdge5,2009,69.171
sau,sex_f,age_ythadult_y15_24,cla_ecocla_usdge5,2010,81.736
sau,sex_f,age_ythadult_y15_24,cla_ecocla_usdge5,2011,96.024
sau,sex_f,age_ythadult_y15_24,cla_ecocla_usdge5,2012,94.055
sau,sex_f,age_ythadult_y15_24,cla_ecocla_usdge5,2013,102.403
sau,sex_f,age_ythadult_y15_24,cla_ecocla_usdge5,2014,92.312
sau,sex_f,age_ythadult_y15_24,cla_ecocla_usdge5,2015,84.73
sau,sex_f,age_ythadult_y15_24,cla_ecocla_usdge5,2016,107.209
sau,sex_f,age_ythadult_y15_24,cla_ecocla_usdge5,2017,97.552
sau,sex_f,age_ythadult_y15_24,cla_ecocla_usdge5,2018,70.891
sau,sex_f,age_ythadult_y15_24,cla_ecocla_usdge5,2019,65.682
sau,sex_f,age_ythadult_y15_24,cla_ecocla_usdlt2,1991,0
sau,sex_f,age_ythadult_y15_24,cla_ecocla_usdlt2,1992,0
sau,sex_f,age_ythadult_y15_24,cla_ecocla_usdlt2,1993,0
sau,sex_f,age_ythadult_y15_24,cla_ecocla_usdlt2,1994,0
sau,sex_f,age_ythadult_y15_24,cla_ecocla_usdlt2,1995,0
sau,sex_f,age_ythadult_y15_24,cla_ecocla_usdlt2,1996,0
sau,sex_f,age_ythadult_y15_24,cla_ecocla_usdlt2,1997,0
sau,sex_f,age_ythadult_y15_24,cla_ecocla_usdlt2,1998,0
sau,sex_f,age_ythadult_y15_24,cla_ecocla_usdlt2,1999,0
sau,sex_f,age_ythadult_y15_24,cla_ecocla_usdlt2,2000,0
sau,sex_f,age_ythadult_y15_24,cla_ecocla_usdlt2,2001,0
sau,sex_f,age_ythadult_y15_24,cla_ecocla_usdlt2,2002,0
sau,sex_f,age_ythadult_y15_24,cla_ecocla_usdlt2,2003,0
sau,sex_f,age_ythadult_y15_24,cla_ecocla_usdlt2,2004,0
sau,sex_f,age_ythadult_y15_24,cla_ecocla_usdlt2,2005,0
sau,sex_f,age_ythadult_y15_24,cla_ecocla_usdlt2,2006,0
sau,sex_f,age_ythadult_y15_24,cla_ecocla_usdlt2,2007,0
sau,sex_f,age_ythadult_y15_24,cla_ecocla_usdlt2,2008,0
sau,sex_f,age_ythadult_y15_24,cla_ecocla_usdlt2,2009,0
sau,sex_f,age_ythadult_y15_24,cla_ecocla_usdlt2,2010,0
sau,sex_f,age_ythadult_y15_24,cla_ecocla_usdlt2,2011,0
sau,sex_f,age_ythadult_y15_24,cla_ecocla_usdlt2,2012,0
sau,sex_f,age_ythadult_y15_24,cla_ecocla_usdlt2,2013,0
sau,sex_f,age_ythadult_y15_24,cla_ecocla_usdlt2,2014,0
sau,sex_f,age_ythadult_y15_24,cla_ecocla_usdlt2,2015,0
sau,sex_f,age_ythadult_y15_24,cla_ecocla_usdlt2,2016,0
sau,sex_f,age_ythadult_y15_24,cla_ecocla_usdlt2,2017,0
sau,sex_f,age_ythadult_y15_24,cla_ecocla_usdlt2,2018,0
sau,sex_f,age_ythadult_y15_24,cla_ecocla_usdlt2,2019,0
sau,sex_f,age_ythadult_yge15,cla_ecocla_total,1991,528.585
sau,sex_f,age_ythadult_yge15,cla_ecocla_total,1992,544.293
sau,sex_f,age_ythadult_yge15,cla_ecocla_total,1993,571.146
sau,sex_f,age_ythadult_yge15,cla_ecocla_total,1994,598.686
sau,sex_f,age_ythadult_yge15,cla_ecocla_total,1995,624.882
sau,sex_f,age_ythadult_yge15,cla_ecocla_total,1996,662.15
sau,sex_f,age_ythadult_yge15,cla_ecocla_total,1997,703.165
sau,sex_f,age_ythadult_yge15,cla_ecocla_total,1998,747.476
sau,sex_f,age_ythadult_yge15,cla_ecocla_total,1999,798.942
sau,sex_f,age_ythadult_yge15,cla_ecocla_total,2000,804.936
sau,sex_f,age_ythadult_yge15,cla_ecocla_total,2001,822.58
sau,sex_f,age_ythadult_yge15,cla_ecocla_total,2002,831.155
sau,sex_f,age_ythadult_yge15,cla_ecocla_total,2003,880.4
sau,sex_f,age_ythadult_yge15,cla_ecocla_total,2004,935.368
sau,sex_f,age_ythadult_yge15,cla_ecocla_total,2005,996.43
sau,sex_f,age_ythadult_yge15,cla_ecocla_total,2006,1063.185
sau,sex_f,age_ythadult_yge15,cla_ecocla_total,2007,1086.087
sau,sex_f,age_ythadult_yge15,cla_ecocla_total,2008,1113.858
sau,sex_f,age_ythadult_yge15,cla_ecocla_total,2009,1104.361
sau,sex_f,age_ythadult_yge15,cla_ecocla_total,2010,1202.517
sau,sex_f,age_ythadult_yge15,cla_ecocla_total,2011,1323.698
sau,sex_f,age_ythadult_yge15,cla_ecocla_total,2012,1401.179
sau,sex_f,age_ythadult_yge15,cla_ecocla_total,2013,1459.125
sau,sex_f,age_ythadult_yge15,cla_ecocla_total,2014,1526.031
sau,sex_f,age_ythadult_yge15,cla_ecocla_total,2015,1679.056
sau,sex_f,age_ythadult_yge15,cla_ecocla_total,2016,1800.39
sau,sex_f,age_ythadult_yge15,cla_ecocla_total,2017,1799.459
sau,sex_f,age_ythadult_yge15,cla_ecocla_total,2018,1727.922
sau,sex_f,age_ythadult_yge15,cla_ecocla_total,2019,1751.855
sau,sex_f,age_ythadult_yge15,cla_ecocla_usdge2lt3,1991,1.137
sau,sex_f,age_ythadult_yge15,cla_ecocla_usdge2lt3,1992,1.2
sau,sex_f,age_ythadult_yge15,cla_ecocla_usdge2lt3,1993,1.297
sau,sex_f,age_ythadult_yge15,cla_ecocla_usdge2lt3,1994,1.371
sau,sex_f,age_ythadult_yge15,cla_ecocla_usdge2lt3,1995,1.417
sau,sex_f,age_ythadult_yge15,cla_ecocla_usdge2lt3,1996,1.407
sau,sex_f,age_ythadult_yge15,cla_ecocla_usdge2lt3,1997,1.41
sau,sex_f,age_ythadult_yge15,cla_ecocla_usdge2lt3,1998,1.417
sau,sex_f,age_ythadult_yge15,cla_ecocla_usdge2lt3,1999,1.502
sau,sex_f,age_ythadult_yge15,cla_ecocla_usdge2lt3,2000,1.348
sau,sex_f,age_ythadult_yge15,cla_ecocla_usdge2lt3,2001,1.323
sau,sex_f,age_ythadult_yge15,cla_ecocla_usdge2lt3,2002,1.318
sau,sex_f,age_ythadult_yge15,cla_ecocla_usdge2lt3,2003,1.22
sau,sex_f,age_ythadult_yge15,cla_ecocla_usdge2lt3,2004,1.17
sau,sex_f,age_ythadult_yge15,cla_ecocla_usdge2lt3,2005,1.143
sau,sex_f,age_ythadult_yge15,cla_ecocla_usdge2lt3,2006,1.136
sau,sex_f,age_ythadult_yge15,cla_ecocla_usdge2lt3,2007,1.053
sau,sex_f,age_ythadult_yge15,cla_ecocla_usdge2lt3,2008,0.956
sau,sex_f,age_ythadult_yge15,cla_ecocla_usdge2lt3,2009,0.914
sau,sex_f,age_ythadult_yge15,cla_ecocla_usdge2lt3,2010,0.902
sau,sex_f,age_ythadult_yge15,cla_ecocla_usdge2lt3,2011,0.854
sau,sex_f,age_ythadult_yge15,cla_ecocla_usdge2lt3,2012,0.783
sau,sex_f,age_ythadult_yge15,cla_ecocla_usdge2lt3,2013,0.751
sau,sex_f,age_ythadult_yge15,cla_ecocla_usdge2lt3,2014,0.759
sau,sex_f,age_ythadult_yge15,cla_ecocla_usdge2lt3,2015,0.798
sau,sex_f,age_ythadult_yge15,cla_ecocla_usdge2lt3,2016,0.872
sau,sex_f,age_ythadult_yge15,cla_ecocla_usdge2lt3,2017,0.913
sau,sex_f,age_ythadult_yge15,cla_ecocla_usdge2lt3,2018,0.898
sau,sex_f,age_ythadult_yge15,cla_ecocla_usdge2lt3,2019,0.931
sau,sex_f,age_ythadult_yge15,cla_ecocla_usdge3lt5,1991,1.219
sau,sex_f,age_ythadult_yge15,cla_ecocla_usdge3lt5,1992,1.29
sau,sex_f,age_ythadult_yge15,cla_ecocla_usdge3lt5,1993,1.418
sau,sex_f,age_ythadult_yge15,cla_ecocla_usdge3lt5,1994,1.521
sau,sex_f,age_ythadult_yge15,cla_ecocla_usdge3lt5,1995,1.604
sau,sex_f,age_ythadult_yge15,cla_ecocla_usdge3lt5,1996,1.638
sau,sex_f,age_ythadult_yge15,cla_ecocla_usdge3lt5,1997,1.69
sau,sex_f,age_ythadult_yge15,cla_ecocla_usdge3lt5,1998,1.74
sau,sex_f,age_ythadult_yge15,cla_ecocla_usdge3lt5,1999,1.898
sau,sex_f,age_ythadult_yge15,cla_ecocla_usdge3lt5,2000,1.861
sau,sex_f,age_ythadult_yge15,cla_ecocla_usdge3lt5,2001,1.851
sau,sex_f,age_ythadult_yge15,cla_ecocla_usdge3lt5,2002,1.854
sau,sex_f,age_ythadult_yge15,cla_ecocla_usdge3lt5,2003,1.735
sau,sex_f,age_ythadult_yge15,cla_ecocla_usdge3lt5,2004,1.683
sau,sex_f,age_ythadult_yge15,cla_ecocla_usdge3lt5,2005,1.663
sau,sex_f,age_ythadult_yge15,cla_ecocla_usdge3lt5,2006,1.667
sau,sex_f,age_ythadult_yge15,cla_ecocla_usdge3lt5,2007,1.62
sau,sex_f,age_ythadult_yge15,cla_ecocla_usdge3lt5,2008,1.536
sau,sex_f,age_ythadult_yge15,cla_ecocla_usdge3lt5,2009,1.491
sau,sex_f,age_ythadult_yge15,cla_ecocla_usdge3lt5,2010,1.528
sau,sex_f,age_ythadult_yge15,cla_ecocla_usdge3lt5,2011,1.522
sau,sex_f,age_ythadult_yge15,cla_ecocla_usdge3lt5,2012,1.53
sau,sex_f,age_ythadult_yge15,cla_ecocla_usdge3lt5,2013,1.538
sau,sex_f,age_ythadult_yge15,cla_ecocla_usdge3lt5,2014,1.546
sau,sex_f,age_ythadult_yge15,cla_ecocla_usdge3lt5,2015,1.658
sau,sex_f,age_ythadult_yge15,cla_ecocla_usdge3lt5,2016,1.752
sau,sex_f,age_ythadult_yge15,cla_ecocla_usdge3lt5,2017,1.755
sau,sex_f,age_ythadult_yge15,cla_ecocla_usdge3lt5,2018,1.661
sau,sex_f,age_ythadult_yge15,cla_ecocla_usdge3lt5,2019,1.708
sau,sex_f,age_ythadult_yge15,cla_ecocla_usdge5,1991,526.229
sau,sex_f,age_ythadult_yge15,cla_ecocla_usdge5,1992,541.803
sau,sex_f,age_ythadult_yge15,cla_ecocla_usdge5,1993,568.431
sau,sex_f,age_ythadult_yge15,cla_ecocla_usdge5,1994,595.794
sau,sex_f,age_ythadult_yge15,cla_ecocla_usdge5,1995,621.861
sau,sex_f,age_ythadult_yge15,cla_ecocla_usdge5,1996,659.105
sau,sex_f,age_ythadult_yge15,cla_ecocla_usdge5,1997,700.064
sau,sex_f,age_ythadult_yge15,cla_ecocla_usdge5,1998,744.319
sau,sex_f,age_ythadult_yge15,cla_ecocla_usdge5,1999,795.542
sau,sex_f,age_ythadult_yge15,cla_ecocla_usdge5,2000,801.728
sau,sex_f,age_ythadult_yge15,cla_ecocla_usdge5,2001,819.405
sau,sex_f,age_ythadult_yge15,cla_ecocla_usdge5,2002,827.983
sau,sex_f,age_ythadult_yge15,cla_ecocla_usdge5,2003,877.445
sau,sex_f,age_ythadult_yge15,cla_ecocla_usdge5,2004,932.515
sau,sex_f,age_ythadult_yge15,cla_ecocla_usdge5,2005,993.624
sau,sex_f,age_ythadult_yge15,cla_ecocla_usdge5,2006,1060.382
sau,sex_f,age_ythadult_yge15,cla_ecocla_usdge5,2007,1083.414
sau,sex_f,age_ythadult_yge15,cla_ecocla_usdge5,2008,1111.366
sau,sex_f,age_ythadult_yge15,cla_ecocla_usdge5,2009,1101.956
sau,sex_f,age_ythadult_yge15,cla_ecocla_usdge5,2010,1200.085
sau,sex_f,age_ythadult_yge15,cla_ecocla_usdge5,2011,1321.323
sau,sex_f,age_ythadult_yge15,cla_ecocla_usdge5,2012,1398.866
sau,sex_f,age_ythadult_yge15,cla_ecocla_usdge5,2013,1456.836
sau,sex_f,age_ythadult_yge15,cla_ecocla_usdge5,2014,1523.726
sau,sex_f,age_ythadult_yge15,cla_ecocla_usdge5,2015,1676.6
sau,sex_f,age_ythadult_yge15,cla_ecocla_usdge5,2016,1797.767
sau,sex_f,age_ythadult_yge15,cla_ecocla_usdge5,2017,1796.789
sau,sex_f,age_ythadult_yge15,cla_ecocla_usdge5,2018,1725.362
sau,sex_f,age_ythadult_yge15,cla_ecocla_usdge5,2019,1749.216
sau,sex_f,age_ythadult_yge15,cla_ecocla_usdlt2,1991,0
sau,sex_f,age_ythadult_yge15,cla_ecocla_usdlt2,1992,0
sau,sex_f,age_ythadult_yge15,cla_ecocla_usdlt2,1993,0
sau,sex_f,age_ythadult_yge15,cla_ecocla_usdlt2,1994,0
sau,sex_f,age_ythadult_yge15,cla_ecocla_usdlt2,1995,0
sau,sex_f,age_ythadult_yge15,cla_ecocla_usdlt2,1996,0
sau,sex_f,age_ythadult_yge15,cla_ecocla_usdlt2,1997,0
sau,sex_f,age_ythadult_yge15,cla_ecocla_usdlt2,1998,0
sau,sex_f,age_ythadult_yge15,cla_ecocla_usdlt2,1999,0
sau,sex_f,age_ythadult_yge15,cla_ecocla_usdlt2,2000,0
sau,sex_f,age_ythadult_yge15,cla_ecocla_usdlt2,2001,0
sau,sex_f,age_ythadult_yge15,cla_ecocla_usdlt2,2002,0
sau,sex_f,age_ythadult_yge15,cla_ecocla_usdlt2,2003,0
sau,sex_f,age_ythadult_yge15,cla_ecocla_usdlt2,2004,0
sau,sex_f,age_ythadult_yge15,cla_ecocla_usdlt2,2005,0
sau,sex_f,age_ythadult_yge15,cla_ecocla_usdlt2,2006,0
sau,sex_f,age_ythadult_yge15,cla_ecocla_usdlt2,2007,0
sau,sex_f,age_ythadult_yge15,cla_ecocla_usdlt2,2008,0
sau,sex_f,age_ythadult_yge15,cla_ecocla_usdlt2,2009,0
sau,sex_f,age_ythadult_yge15,cla_ecocla_usdlt2,2010,0
sau,sex_f,age_ythadult_yge15,cla_ecocla_usdlt2,2011,0
sau,sex_f,age_ythadult_yge15,cla_ecocla_usdlt2,2012,0
sau,sex_f,age_ythadult_yge15,cla_ecocla_usdlt2,2013,0
sau,sex_f,age_ythadult_yge15,cla_ecocla_usdlt2,2014,0
sau,sex_f,age_ythadult_yge15,cla_ecocla_usdlt2,2015,0
sau,sex_f,age_ythadult_yge15,cla_ecocla_usdlt2,2016,0
sau,sex_f,age_ythadult_yge15,cla_ecocla_usdlt2,2017,0
sau,sex_f,age_ythadult_yge15,cla_ecocla_usdlt2,2018,0
sau,sex_f,age_ythadult_yge15,cla_ecocla_usdlt2,2019,0
sau,sex_f,age_ythadult_yge25,cla_ecocla_total,1991,454.907
sau,sex_f,age_ythadult_yge25,cla_ecocla_total,1992,470.648
sau,sex_f,age_ythadult_yge25,cla_ecocla_total,1993,494.853
sau,sex_f,age_ythadult_yge25,cla_ecocla_total,1994,518.262
sau,sex_f,age_ythadult_yge25,cla_ecocla_total,1995,540.1
sau,sex_f,age_ythadult_yge25,cla_ecocla_total,1996,568.195
sau,sex_f,age_ythadult_yge25,cla_ecocla_total,1997,600.581
sau,sex_f,age_ythadult_yge25,cla_ecocla_total,1998,637.31
sau,sex_f,age_ythadult_yge25,cla_ecocla_total,1999,681.447
sau,sex_f,age_ythadult_yge25,cla_ecocla_total,2000,707.66
sau,sex_f,age_ythadult_yge25,cla_ecocla_total,2001,728.159
sau,sex_f,age_ythadult_yge25,cla_ecocla_total,2002,743.754
sau,sex_f,age_ythadult_yge25,cla_ecocla_total,2003,791.057
sau,sex_f,age_ythadult_yge25,cla_ecocla_total,2004,845.68
sau,sex_f,age_ythadult_yge25,cla_ecocla_total,2005,906.207
sau,sex_f,age_ythadult_yge25,cla_ecocla_total,2006,969.303
sau,sex_f,age_ythadult_yge25,cla_ecocla_total,2007,999.185
sau,sex_f,age_ythadult_yge25,cla_ecocla_total,2008,1033.868
sau,sex_f,age_ythadult_yge25,cla_ecocla_total,2009,1035.054
sau,sex_f,age_ythadult_yge25,cla_ecocla_total,2010,1120.629
sau,sex_f,age_ythadult_yge25,cla_ecocla_total,2011,1227.517
sau,sex_f,age_ythadult_yge25,cla_ecocla_total,2012,1306.981
sau,sex_f,age_ythadult_yge25,cla_ecocla_total,2013,1356.574
sau,sex_f,age_ythadult_yge25,cla_ecocla_total,2014,1433.591
sau,sex_f,age_ythadult_yge25,cla_ecocla_total,2015,1594.212
sau,sex_f,age_ythadult_yge25,cla_ecocla_total,2016,1693.037
sau,sex_f,age_ythadult_yge25,cla_ecocla_total,2017,1701.772
sau,sex_f,age_ythadult_yge25,cla_ecocla_total,2018,1656.935
sau,sex_f,age_ythadult_yge25,cla_ecocla_total,2019,1686.082
sau,sex_f,age_ythadult_yge25,cla_ecocla_usdge2lt3,1991,0.994
sau,sex_f,age_ythadult_yge25,cla_ecocla_usdge2lt3,1992,1.055
sau,sex_f,age_ythadult_yge25,cla_ecocla_usdge2lt3,1993,1.142
sau,sex_f,age_ythadult_yge25,cla_ecocla_usdge2lt3,1994,1.206
sau,sex_f,age_ythadult_yge25,cla_ecocla_usdge2lt3,1995,1.244
sau,sex_f,age_ythadult_yge25,cla_ecocla_usdge2lt3,1996,1.226
sau,sex_f,age_ythadult_yge25,cla_ecocla_usdge2lt3,1997,1.222
sau,sex_f,age_ythadult_yge25,cla_ecocla_usdge2lt3,1998,1.225
sau,sex_f,age_ythadult_yge25,cla_ecocla_usdge2lt3,1999,1.298
sau,sex_f,age_ythadult_yge25,cla_ecocla_usdge2lt3,2000,1.203
sau,sex_f,age_ythadult_yge25,cla_ecocla_usdge2lt3,2001,1.189
sau,sex_f,age_ythadult_yge25,cla_ecocla_usdge2lt3,2002,1.198
sau,sex_f,age_ythadult_yge25,cla_ecocla_usdge2lt3,2003,1.112
sau,sex_f,age_ythadult_yge25,cla_ecocla_usdge2lt3,2004,1.072
sau,sex_f,age_ythadult_yge25,cla_ecocla_usdge2lt3,2005,1.052
sau,sex_f,age_ythadult_yge25,cla_ecocla_usdge2lt3,2006,1.048
sau,sex_f,age_ythadult_yge25,cla_ecocla_usdge2lt3,2007,0.98
sau,sex_f,age_ythadult_yge25,cla_ecocla_usdge2lt3,2008,0.897
sau,sex_f,age_ythadult_yge25,cla_ecocla_usdge2lt3,2009,0.866
sau,sex_f,age_ythadult_yge25,cla_ecocla_usdge2lt3,2010,0.85
sau,sex_f,age_ythadult_yge25,cla_ecocla_usdge2lt3,2011,0.801
sau,sex_f,age_ythadult_yge25,cla_ecocla_usdge2lt3,2012,0.738
sau,sex_f,age_ythadult_yge25,cla_ecocla_usdge2lt3,2013,0.706
sau,sex_f,age_ythadult_yge25,cla_ecocla_usdge2lt3,2014,0.72
sau,sex_f,age_ythadult_yge25,cla_ecocla_usdge2lt3,2015,0.764
sau,sex_f,age_ythadult_yge25,cla_ecocla_usdge2lt3,2016,0.826
sau,sex_f,age_ythadult_yge25,cla_ecocla_usdge2lt3,2017,0.87
sau,sex_f,age_ythadult_yge25,cla_ecocla_usdge2lt3,2018,0.867
sau,sex_f,age_ythadult_yge25,cla_ecocla_usdge2lt3,2019,0.901
sau,sex_f,age_ythadult_yge25,cla_ecocla_usdge3lt5,1991,1.049
sau,sex_f,age_ythadult_yge25,cla_ecocla_usdge3lt5,1992,1.116
sau,sex_f,age_ythadult_yge25,cla_ecocla_usdge3lt5,1993,1.229
sau,sex_f,age_ythadult_yge25,cla_ecocla_usdge3lt5,1994,1.318
sau,sex_f,age_ythadult_yge25,cla_ecocla_usdge3lt5,1995,1.388
sau,sex_f,age_ythadult_yge25,cla_ecocla_usdge3lt5,1996,1.407
sau,sex_f,age_ythadult_yge25,cla_ecocla_usdge3lt5,1997,1.445
sau,sex_f,age_ythadult_yge25,cla_ecocla_usdge3lt5,1998,1.485
sau,sex_f,age_ythadult_yge25,cla_ecocla_usdge3lt5,1999,1.619
sau,sex_f,age_ythadult_yge25,cla_ecocla_usdge3lt5,2000,1.64
sau,sex_f,age_ythadult_yge25,cla_ecocla_usdge3lt5,2001,1.643
sau,sex_f,age_ythadult_yge25,cla_ecocla_usdge3lt5,2002,1.664
sau,sex_f,age_ythadult_yge25,cla_ecocla_usdge3lt5,2003,1.564
sau,sex_f,age_ythadult_yge25,cla_ecocla_usdge3lt5,2004,1.526
sau,sex_f,age_ythadult_yge25,cla_ecocla_usdge3lt5,2005,1.517
sau,sex_f,age_ythadult_yge25,cla_ecocla_usdge3lt5,2006,1.525
sau,sex_f,age_ythadult_yge25,cla_ecocla_usdge3lt5,2007,1.496
sau,sex_f,age_ythadult_yge25,cla_ecocla_usdge3lt5,2008,1.431
sau,sex_f,age_ythadult_yge25,cla_ecocla_usdge3lt5,2009,1.402
sau,sex_f,age_ythadult_yge25,cla_ecocla_usdge3lt5,2010,1.429
sau,sex_f,age_ythadult_yge25,cla_ecocla_usdge3lt5,2011,1.416
sau,sex_f,age_ythadult_yge25,cla_ecocla_usdge3lt5,2012,1.432
sau,sex_f,age_ythadult_yge25,cla_ecocla_usdge3lt5,2013,1.434
sau,sex_f,age_ythadult_yge25,cla_ecocla_usdge3lt5,2014,1.457
sau,sex_f,age_ythadult_yge25,cla_ecocla_usdge3lt5,2015,1.579
sau,sex_f,age_ythadult_yge25,cla_ecocla_usdge3lt5,2016,1.653
sau,sex_f,age_ythadult_yge25,cla_ecocla_usdge3lt5,2017,1.665
sau,sex_f,age_ythadult_yge25,cla_ecocla_usdge3lt5,2018,1.596
sau,sex_f,age_ythadult_yge25,cla_ecocla_usdge3lt5,2019,1.648
sau,sex_f,age_ythadult_yge25,cla_ecocla_usdge5,1991,452.863
sau,sex_f,age_ythadult_yge25,cla_ecocla_usdge5,1992,468.477
sau,sex_f,age_ythadult_yge25,cla_ecocla_usdge5,1993,492.482
sau,sex_f,age_ythadult_yge25,cla_ecocla_usdge5,1994,515.739
sau,sex_f,age_ythadult_yge25,cla_ecocla_usdge5,1995,537.468
sau,sex_f,age_ythadult_yge25,cla_ecocla_usdge5,1996,565.562
sau,sex_f,age_ythadult_yge25,cla_ecocla_usdge5,1997,597.914
sau,sex_f,age_ythadult_yge25,cla_ecocla_usdge5,1998,634.601
sau,sex_f,age_ythadult_yge25,cla_ecocla_usdge5,1999,678.53
sau,sex_f,age_ythadult_yge25,cla_ecocla_usdge5,2000,704.817
sau,sex_f,age_ythadult_yge25,cla_ecocla_usdge5,2001,725.326
sau,sex_f,age_ythadult_yge25,cla_ecocla_usdge5,2002,740.893
sau,sex_f,age_ythadult_yge25,cla_ecocla_usdge5,2003,788.381
sau,sex_f,age_ythadult_yge25,cla_ecocla_usdge5,2004,843.082
sau,sex_f,age_ythadult_yge25,cla_ecocla_usdge5,2005,903.638
sau,sex_f,age_ythadult_yge25,cla_ecocla_usdge5,2006,966.73
sau,sex_f,age_ythadult_yge25,cla_ecocla_usdge5,2007,996.709
sau,sex_f,age_ythadult_yge25,cla_ecocla_usdge5,2008,1031.539
sau,sex_f,age_ythadult_yge25,cla_ecocla_usdge5,2009,1032.786
sau,sex_f,age_ythadult_yge25,cla_ecocla_usdge5,2010,1118.35
sau,sex_f,age_ythadult_yge25,cla_ecocla_usdge5,2011,1225.3
sau,sex_f,age_ythadult_yge25,cla_ecocla_usdge5,2012,1304.811
sau,sex_f,age_ythadult_yge25,cla_ecocla_usdge5,2013,1354.434
sau,sex_f,age_ythadult_yge25,cla_ecocla_usdge5,2014,1431.414
sau,sex_f,age_ythadult_yge25,cla_ecocla_usdge5,2015,1591.87
sau,sex_f,age_ythadult_yge25,cla_ecocla_usdge5,2016,1690.558
sau,sex_f,age_ythadult_yge25,cla_ecocla_usdge5,2017,1699.237
sau,sex_f,age_ythadult_yge25,cla_ecocla_usdge5,2018,1654.472
sau,sex_f,age_ythadult_yge25,cla_ecocla_usdge5,2019,1683.533
sau,sex_f,age_ythadult_yge25,cla_ecocla_usdlt2,1991,0
sau,sex_f,age_ythadult_yge25,cla_ecocla_usdlt2,1992,0
sau,sex_f,age_ythadult_yge25,cla_ecocla_usdlt2,1993,0
sau,sex_f,age_ythadult_yge25,cla_ecocla_usdlt2,1994,0
sau,sex_f,age_ythadult_yge25,cla_ecocla_usdlt2,1995,0
sau,sex_f,age_ythadult_yge25,cla_ecocla_usdlt2,1996,0
sau,sex_f,age_ythadult_yge25,cla_ecocla_usdlt2,1997,0
sau,sex_f,age_ythadult_yge25,cla_ecocla_usdlt2,1998,0
sau,sex_f,age_ythadult_yge25,cla_ecocla_usdlt2,1999,0
sau,sex_f,age_ythadult_yge25,cla_ecocla_usdlt2,2000,0
sau,sex_f,age_ythadult_yge25,cla_ecocla_usdlt2,2001,0
sau,sex_f,age_ythadult_yge25,cla_ecocla_usdlt2,2002,0
sau,sex_f,age_ythadult_yge25,cla_ecocla_usdlt2,2003,0
sau,sex_f,age_ythadult_yge25,cla_ecocla_usdlt2,2004,0
sau,sex_f,age_ythadult_yge25,cla_ecocla_usdlt2,2005,0
sau,sex_f,age_ythadult_yge25,cla_ecocla_usdlt2,2006,0
sau,sex_f,age_ythadult_yge25,cla_ecocla_usdlt2,2007,0
sau,sex_f,age_ythadult_yge25,cla_ecocla_usdlt2,2008,0
sau,sex_f,age_ythadult_yge25,cla_ecocla_usdlt2,2009,0
sau,sex_f,age_ythadult_yge25,cla_ecocla_usdlt2,2010,0
sau,sex_f,age_ythadult_yge25,cla_ecocla_usdlt2,2011,0
sau,sex_f,age_ythadult_yge25,cla_ecocla_usdlt2,2012,0
sau,sex_f,age_ythadult_yge25,cla_ecocla_usdlt2,2013,0
sau,sex_f,age_ythadult_yge25,cla_ecocla_usdlt2,2014,0
sau,sex_f,age_ythadult_yge25,cla_ecocla_usdlt2,2015,0
sau,sex_f,age_ythadult_yge25,cla_ecocla_usdlt2,2016,0
sau,sex_f,age_ythadult_yge25,cla_ecocla_usdlt2,2017,0
sau,sex_f,age_ythadult_yge25,cla_ecocla_usdlt2,2018,0
sau,sex_f,age_ythadult_yge25,cla_ecocla_usdlt2,2019,0
sau,sex_m,age_ythadult_y15_24,cla_ecocla_total,1991,630.962
sau,sex_m,age_ythadult_y15_24,cla_ecocla_total,1992,585.83
sau,sex_m,age_ythadult_y15_24,cla_ecocla_total,1993,517.436
sau,sex_m,age_ythadult_y15_24,cla_ecocla_total,1994,458.252
sau,sex_m,age_ythadult_y15_24,cla_ecocla_total,1995,413.497
sau,sex_m,age_ythadult_y15_24,cla_ecocla_total,1996,436.638
sau,sex_m,age_ythadult_y15_24,cla_ecocla_total,1997,453.683
sau,sex_m,age_ythadult_y15_24,cla_ecocla_total,1998,457.443
sau,sex_m,age_ythadult_y15_24,cla_ecocla_total,1999,443.567
sau,sex_m,age_ythadult_y15_24,cla_ecocla_total,2000,463.717
sau,sex_m,age_ythadult_y15_24,cla_ecocla_total,2001,476.372
sau,sex_m,age_ythadult_y15_24,cla_ecocla_total,2002,487.287
sau,sex_m,age_ythadult_y15_24,cla_ecocla_total,2003,498.494
sau,sex_m,age_ythadult_y15_24,cla_ecocla_total,2004,495.545
sau,sex_m,age_ythadult_y15_24,cla_ecocla_total,2005,485.311
sau,sex_m,age_ythadult_y15_24,cla_ecocla_total,2006,495.235
sau,sex_m,age_ythadult_y15_24,cla_ecocla_total,2007,507.663
sau,sex_m,age_ythadult_y15_24,cla_ecocla_total,2008,516.017
sau,sex_m,age_ythadult_y15_24,cla_ecocla_total,2009,488.608
sau,sex_m,age_ythadult_y15_24,cla_ecocla_total,2010,522.615
sau,sex_m,age_ythadult_y15_24,cla_ecocla_total,2011,569.02
sau,sex_m,age_ythadult_y15_24,cla_ecocla_total,2012,582.636
sau,sex_m,age_ythadult_y15_24,cla_ecocla_total,2013,572.046
sau,sex_m,age_ythadult_y15_24,cla_ecocla_total,2014,559.404
sau,sex_m,age_ythadult_y15_24,cla_ecocla_total,2015,512.468
sau,sex_m,age_ythadult_y15_24,cla_ecocla_total,2016,580.84
sau,sex_m,age_ythadult_y15_24,cla_ecocla_total,2017,575.467
sau,sex_m,age_ythadult_y15_24,cla_ecocla_total,2018,578.034
sau,sex_m,age_ythadult_y15_24,cla_ecocla_total,2019,558.92
sau,sex_m,age_ythadult_y15_24,cla_ecocla_usdge2lt3,1991,1.869
sau,sex_m,age_ythadult_y15_24,cla_ecocla_usdge2lt3,1992,1.615
sau,sex_m,age_ythadult_y15_24,cla_ecocla_usdge2lt3,1993,1.204
sau,sex_m,age_ythadult_y15_24,cla_ecocla_usdge2lt3,1994,0.882
sau,sex_m,age_ythadult_y15_24,cla_ecocla_usdge2lt3,1995,0.658
sau,sex_m,age_ythadult_y15_24,cla_ecocla_usdge2lt3,1996,0.625
sau,sex_m,age_ythadult_y15_24,cla_ecocla_usdge2lt3,1997,0.591
sau,sex_m,age_ythadult_y15_24,cla_ecocla_usdge2lt3,1998,0.54
sau,sex_m,age_ythadult_y15_24,cla_ecocla_usdge2lt3,1999,0.487
sau,sex_m,age_ythadult_y15_24,cla_ecocla_usdge2lt3,2000,0.482
sau,sex_m,age_ythadult_y15_24,cla_ecocla_usdge2lt3,2001,0.455
sau,sex_m,age_ythadult_y15_24,cla_ecocla_usdge2lt3,2002,0.443
sau,sex_m,age_ythadult_y15_24,cla_ecocla_usdge2lt3,2003,0.391
sau,sex_m,age_ythadult_y15_24,cla_ecocla_usdge2lt3,2004,0.338
sau,sex_m,age_ythadult_y15_24,cla_ecocla_usdge2lt3,2005,0.292
sau,sex_m,age_ythadult_y15_24,cla_ecocla_usdge2lt3,2006,0.272
sau,sex_m,age_ythadult_y15_24,cla_ecocla_usdge2lt3,2007,0.249
sau,sex_m,age_ythadult_y15_24,cla_ecocla_usdge2lt3,2008,0.221
sau,sex_m,age_ythadult_y15_24,cla_ecocla_usdge2lt3,2009,0.183
sau,sex_m,age_ythadult_y15_24,cla_ecocla_usdge2lt3,2010,0.19
sau,sex_m,age_ythadult_y15_24,cla_ecocla_usdge2lt3,2011,0.196
sau,sex_m,age_ythadult_y15_24,cla_ecocla_usdge2lt3,2012,0.179
sau,sex_m,age_ythadult_y15_24,cla_ecocla_usdge2lt3,2013,0.159
sau,sex_m,age_ythadult_y15_24,cla_ecocla_usdge2lt3,2014,0.15
sau,sex_m,age_ythadult_y15_24,cla_ecocla_usdge2lt3,2015,0.123
sau,sex_m,age_ythadult_y15_24,cla_ecocla_usdge2lt3,2016,0.165
sau,sex_m,age_ythadult_y15_24,cla_ecocla_usdge2lt3,2017,0.169
sau,sex_m,age_ythadult_y15_24,cla_ecocla_usdge2lt3,2018,0.177
sau,sex_m,age_ythadult_y15_24,cla_ecocla_usdge2lt3,2019,0.172
sau,sex_m,age_ythadult_y15_24,cla_ecocla_usdge3lt5,1991,2.231
sau,sex_m,age_ythadult_y15_24,cla_ecocla_usdge3lt5,1992,2.078
sau,sex_m,age_ythadult_y15_24,cla_ecocla_usdge3lt5,1993,1.821
sau,sex_m,age_ythadult_y15_24,cla_ecocla_usdge3lt5,1994,1.562
sau,sex_m,age_ythadult_y15_24,cla_ecocla_usdge3lt5,1995,1.354
sau,sex_m,age_ythadult_y15_24,cla_ecocla_usdge3lt5,1996,1.358
sau,sex_m,age_ythadult_y15_24,cla_ecocla_usdge3lt5,1997,1.353
sau,sex_m,age_ythadult_y15_24,cla_ecocla_usdge3lt5,1998,1.302
sau,sex_m,age_ythadult_y15_24,cla_ecocla_usdge3lt5,1999,1.262
sau,sex_m,age_ythadult_y15_24,cla_ecocla_usdge3lt5,2000,1.306
sau,sex_m,age_ythadult_y15_24,cla_ecocla_usdge3lt5,2001,1.29
sau,sex_m,age_ythadult_y15_24,cla_ecocla_usdge3lt5,2002,1.297
sau,sex_m,age_ythadult_y15_24,cla_ecocla_usdge3lt5,2003,1.163
sau,sex_m,age_ythadult_y15_24,cla_ecocla_usdge3lt5,2004,1.041
sau,sex_m,age_ythadult_y15_24,cla_ecocla_usdge3lt5,2005,0.932
sau,sex_m,age_ythadult_y15_24,cla_ecocla_usdge3lt5,2006,0.885
sau,sex_m,age_ythadult_y15_24,cla_ecocla_usdge3lt5,2007,0.86
sau,sex_m,age_ythadult_y15_24,cla_ecocla_usdge3lt5,2008,0.804
sau,sex_m,age_ythadult_y15_24,cla_ecocla_usdge3lt5,2009,0.731
sau,sex_m,age_ythadult_y15_24,cla_ecocla_usdge3lt5,2010,0.744
sau,sex_m,age_ythadult_y15_24,cla_ecocla_usdge3lt5,2011,0.746
sau,sex_m,age_ythadult_y15_24,cla_ecocla_usdge3lt5,2012,0.728
sau,sex_m,age_ythadult_y15_24,cla_ecocla_usdge3lt5,2013,0.688
sau,sex_m,age_ythadult_y15_24,cla_ecocla_usdge3lt5,2014,0.646
sau,sex_m,age_ythadult_y15_24,cla_ecocla_usdge3lt5,2015,0.564
sau,sex_m,age_ythadult_y15_24,cla_ecocla_usdge3lt5,2016,0.65
sau,sex_m,age_ythadult_y15_24,cla_ecocla_usdge3lt5,2017,0.645
sau,sex_m,age_ythadult_y15_24,cla_ecocla_usdge3lt5,2018,0.644
sau,sex_m,age_ythadult_y15_24,cla_ecocla_usdge3lt5,2019,0.63
sau,sex_m,age_ythadult_y15_24,cla_ecocla_usdge5,1991,626.862
sau,sex_m,age_ythadult_y15_24,cla_ecocla_usdge5,1992,582.137
sau,sex_m,age_ythadult_y15_24,cla_ecocla_usdge5,1993,514.411
sau,sex_m,age_ythadult_y15_24,cla_ecocla_usdge5,1994,455.808
sau,sex_m,age_ythadult_y15_24,cla_ecocla_usdge5,1995,411.484
sau,sex_m,age_ythadult_y15_24,cla_ecocla_usdge5,1996,434.655
sau,sex_m,age_ythadult_y15_24,cla_ecocla_usdge5,1997,451.739
sau,sex_m,age_ythadult_y15_24,cla_ecocla_usdge5,1998,455.601
sau,sex_m,age_ythadult_y15_24,cla_ecocla_usdge5,1999,441.818
sau,sex_m,age_ythadult_y15_24,cla_ecocla_usdge5,2000,461.929
sau,sex_m,age_ythadult_y15_24,cla_ecocla_usdge5,2001,474.627
sau,sex_m,age_ythadult_y15_24,cla_ecocla_usdge5,2002,485.548
sau,sex_m,age_ythadult_y15_24,cla_ecocla_usdge5,2003,496.941
sau,sex_m,age_ythadult_y15_24,cla_ecocla_usdge5,2004,494.166
sau,sex_m,age_ythadult_y15_24,cla_ecocla_usdge5,2005,484.087
sau,sex_m,age_ythadult_y15_24,cla_ecocla_usdge5,2006,494.077
sau,sex_m,age_ythadult_y15_24,cla_ecocla_usdge5,2007,506.554
sau,sex_m,age_ythadult_y15_24,cla_ecocla_usdge5,2008,514.993
sau,sex_m,age_ythadult_y15_24,cla_ecocla_usdge5,2009,487.695
sau,sex_m,age_ythadult_y15_24,cla_ecocla_usdge5,2010,521.681
sau,sex_m,age_ythadult_y15_24,cla_ecocla_usdge5,2011,568.078
sau,sex_m,age_ythadult_y15_24,cla_ecocla_usdge5,2012,581.729
sau,sex_m,age_ythadult_y15_24,cla_ecocla_usdge5,2013,571.199
sau,sex_m,age_ythadult_y15_24,cla_ecocla_usdge5,2014,558.608
sau,sex_m,age_ythadult_y15_24,cla_ecocla_usdge5,2015,511.782
sau,sex_m,age_ythadult_y15_24,cla_ecocla_usdge5,2016,580.024
sau,sex_m,age_ythadult_y15_24,cla_ecocla_usdge5,2017,574.653
sau,sex_m,age_ythadult_y15_24,cla_ecocla_usdge5,2018,577.213
sau,sex_m,age_ythadult_y15_24,cla_ecocla_usdge5,2019,558.118
sau,sex_m,age_ythadult_y15_24,cla_ecocla_usdlt2,1991,0
sau,sex_m,age_ythadult_y15_24,cla_ecocla_usdlt2,1992,0
sau,sex_m,age_ythadult_y15_24,cla_ecocla_usdlt2,1993,0
sau,sex_m,age_ythadult_y15_24,cla_ecocla_usdlt2,1994,0
sau,sex_m,age_ythadult_y15_24,cla_ecocla_usdlt2,1995,0
sau,sex_m,age_ythadult_y15_24,cla_ecocla_usdlt2,1996,0
sau,sex_m,age_ythadult_y15_24,cla_ecocla_usdlt2,1997,0
sau,sex_m,age_ythadult_y15_24,cla_ecocla_usdlt2,1998,0
sau,sex_m,age_ythadult_y15_24,cla_ecocla_usdlt2,1999,0
sau,sex_m,age_ythadult_y15_24,cla_ecocla_usdlt2,2000,0
sau,sex_m,age_ythadult_y15_24,cla_ecocla_usdlt2,2001,0
sau,sex_m,age_ythadult_y15_24,cla_ecocla_usdlt2,2002,0
sau,sex_m,age_ythadult_y15_24,cla_ecocla_usdlt2,2003,0
sau,sex_m,age_ythadult_y15_24,cla_ecocla_usdlt2,2004,0
sau,sex_m,age_ythadult_y15_24,cla_ecocla_usdlt2,2005,0
sau,sex_m,age_ythadult_y15_24,cla_ecocla_usdlt2,2006,0
sau,sex_m,age_ythadult_y15_24,cla_ecocla_usdlt2,2007,0
sau,sex_m,age_ythadult_y15_24,cla_ecocla_usdlt2,2008,0
sau,sex_m,age_ythadult_y15_24,cla_ecocla_usdlt2,2009,0
sau,sex_m,age_ythadult_y15_24,cla_ecocla_usdlt2,2010,0
sau,sex_m,age_ythadult_y15_24,cla_ecocla_usdlt2,2011,0
sau,sex_m,age_ythadult_y15_24,cla_ecocla_usdlt2,2012,0
sau,sex_m,age_ythadult_y15_24,cla_ecocla_usdlt2,2013,0
sau,sex_m,age_ythadult_y15_24,cla_ecocla_usdlt2,2014,0
sau,sex_m,age_ythadult_y15_24,cla_ecocla_usdlt2,2015,0
sau,sex_m,age_ythadult_y15_24,cla_ecocla_usdlt2,2016,0
sau,sex_m,age_ythadult_y15_24,cla_ecocla_usdlt2,2017,0
sau,sex_m,age_ythadult_y15_24,cla_ecocla_usdlt2,2018,0
sau,sex_m,age_ythadult_y15_24,cla_ecocla_usdlt2,2019,0
sau,sex_m,age_ythadult_yge15,cla_ecocla_total,1991,4255.153
sau,sex_m,age_ythadult_yge15,cla_ecocla_total,1992,4381.484
sau,sex_m,age_ythadult_yge15,cla_ecocla_total,1993,4478.938
sau,sex_m,age_ythadult_yge15,cla_ecocla_total,1994,4559.096
sau,sex_m,age_ythadult_yge15,cla_ecocla_total,1995,4633.423
sau,sex_m,age_ythadult_yge15,cla_ecocla_total,1996,4695.408
sau,sex_m,age_ythadult_yge15,cla_ecocla_total,1997,4766.403
sau,sex_m,age_ythadult_yge15,cla_ecocla_total,1998,4850.61
sau,sex_m,age_ythadult_yge15,cla_ecocla_total,1999,4964.034
sau,sex_m,age_ythadult_yge15,cla_ecocla_total,2000,5262.599
sau,sex_m,age_ythadult_yge15,cla_ecocla_total,2001,5445.208
sau,sex_m,age_ythadult_yge15,cla_ecocla_total,2002,5656.911
sau,sex_m,age_ythadult_yge15,cla_ecocla_total,2003,5917.337
sau,sex_m,age_ythadult_yge15,cla_ecocla_total,2004,6194.476
sau,sex_m,age_ythadult_yge15,cla_ecocla_total,2005,6474.953
sau,sex_m,age_ythadult_yge15,cla_ecocla_total,2006,6717.099
sau,sex_m,age_ythadult_yge15,cla_ecocla_total,2007,7064.643
sau,sex_m,age_ythadult_yge15,cla_ecocla_total,2008,7409.706
sau,sex_m,age_ythadult_yge15,cla_ecocla_total,2009,7713.888
sau,sex_m,age_ythadult_yge15,cla_ecocla_total,2010,8131.532
sau,sex_m,age_ythadult_yge15,cla_ecocla_total,2011,8629.291
sau,sex_m,age_ythadult_yge15,cla_ecocla_total,2012,9280.334
sau,sex_m,age_ythadult_yge15,cla_ecocla_total,2013,9852.162
sau,sex_m,age_ythadult_yge15,cla_ecocla_total,2014,10310.473
sau,sex_m,age_ythadult_yge15,cla_ecocla_total,2015,10769.754
sau,sex_m,age_ythadult_yge15,cla_ecocla_total,2016,11039.127
sau,sex_m,age_ythadult_yge15,cla_ecocla_total,2017,11226.206
sau,sex_m,age_ythadult_yge15,cla_ecocla_total,2018,11447.037
sau,sex_m,age_ythadult_yge15,cla_ecocla_total,2019,11754.736
sau,sex_m,age_ythadult_yge15,cla_ecocla_usdge2lt3,1991,17.285
sau,sex_m,age_ythadult_yge15,cla_ecocla_usdge2lt3,1992,18.163
sau,sex_m,age_ythadult_yge15,cla_ecocla_usdge2lt3,1993,19.104
sau,sex_m,age_ythadult_yge15,cla_ecocla_usdge2lt3,1994,19.572
sau,sex_m,age_ythadult_yge15,cla_ecocla_usdge2lt3,1995,19.723
sau,sex_m,age_ythadult_yge15,cla_ecocla_usdge2lt3,1996,18.686
sau,sex_m,age_ythadult_yge15,cla_ecocla_usdge2lt3,1997,17.901
sau,sex_m,age_ythadult_yge15,cla_ecocla_usdge2lt3,1998,17.226
sau,sex_m,age_ythadult_yge15,cla_ecocla_usdge2lt3,1999,17.579
sau,sex_m,age_ythadult_yge15,cla_ecocla_usdge2lt3,2000,17.769
sau,sex_m,age_ythadult_yge15,cla_ecocla_usdge2lt3,2001,17.369
sau,sex_m,age_ythadult_yge15,cla_ecocla_usdge2lt3,2002,17.295
sau,sex_m,age_ythadult_yge15,cla_ecocla_usdge2lt3,2003,15.574
sau,sex_m,age_ythadult_yge15,cla_ecocla_usdge2lt3,2004,14.515
sau,sex_m,age_ythadult_yge15,cla_ecocla_usdge2lt3,2005,13.74
sau,sex_m,age_ythadult_yge15,cla_ecocla_usdge2lt3,2006,13.073
sau,sex_m,age_ythadult_yge15,cla_ecocla_usdge2lt3,2007,12.748
sau,sex_m,age_ythadult_yge15,cla_ecocla_usdge2lt3,2008,12.02
sau,sex_m,age_ythadult_yge15,cla_ecocla_usdge2lt3,2009,12.032
sau,sex_m,age_ythadult_yge15,cla_ecocla_usdge2lt3,2010,11.664
sau,sex_m,age_ythadult_yge15,cla_ecocla_usdge2lt3,2011,10.812
sau,sex_m,age_ythadult_yge15,cla_ecocla_usdge2lt3,2012,10.695
sau,sex_m,age_ythadult_yge15,cla_ecocla_usdge2lt3,2013,10.746
sau,sex_m,age_ythadult_yge15,cla_ecocla_usdge2lt3,2014,10.785
sau,sex_m,age_ythadult_yge15,cla_ecocla_usdge2lt3,2015,10.931
sau,sex_m,age_ythadult_yge15,cla_ecocla_usdge2lt3,2016,10.928
sau,sex_m,age_ythadult_yge15,cla_ecocla_usdge2lt3,2017,11.078
sau,sex_m,age_ythadult_yge15,cla_ecocla_usdge2lt3,2018,11.069
sau,sex_m,age_ythadult_yge15,cla_ecocla_usdge2lt3,2019,11.573
sau,sex_m,age_ythadult_yge15,cla_ecocla_usdge3lt5,1991,12.459
sau,sex_m,age_ythadult_yge15,cla_ecocla_usdge3lt5,1992,13.092
sau,sex_m,age_ythadult_yge15,cla_ecocla_usdge3lt5,1993,13.816
sau,sex_m,age_ythadult_yge15,cla_ecocla_usdge3lt5,1994,14.261
sau,sex_m,age_ythadult_yge15,cla_ecocla_usdge3lt5,1995,14.553
sau,sex_m,age_ythadult_yge15,cla_ecocla_usdge3lt5,1996,14.182
sau,sex_m,age_ythadult_yge15,cla_ecocla_usdge3lt5,1997,13.956
sau,sex_m,age_ythadult_yge15,cla_ecocla_usdge3lt5,1998,13.727
sau,sex_m,age_ythadult_yge15,cla_ecocla_usdge3lt5,1999,14.262
sau,sex_m,age_ythadult_yge15,cla_ecocla_usdge3lt5,2000,14.512
sau,sex_m,age_ythadult_yge15,cla_ecocla_usdge3lt5,2001,14.688
sau,sex_m,age_ythadult_yge15,cla_ecocla_usdge3lt5,2002,15.235
sau,sex_m,age_ythadult_yge15,cla_ecocla_usdge3lt5,2003,14.158
sau,sex_m,age_ythadult_yge15,cla_ecocla_usdge3lt5,2004,13.586
sau,sex_m,age_ythadult_yge15,cla_ecocla_usdge3lt5,2005,13.221
sau,sex_m,age_ythadult_yge15,cla_ecocla_usdge3lt5,2006,12.933
sau,sex_m,age_ythadult_yge15,cla_ecocla_usdge3lt5,2007,12.884
sau,sex_m,age_ythadult_yge15,cla_ecocla_usdge3lt5,2008,12.466
sau,sex_m,age_ythadult_yge15,cla_ecocla_usdge3lt5,2009,12.738
sau,sex_m,age_ythadult_yge15,cla_ecocla_usdge3lt5,2010,12.595
sau,sex_m,age_ythadult_yge15,cla_ecocla_usdge3lt5,2011,12.053
sau,sex_m,age_ythadult_yge15,cla_ecocla_usdge3lt5,2012,12.144
sau,sex_m,age_ythadult_yge15,cla_ecocla_usdge3lt5,2013,12.389
sau,sex_m,age_ythadult_yge15,cla_ecocla_usdge3lt5,2014,12.526
sau,sex_m,age_ythadult_yge15,cla_ecocla_usdge3lt5,2015,12.7
sau,sex_m,age_ythadult_yge15,cla_ecocla_usdge3lt5,2016,12.938
sau,sex_m,age_ythadult_yge15,cla_ecocla_usdge3lt5,2017,13.347
sau,sex_m,age_ythadult_yge15,cla_ecocla_usdge3lt5,2018,13.589
sau,sex_m,age_ythadult_yge15,cla_ecocla_usdge3lt5,2019,14.179
sau,sex_m,age_ythadult_yge15,cla_ecocla_usdge5,1991,4225.409
sau,sex_m,age_ythadult_yge15,cla_ecocla_usdge5,1992,4350.228
sau,sex_m,age_ythadult_yge15,cla_ecocla_usdge5,1993,4446.019
sau,sex_m,age_ythadult_yge15,cla_ecocla_usdge5,1994,4525.263
sau,sex_m,age_ythadult_yge15,cla_ecocla_usdge5,1995,4599.147
sau,sex_m,age_ythadult_yge15,cla_ecocla_usdge5,1996,4662.54
sau,sex_m,age_ythadult_yge15,cla_ecocla_usdge5,1997,4734.546
sau,sex_m,age_ythadult_yge15,cla_ecocla_usdge5,1998,4819.657
sau,sex_m,age_ythadult_yge15,cla_ecocla_usdge5,1999,4932.193
sau,sex_m,age_ythadult_yge15,cla_ecocla_usdge5,2000,5230.317
sau,sex_m,age_ythadult_yge15,cla_ecocla_usdge5,2001,5413.15
sau,sex_m,age_ythadult_yge15,cla_ecocla_usdge5,2002,5624.382
sau,sex_m,age_ythadult_yge15,cla_ecocla_usdge5,2003,5887.604
sau,sex_m,age_ythadult_yge15,cla_ecocla_usdge5,2004,6166.375
sau,sex_m,age_ythadult_yge15,cla_ecocla_usdge5,2005,6447.992
sau,sex_m,age_ythadult_yge15,cla_ecocla_usdge5,2006,6691.092
sau,sex_m,age_ythadult_yge15,cla_ecocla_usdge5,2007,7039.011
sau,sex_m,age_ythadult_yge15,cla_ecocla_usdge5,2008,7385.218
sau,sex_m,age_ythadult_yge15,cla_ecocla_usdge5,2009,7689.118
sau,sex_m,age_ythadult_yge15,cla_ecocla_usdge5,2010,8107.273
sau,sex_m,age_ythadult_yge15,cla_ecocla_usdge5,2011,8606.425
sau,sex_m,age_ythadult_yge15,cla_ecocla_usdge5,2012,9257.494
sau,sex_m,age_ythadult_yge15,cla_ecocla_usdge5,2013,9829.027
sau,sex_m,age_ythadult_yge15,cla_ecocla_usdge5,2014,10287.162
sau,sex_m,age_ythadult_yge15,cla_ecocla_usdge5,2015,10746.123
sau,sex_m,age_ythadult_yge15,cla_ecocla_usdge5,2016,11015.26
sau,sex_m,age_ythadult_yge15,cla_ecocla_usdge5,2017,11201.783
sau,sex_m,age_ythadult_yge15,cla_ecocla_usdge5,2018,11422.379
sau,sex_m,age_ythadult_yge15,cla_ecocla_usdge5,2019,11728.984
sau,sex_m,age_ythadult_yge15,cla_ecocla_usdlt2,1991,0
sau,sex_m,age_ythadult_yge15,cla_ecocla_usdlt2,1992,0
sau,sex_m,age_ythadult_yge15,cla_ecocla_usdlt2,1993,0
sau,sex_m,age_ythadult_yge15,cla_ecocla_usdlt2,1994,0
sau,sex_m,age_ythadult_yge15,cla_ecocla_usdlt2,1995,0
sau,sex_m,age_ythadult_yge15,cla_ecocla_usdlt2,1996,0
sau,sex_m,age_ythadult_yge15,cla_ecocla_usdlt2,1997,0
sau,sex_m,age_ythadult_yge15,cla_ecocla_usdlt2,1998,0
sau,sex_m,age_ythadult_yge15,cla_ecocla_usdlt2,1999,0
sau,sex_m,age_ythadult_yge15,cla_ecocla_usdlt2,2000,0
sau,sex_m,age_ythadult_yge15,cla_ecocla_usdlt2,2001,0
sau,sex_m,age_ythadult_yge15,cla_ecocla_usdlt2,2002,0
sau,sex_m,age_ythadult_yge15,cla_ecocla_usdlt2,2003,0
sau,sex_m,age_ythadult_yge15,cla_ecocla_usdlt2,2004,0
sau,sex_m,age_ythadult_yge15,cla_ecocla_usdlt2,2005,0
sau,sex_m,age_ythadult_yge15,cla_ecocla_usdlt2,2006,0
sau,sex_m,age_ythadult_yge15,cla_ecocla_usdlt2,2007,0
sau,sex_m,age_ythadult_yge15,cla_ecocla_usdlt2,2008,0
sau,sex_m,age_ythadult_yge15,cla_ecocla_usdlt2,2009,0
sau,sex_m,age_ythadult_yge15,cla_ecocla_usdlt2,2010,0
sau,sex_m,age_ythadult_yge15,cla_ecocla_usdlt2,2011,0
sau,sex_m,age_ythadult_yge15,cla_ecocla_usdlt2,2012,0
sau,sex_m,age_ythadult_yge15,cla_ecocla_usdlt2,2013,0
sau,sex_m,age_ythadult_yge15,cla_ecocla_usdlt2,2014,0
sau,sex_m,age_ythadult_yge15,cla_ecocla_usdlt2,2015,0
sau,sex_m,age_ythadult_yge15,cla_ecocla_usdlt2,2016,0
sau,sex_m,age_ythadult_yge15,cla_ecocla_usdlt2,2017,0
sau,sex_m,age_ythadult_yge15,cla_ecocla_usdlt2,2018,0
sau,sex_m,age_ythadult_yge15,cla_ecocla_usdlt2,2019,0
sau,sex_m,age_ythadult_yge25,cla_ecocla_total,1991,3624.192
sau,sex_m,age_ythadult_yge25,cla_ecocla_total,1992,3795.653
sau,sex_m,age_ythadult_yge25,cla_ecocla_total,1993,3961.502
sau,sex_m,age_ythadult_yge25,cla_ecocla_total,1994,4100.844
sau,sex_m,age_ythadult_yge25,cla_ecocla_total,1995,4219.926
sau,sex_m,age_ythadult_yge25,cla_ecocla_total,1996,4258.771
sau,sex_m,age_ythadult_yge25,cla_ecocla_total,1997,4312.72
sau,sex_m,age_ythadult_yge25,cla_ecocla_total,1998,4393.167
sau,sex_m,age_ythadult_yge25,cla_ecocla_total,1999,4520.467
sau,sex_m,age_ythadult_yge25,cla_ecocla_total,2000,4798.882
sau,sex_m,age_ythadult_yge25,cla_ecocla_total,2001,4968.835
sau,sex_m,age_ythadult_yge25,cla_ecocla_total,2002,5169.624
sau,sex_m,age_ythadult_yge25,cla_ecocla_total,2003,5418.842
sau,sex_m,age_ythadult_yge25,cla_ecocla_total,2004,5698.93
sau,sex_m,age_ythadult_yge25,cla_ecocla_total,2005,5989.642
sau,sex_m,age_ythadult_yge25,cla_ecocla_total,2006,6221.864
sau,sex_m,age_ythadult_yge25,cla_ecocla_total,2007,6556.98
sau,sex_m,age_ythadult_yge25,cla_ecocla_total,2008,6893.688
sau,sex_m,age_ythadult_yge25,cla_ecocla_total,2009,7225.28
sau,sex_m,age_ythadult_yge25,cla_ecocla_total,2010,7608.916
sau,sex_m,age_ythadult_yge25,cla_ecocla_total,2011,8060.271
sau,sex_m,age_ythadult_yge25,cla_ecocla_total,2012,8697.697
sau,sex_m,age_ythadult_yge25,cla_ecocla_total,2013,9280.115
sau,sex_m,age_ythadult_yge25,cla_ecocla_total,2014,9751.069
sau,sex_m,age_ythadult_yge25,cla_ecocla_total,2015,10257.286
sau,sex_m,age_ythadult_yge25,cla_ecocla_total,2016,10458.286
sau,sex_m,age_ythadult_yge25,cla_ecocla_total,2017,10650.741
sau,sex_m,age_ythadult_yge25,cla_ecocla_total,2018,10869.003
sau,sex_m,age_ythadult_yge25,cla_ecocla_total,2019,11195.816
sau,sex_m,age_ythadult_yge25,cla_ecocla_usdge2lt3,1991,15.417
sau,sex_m,age_ythadult_yge25,cla_ecocla_usdge2lt3,1992,16.548
sau,sex_m,age_ythadult_yge25,cla_ecocla_usdge2lt3,1993,17.9
sau,sex_m,age_ythadult_yge25,cla_ecocla_usdge2lt3,1994,18.69
sau,sex_m,age_ythadult_yge25,cla_ecocla_usdge2lt3,1995,19.065
sau,sex_m,age_ythadult_yge25,cla_ecocla_usdge2lt3,1996,18.061
sau,sex_m,age_ythadult_yge25,cla_ecocla_usdge2lt3,1997,17.31
sau,sex_m,age_ythadult_yge25,cla_ecocla_usdge2lt3,1998,16.686
sau,sex_m,age_ythadult_yge25,cla_ecocla_usdge2lt3,1999,17.092
sau,sex_m,age_ythadult_yge25,cla_ecocla_usdge2lt3,2000,17.287
sau,sex_m,age_ythadult_yge25,cla_ecocla_usdge2lt3,2001,16.914
sau,sex_m,age_ythadult_yge25,cla_ecocla_usdge2lt3,2002,16.852
sau,sex_m,age_ythadult_yge25,cla_ecocla_usdge2lt3,2003,15.184
sau,sex_m,age_ythadult_yge25,cla_ecocla_usdge2lt3,2004,14.176
sau,sex_m,age_ythadult_yge25,cla_ecocla_usdge2lt3,2005,13.448
sau,sex_m,age_ythadult_yge25,cla_ecocla_usdge2lt3,2006,12.801
sau,sex_m,age_ythadult_yge25,cla_ecocla_usdge2lt3,2007,12.498
sau,sex_m,age_ythadult_yge25,cla_ecocla_usdge2lt3,2008,11.8
sau,sex_m,age_ythadult_yge25,cla_ecocla_usdge2lt3,2009,11.849
sau,sex_m,age_ythadult_yge25,cla_ecocla_usdge2lt3,2010,11.474
sau,sex_m,age_ythadult_yge25,cla_ecocla_usdge2lt3,2011,10.616
sau,sex_m,age_ythadult_yge25,cla_ecocla_usdge2lt3,2012,10.516
sau,sex_m,age_ythadult_yge25,cla_ecocla_usdge2lt3,2013,10.586
sau,sex_m,age_ythadult_yge25,cla_ecocla_usdge2lt3,2014,10.635
sau,sex_m,age_ythadult_yge25,cla_ecocla_usdge2lt3,2015,10.808
sau,sex_m,age_ythadult_yge25,cla_ecocla_usdge2lt3,2016,10.763
sau,sex_m,age_ythadult_yge25,cla_ecocla_usdge2lt3,2017,10.908
sau,sex_m,age_ythadult_yge25,cla_ecocla_usdge2lt3,2018,10.892
sau,sex_m,age_ythadult_yge25,cla_ecocla_usdge2lt3,2019,11.401
sau,sex_m,age_ythadult_yge25,cla_ecocla_usdge3lt5,1991,10.227
sau,sex_m,age_ythadult_yge25,cla_ecocla_usdge3lt5,1992,11.014
sau,sex_m,age_ythadult_yge25,cla_ecocla_usdge3lt5,1993,11.996
sau,sex_m,age_ythadult_yge25,cla_ecocla_usdge3lt5,1994,12.699
sau,sex_m,age_ythadult_yge25,cla_ecocla_usdge3lt5,1995,13.199
sau,sex_m,age_ythadult_yge25,cla_ecocla_usdge3lt5,1996,12.824
sau,sex_m,age_ythadult_yge25,cla_ecocla_usdge3lt5,1997,12.603
sau,sex_m,age_ythadult_yge25,cla_ecocla_usdge3lt5,1998,12.425
sau,sex_m,age_ythadult_yge25,cla_ecocla_usdge3lt5,1999,13
sau,sex_m,age_ythadult_yge25,cla_ecocla_usdge3lt5,2000,13.207
sau,sex_m,age_ythadult_yge25,cla_ecocla_usdge3lt5,2001,13.398
sau,sex_m,age_ythadult_yge25,cla_ecocla_usdge3lt5,2002,13.938
sau,sex_m,age_ythadult_yge25,cla_ecocla_usdge3lt5,2003,12.995
sau,sex_m,age_ythadult_yge25,cla_ecocla_usdge3lt5,2004,12.544
sau,sex_m,age_ythadult_yge25,cla_ecocla_usdge3lt5,2005,12.289
sau,sex_m,age_ythadult_yge25,cla_ecocla_usdge3lt5,2006,12.048
sau,sex_m,age_ythadult_yge25,cla_ecocla_usdge3lt5,2007,12.024
sau,sex_m,age_ythadult_yge25,cla_ecocla_usdge3lt5,2008,11.662
sau,sex_m,age_ythadult_yge25,cla_ecocla_usdge3lt5,2009,12.007
sau,sex_m,age_ythadult_yge25,cla_ecocla_usdge3lt5,2010,11.851
sau,sex_m,age_ythadult_yge25,cla_ecocla_usdge3lt5,2011,11.308
sau,sex_m,age_ythadult_yge25,cla_ecocla_usdge3lt5,2012,11.416
sau,sex_m,age_ythadult_yge25,cla_ecocla_usdge3lt5,2013,11.701
sau,sex_m,age_ythadult_yge25,cla_ecocla_usdge3lt5,2014,11.88
sau,sex_m,age_ythadult_yge25,cla_ecocla_usdge3lt5,2015,12.136
sau,sex_m,age_ythadult_yge25,cla_ecocla_usdge3lt5,2016,12.288
sau,sex_m,age_ythadult_yge25,cla_ecocla_usdge3lt5,2017,12.702
sau,sex_m,age_ythadult_yge25,cla_ecocla_usdge3lt5,2018,12.945
sau,sex_m,age_ythadult_yge25,cla_ecocla_usdge3lt5,2019,13.549
sau,sex_m,age_ythadult_yge25,cla_ecocla_usdge5,1991,3598.548
sau,sex_m,age_ythadult_yge25,cla_ecocla_usdge5,1992,3768.092
sau,sex_m,age_ythadult_yge25,cla_ecocla_usdge5,1993,3931.607
sau,sex_m,age_ythadult_yge25,cla_ecocla_usdge5,1994,4069.455
sau,sex_m,age_ythadult_yge25,cla_ecocla_usdge5,1995,4187.662
sau,sex_m,age_ythadult_yge25,cla_ecocla_usdge5,1996,4227.885
sau,sex_m,age_ythadult_yge25,cla_ecocla_usdge5,1997,4282.808
sau,sex_m,age_ythadult_yge25,cla_ecocla_usdge5,1998,4364.056
sau,sex_m,age_ythadult_yge25,cla_ecocla_usdge5,1999,4490.375
sau,sex_m,age_ythadult_yge25,cla_ecocla_usdge5,2000,4768.389
sau,sex_m,age_ythadult_yge25,cla_ecocla_usdge5,2001,4938.523
sau,sex_m,age_ythadult_yge25,cla_ecocla_usdge5,2002,5138.834
sau,sex_m,age_ythadult_yge25,cla_ecocla_usdge5,2003,5390.664
sau,sex_m,age_ythadult_yge25,cla_ecocla_usdge5,2004,5672.209
sau,sex_m,age_ythadult_yge25,cla_ecocla_usdge5,2005,5963.905
sau,sex_m,age_ythadult_yge25,cla_ecocla_usdge5,2006,6197.015
sau,sex_m,age_ythadult_yge25,cla_ecocla_usdge5,2007,6532.457
sau,sex_m,age_ythadult_yge25,cla_ecocla_usdge5,2008,6870.226
sau,sex_m,age_ythadult_yge25,cla_ecocla_usdge5,2009,7201.423
sau,sex_m,age_ythadult_yge25,cla_ecocla_usdge5,2010,7585.592
sau,sex_m,age_ythadult_yge25,cla_ecocla_usdge5,2011,8038.347
sau,sex_m,age_ythadult_yge25,cla_ecocla_usdge5,2012,8675.765
sau,sex_m,age_ythadult_yge25,cla_ecocla_usdge5,2013,9257.828
sau,sex_m,age_ythadult_yge25,cla_ecocla_usdge5,2014,9728.554
sau,sex_m,age_ythadult_yge25,cla_ecocla_usdge5,2015,10234.341
sau,sex_m,age_ythadult_yge25,cla_ecocla_usdge5,2016,10435.235
sau,sex_m,age_ythadult_yge25,cla_ecocla_usdge5,2017,10627.13
sau,sex_m,age_ythadult_yge25,cla_ecocla_usdge5,2018,10845.166
sau,sex_m,age_ythadult_yge25,cla_ecocla_usdge5,2019,11170.866
sau,sex_m,age_ythadult_yge25,cla_ecocla_usdlt2,1991,0
sau,sex_m,age_ythadult_yge25,cla_ecocla_usdlt2,1992,0
sau,sex_m,age_ythadult_yge25,cla_ecocla_usdlt2,1993,0
sau,sex_m,age_ythadult_yge25,cla_ecocla_usdlt2,1994,0
sau,sex_m,age_ythadult_yge25,cla_ecocla_usdlt2,1995,0
sau,sex_m,age_ythadult_yge25,cla_ecocla_usdlt2,1996,0
sau,sex_m,age_ythadult_yge25,cla_ecocla_usdlt2,1997,0
sau,sex_m,age_ythadult_yge25,cla_ecocla_usdlt2,1998,0
sau,sex_m,age_ythadult_yge25,cla_ecocla_usdlt2,1999,0
sau,sex_m,age_ythadult_yge25,cla_ecocla_usdlt2,2000,0
sau,sex_m,age_ythadult_yge25,cla_ecocla_usdlt2,2001,0
sau,sex_m,age_ythadult_yge25,cla_ecocla_usdlt2,2002,0
sau,sex_m,age_ythadult_yge25,cla_ecocla_usdlt2,2003,0
sau,sex_m,age_ythadult_yge25,cla_ecocla_usdlt2,2004,0
sau,sex_m,age_ythadult_yge25,cla_ecocla_usdlt2,2005,0
sau,sex_m,age_ythadult_yge25,cla_ecocla_usdlt2,2006,0
sau,sex_m,age_ythadult_yge25,cla_ecocla_usdlt2,2007,0
sau,sex_m,age_ythadult_yge25,cla_ecocla_usdlt2,2008,0
sau,sex_m,age_ythadult_yge25,cla_ecocla_usdlt2,2009,0
sau,sex_m,age_ythadult_yge25,cla_ecocla_usdlt2,2010,0
sau,sex_m,age_ythadult_yge25,cla_ecocla_usdlt2,2011,0
sau,sex_m,age_ythadult_yge25,cla_ecocla_usdlt2,2012,0
sau,sex_m,age_ythadult_yge25,cla_ecocla_usdlt2,2013,0
sau,sex_m,age_ythadult_yge25,cla_ecocla_usdlt2,2014,0
sau,sex_m,age_ythadult_yge25,cla_ecocla_usdlt2,2015,0
sau,sex_m,age_ythadult_yge25,cla_ecocla_usdlt2,2016,0
sau,sex_m,age_ythadult_yge25,cla_ecocla_usdlt2,2017,0
sau,sex_m,age_ythadult_yge25,cla_ecocla_usdlt2,2018,0
sau,sex_m,age_ythadult_yge25,cla_ecocla_usdlt2,2019,0
sau,sex_t,age_ythadult_y15_24,cla_ecocla_total,1991,704.64
sau,sex_t,age_ythadult_y15_24,cla_ecocla_total,1992,659.476
sau,sex_t,age_ythadult_y15_24,cla_ecocla_total,1993,593.73
sau,sex_t,age_ythadult_y15_24,cla_ecocla_total,1994,538.676
sau,sex_t,age_ythadult_y15_24,cla_ecocla_total,1995,498.279
sau,sex_t,age_ythadult_y15_24,cla_ecocla_total,1996,530.593
sau,sex_t,age_ythadult_y15_24,cla_ecocla_total,1997,556.266
sau,sex_t,age_ythadult_y15_24,cla_ecocla_total,1998,567.609
sau,sex_t,age_ythadult_y15_24,cla_ecocla_total,1999,561.062
sau,sex_t,age_ythadult_y15_24,cla_ecocla_total,2000,560.993
sau,sex_t,age_ythadult_y15_24,cla_ecocla_total,2001,570.793
sau,sex_t,age_ythadult_y15_24,cla_ecocla_total,2002,574.688
sau,sex_t,age_ythadult_y15_24,cla_ecocla_total,2003,587.837
sau,sex_t,age_ythadult_y15_24,cla_ecocla_total,2004,585.233
sau,sex_t,age_ythadult_y15_24,cla_ecocla_total,2005,575.534
sau,sex_t,age_ythadult_y15_24,cla_ecocla_total,2006,589.117
sau,sex_t,age_ythadult_y15_24,cla_ecocla_total,2007,594.565
sau,sex_t,age_ythadult_y15_24,cla_ecocla_total,2008,596.007
sau,sex_t,age_ythadult_y15_24,cla_ecocla_total,2009,557.916
sau,sex_t,age_ythadult_y15_24,cla_ecocla_total,2010,604.502
sau,sex_t,age_ythadult_y15_24,cla_ecocla_total,2011,665.202
sau,sex_t,age_ythadult_y15_24,cla_ecocla_total,2012,676.833
sau,sex_t,age_ythadult_y15_24,cla_ecocla_total,2013,674.597
sau,sex_t,age_ythadult_y15_24,cla_ecocla_total,2014,651.844
sau,sex_t,age_ythadult_y15_24,cla_ecocla_total,2015,597.312
sau,sex_t,age_ythadult_y15_24,cla_ecocla_total,2016,688.194
sau,sex_t,age_ythadult_y15_24,cla_ecocla_total,2017,673.153
sau,sex_t,age_ythadult_y15_24,cla_ecocla_total,2018,649.021
sau,sex_t,age_ythadult_y15_24,cla_ecocla_total,2019,624.693
sau,sex_t,age_ythadult_y15_24,cla_ecocla_usdge2lt3,1991,2.011
sau,sex_t,age_ythadult_y15_24,cla_ecocla_usdge2lt3,1992,1.76
sau,sex_t,age_ythadult_y15_24,cla_ecocla_usdge2lt3,1993,1.36
sau,sex_t,age_ythadult_y15_24,cla_ecocla_usdge2lt3,1994,1.048
sau,sex_t,age_ythadult_y15_24,cla_ecocla_usdge2lt3,1995,0.831
sau,sex_t,age_ythadult_y15_24,cla_ecocla_usdge2lt3,1996,0.805
sau,sex_t,age_ythadult_y15_24,cla_ecocla_usdge2lt3,1997,0.779
sau,sex_t,age_ythadult_y15_24,cla_ecocla_usdge2lt3,1998,0.732
sau,sex_t,age_ythadult_y15_24,cla_ecocla_usdge2lt3,1999,0.691
sau,sex_t,age_ythadult_y15_24,cla_ecocla_usdge2lt3,2000,0.627
sau,sex_t,age_ythadult_y15_24,cla_ecocla_usdge2lt3,2001,0.589
sau,sex_t,age_ythadult_y15_24,cla_ecocla_usdge2lt3,2002,0.563
sau,sex_t,age_ythadult_y15_24,cla_ecocla_usdge2lt3,2003,0.499
sau,sex_t,age_ythadult_y15_24,cla_ecocla_usdge2lt3,2004,0.437
sau,sex_t,age_ythadult_y15_24,cla_ecocla_usdge2lt3,2005,0.383
sau,sex_t,age_ythadult_y15_24,cla_ecocla_usdge2lt3,2006,0.361
sau,sex_t,age_ythadult_y15_24,cla_ecocla_usdge2lt3,2007,0.323
sau,sex_t,age_ythadult_y15_24,cla_ecocla_usdge2lt3,2008,0.279
sau,sex_t,age_ythadult_y15_24,cla_ecocla_usdge2lt3,2009,0.231
sau,sex_t,age_ythadult_y15_24,cla_ecocla_usdge2lt3,2010,0.242
sau,sex_t,age_ythadult_y15_24,cla_ecocla_usdge2lt3,2011,0.249
sau,sex_t,age_ythadult_y15_24,cla_ecocla_usdge2lt3,2012,0.224
sau,sex_t,age_ythadult_y15_24,cla_ecocla_usdge2lt3,2013,0.204
sau,sex_t,age_ythadult_y15_24,cla_ecocla_usdge2lt3,2014,0.189
sau,sex_t,age_ythadult_y15_24,cla_ecocla_usdge2lt3,2015,0.157
sau,sex_t,age_ythadult_y15_24,cla_ecocla_usdge2lt3,2016,0.211
sau,sex_t,age_ythadult_y15_24,cla_ecocla_usdge2lt3,2017,0.212
sau,sex_t,age_ythadult_y15_24,cla_ecocla_usdge2lt3,2018,0.208
sau,sex_t,age_ythadult_y15_24,cla_ecocla_usdge2lt3,2019,0.201
sau,sex_t,age_ythadult_y15_24,cla_ecocla_usdge3lt5,1991,2.401
sau,sex_t,age_ythadult_y15_24,cla_ecocla_usdge3lt5,1992,2.252
sau,sex_t,age_ythadult_y15_24,cla_ecocla_usdge3lt5,1993,2.009
sau,sex_t,age_ythadult_y15_24,cla_ecocla_usdge3lt5,1994,1.765
sau,sex_t,age_ythadult_y15_24,cla_ecocla_usdge3lt5,1995,1.571
sau,sex_t,age_ythadult_y15_24,cla_ecocla_usdge3lt5,1996,1.589
sau,sex_t,age_ythadult_y15_24,cla_ecocla_usdge3lt5,1997,1.599
sau,sex_t,age_ythadult_y15_24,cla_ecocla_usdge3lt5,1998,1.558
sau,sex_t,age_ythadult_y15_24,cla_ecocla_usdge3lt5,1999,1.541
sau,sex_t,age_ythadult_y15_24,cla_ecocla_usdge3lt5,2000,1.527
sau,sex_t,age_ythadult_y15_24,cla_ecocla_usdge3lt5,2001,1.499
sau,sex_t,age_ythadult_y15_24,cla_ecocla_usdge3lt5,2002,1.487
sau,sex_t,age_ythadult_y15_24,cla_ecocla_usdge3lt5,2003,1.334
sau,sex_t,age_ythadult_y15_24,cla_ecocla_usdge3lt5,2004,1.198
sau,sex_t,age_ythadult_y15_24,cla_ecocla_usdge3lt5,2005,1.077
sau,sex_t,age_ythadult_y15_24,cla_ecocla_usdge3lt5,2006,1.027
sau,sex_t,age_ythadult_y15_24,cla_ecocla_usdge3lt5,2007,0.984
sau,sex_t,age_ythadult_y15_24,cla_ecocla_usdge3lt5,2008,0.909
sau,sex_t,age_ythadult_y15_24,cla_ecocla_usdge3lt5,2009,0.82
sau,sex_t,age_ythadult_y15_24,cla_ecocla_usdge3lt5,2010,0.843
sau,sex_t,age_ythadult_y15_24,cla_ecocla_usdge3lt5,2011,0.851
sau,sex_t,age_ythadult_y15_24,cla_ecocla_usdge3lt5,2012,0.826
sau,sex_t,age_ythadult_y15_24,cla_ecocla_usdge3lt5,2013,0.791
sau,sex_t,age_ythadult_y15_24,cla_ecocla_usdge3lt5,2014,0.735
sau,sex_t,age_ythadult_y15_24,cla_ecocla_usdge3lt5,2015,0.643
sau,sex_t,age_ythadult_y15_24,cla_ecocla_usdge3lt5,2016,0.75
sau,sex_t,age_ythadult_y15_24,cla_ecocla_usdge3lt5,2017,0.735
sau,sex_t,age_ythadult_y15_24,cla_ecocla_usdge3lt5,2018,0.709
sau,sex_t,age_ythadult_y15_24,cla_ecocla_usdge3lt5,2019,0.69
sau,sex_t,age_ythadult_y15_24,cla_ecocla_usdge5,1991,700.228
sau,sex_t,age_ythadult_y15_24,cla_ecocla_usdge5,1992,655.463
sau,sex_t,age_ythadult_y15_24,cla_ecocla_usdge5,1993,590.361
sau,sex_t,age_ythadult_y15_24,cla_ecocla_usdge5,1994,535.864
sau,sex_t,age_ythadult_y15_24,cla_ecocla_usdge5,1995,495.878
sau,sex_t,age_ythadult_y15_24,cla_ecocla_usdge5,1996,528.198
sau,sex_t,age_ythadult_y15_24,cla_ecocla_usdge5,1997,553.889
sau,sex_t,age_ythadult_y15_24,cla_ecocla_usdge5,1998,565.319
sau,sex_t,age_ythadult_y15_24,cla_ecocla_usdge5,1999,558.83
sau,sex_t,age_ythadult_y15_24,cla_ecocla_usdge5,2000,558.839
sau,sex_t,age_ythadult_y15_24,cla_ecocla_usdge5,2001,568.706
sau,sex_t,age_ythadult_y15_24,cla_ecocla_usdge5,2002,572.638
sau,sex_t,age_ythadult_y15_24,cla_ecocla_usdge5,2003,586.004
sau,sex_t,age_ythadult_y15_24,cla_ecocla_usdge5,2004,583.599
sau,sex_t,age_ythadult_y15_24,cla_ecocla_usdge5,2005,574.073
sau,sex_t,age_ythadult_y15_24,cla_ecocla_usdge5,2006,587.729
sau,sex_t,age_ythadult_y15_24,cla_ecocla_usdge5,2007,593.259
sau,sex_t,age_ythadult_y15_24,cla_ecocla_usdge5,2008,594.819
sau,sex_t,age_ythadult_y15_24,cla_ecocla_usdge5,2009,556.865
sau,sex_t,age_ythadult_y15_24,cla_ecocla_usdge5,2010,603.417
sau,sex_t,age_ythadult_y15_24,cla_ecocla_usdge5,2011,664.102
sau,sex_t,age_ythadult_y15_24,cla_ecocla_usdge5,2012,675.785
sau,sex_t,age_ythadult_y15_24,cla_ecocla_usdge5,2013,673.602
sau,sex_t,age_ythadult_y15_24,cla_ecocla_usdge5,2014,650.92
sau,sex_t,age_ythadult_y15_24,cla_ecocla_usdge5,2015,596.512
sau,sex_t,age_ythadult_y15_24,cla_ecocla_usdge5,2016,687.233
sau,sex_t,age_ythadult_y15_24,cla_ecocla_usdge5,2017,672.205
sau,sex_t,age_ythadult_y15_24,cla_ecocla_usdge5,2018,648.104
sau,sex_t,age_ythadult_y15_24,cla_ecocla_usdge5,2019,623.801
sau,sex_t,age_ythadult_y15_24,cla_ecocla_usdlt2,1991,0
sau,sex_t,age_ythadult_y15_24,cla_ecocla_usdlt2,1992,0
sau,sex_t,age_ythadult_y15_24,cla_ecocla_usdlt2,1993,0
sau,sex_t,age_ythadult_y15_24,cla_ecocla_usdlt2,1994,0
sau,sex_t,age_ythadult_y15_24,cla_ecocla_usdlt2,1995,0
sau,sex_t,age_ythadult_y15_24,cla_ecocla_usdlt2,1996,0
sau,sex_t,age_ythadult_y15_24,cla_ecocla_usdlt2,1997,0
sau,sex_t,age_ythadult_y15_24,cla_ecocla_usdlt2,1998,0
sau,sex_t,age_ythadult_y15_24,cla_ecocla_usdlt2,1999,0
sau,sex_t,age_ythadult_y15_24,cla_ecocla_usdlt2,2000,0
sau,sex_t,age_ythadult_y15_24,cla_ecocla_usdlt2,2001,0
sau,sex_t,age_ythadult_y15_24,cla_ecocla_usdlt2,2002,0
sau,sex_t,age_ythadult_y15_24,cla_ecocla_usdlt2,2003,0
sau,sex_t,age_ythadult_y15_24,cla_ecocla_usdlt2,2004,0
sau,sex_t,age_ythadult_y15_24,cla_ecocla_usdlt2,2005,0
sau,sex_t,age_ythadult_y15_24,cla_ecocla_usdlt2,2006,0
sau,sex_t,age_ythadult_y15_24,cla_ecocla_usdlt2,2007,0
sau,sex_t,age_ythadult_y15_24,cla_ecocla_usdlt2,2008,0
sau,sex_t,age_ythadult_y15_24,cla_ecocla_usdlt2,2009,0
sau,sex_t,age_ythadult_y15_24,cla_ecocla_usdlt2,2010,0
sau,sex_t,age_ythadult_y15_24,cla_ecocla_usdlt2,2011,0
sau,sex_t,age_ythadult_y15_24,cla_ecocla_usdlt2,2012,0
sau,sex_t,age_ythadult_y15_24,cla_ecocla_usdlt2,2013,0
sau,sex_t,age_ythadult_y15_24,cla_ecocla_usdlt2,2014,0
sau,sex_t,age_ythadult_y15_24,cla_ecocla_usdlt2,2015,0
sau,sex_t,age_ythadult_y15_24,cla_ecocla_usdlt2,2016,0
sau,sex_t,age_ythadult_y15_24,cla_ecocla_usdlt2,2017,0
sau,sex_t,age_ythadult_y15_24,cla_ecocla_usdlt2,2018,0
sau,sex_t,age_ythadult_y15_24,cla_ecocla_usdlt2,2019,0
sau,sex_t,age_ythadult_yge15,cla_ecocla_total,1991,4783.738
sau,sex_t,age_ythadult_yge15,cla_ecocla_total,1992,4925.777
sau,sex_t,age_ythadult_yge15,cla_ecocla_total,1993,5050.084
sau,sex_t,age_ythadult_yge15,cla_ecocla_total,1994,5157.782
sau,sex_t,age_ythadult_yge15,cla_ecocla_total,1995,5258.305
sau,sex_t,age_ythadult_yge15,cla_ecocla_total,1996,5357.558
sau,sex_t,age_ythadult_yge15,cla_ecocla_total,1997,5469.567
sau,sex_t,age_ythadult_yge15,cla_ecocla_total,1998,5598.087
sau,sex_t,age_ythadult_yge15,cla_ecocla_total,1999,5762.976
sau,sex_t,age_ythadult_yge15,cla_ecocla_total,2000,6067.535
sau,sex_t,age_ythadult_yge15,cla_ecocla_total,2001,6267.787
sau,sex_t,age_ythadult_yge15,cla_ecocla_total,2002,6488.067
sau,sex_t,age_ythadult_yge15,cla_ecocla_total,2003,6797.736
sau,sex_t,age_ythadult_yge15,cla_ecocla_total,2004,7129.843
sau,sex_t,age_ythadult_yge15,cla_ecocla_total,2005,7471.383
sau,sex_t,age_ythadult_yge15,cla_ecocla_total,2006,7780.284
sau,sex_t,age_ythadult_yge15,cla_ecocla_total,2007,8150.731
sau,sex_t,age_ythadult_yge15,cla_ecocla_total,2008,8523.563
sau,sex_t,age_ythadult_yge15,cla_ecocla_total,2009,8818.249
sau,sex_t,age_ythadult_yge15,cla_ecocla_total,2010,9334.049
sau,sex_t,age_ythadult_yge15,cla_ecocla_total,2011,9952.99
sau,sex_t,age_ythadult_yge15,cla_ecocla_total,2012,10681.512
sau,sex_t,age_ythadult_yge15,cla_ecocla_total,2013,11311.286
sau,sex_t,age_ythadult_yge15,cla_ecocla_total,2014,11836.504
sau,sex_t,age_ythadult_yge15,cla_ecocla_total,2015,12448.81
sau,sex_t,age_ythadult_yge15,cla_ecocla_total,2016,12839.517
sau,sex_t,age_ythadult_yge15,cla_ecocla_total,2017,13025.665
sau,sex_t,age_ythadult_yge15,cla_ecocla_total,2018,13174.959
sau,sex_t,age_ythadult_yge15,cla_ecocla_total,2019,13506.59
sau,sex_t,age_ythadult_yge15,cla_ecocla_usdge2lt3,1991,18.422
sau,sex_t,age_ythadult_yge15,cla_ecocla_usdge2lt3,1992,19.363
sau,sex_t,age_ythadult_yge15,cla_ecocla_usdge2lt3,1993,20.401
sau,sex_t,age_ythadult_yge15,cla_ecocla_usdge2lt3,1994,20.943
sau,sex_t,age_ythadult_yge15,cla_ecocla_usdge2lt3,1995,21.14
sau,sex_t,age_ythadult_yge15,cla_ecocla_usdge2lt3,1996,20.093
sau,sex_t,age_ythadult_yge15,cla_ecocla_usdge2lt3,1997,19.311
sau,sex_t,age_ythadult_yge15,cla_ecocla_usdge2lt3,1998,18.643
sau,sex_t,age_ythadult_yge15,cla_ecocla_usdge2lt3,1999,19.081
sau,sex_t,age_ythadult_yge15,cla_ecocla_usdge2lt3,2000,19.117
sau,sex_t,age_ythadult_yge15,cla_ecocla_usdge2lt3,2001,18.693
sau,sex_t,age_ythadult_yge15,cla_ecocla_usdge2lt3,2002,18.613
sau,sex_t,age_ythadult_yge15,cla_ecocla_usdge2lt3,2003,16.794
sau,sex_t,age_ythadult_yge15,cla_ecocla_usdge2lt3,2004,15.685
sau,sex_t,age_ythadult_yge15,cla_ecocla_usdge2lt3,2005,14.883
sau,sex_t,age_ythadult_yge15,cla_ecocla_usdge2lt3,2006,14.209
sau,sex_t,age_ythadult_yge15,cla_ecocla_usdge2lt3,2007,13.801
sau,sex_t,age_ythadult_yge15,cla_ecocla_usdge2lt3,2008,12.977
sau,sex_t,age_ythadult_yge15,cla_ecocla_usdge2lt3,2009,12.946
sau,sex_t,age_ythadult_yge15,cla_ecocla_usdge2lt3,2010,12.566
sau,sex_t,age_ythadult_yge15,cla_ecocla_usdge2lt3,2011,11.666
sau,sex_t,age_ythadult_yge15,cla_ecocla_usdge2lt3,2012,11.478
sau,sex_t,age_ythadult_yge15,cla_ecocla_usdge2lt3,2013,11.497
sau,sex_t,age_ythadult_yge15,cla_ecocla_usdge2lt3,2014,11.544
sau,sex_t,age_ythadult_yge15,cla_ecocla_usdge2lt3,2015,11.73
sau,sex_t,age_ythadult_yge15,cla_ecocla_usdge2lt3,2016,11.8
sau,sex_t,age_ythadult_yge15,cla_ecocla_usdge2lt3,2017,11.991
sau,sex_t,age_ythadult_yge15,cla_ecocla_usdge2lt3,2018,11.967
sau,sex_t,age_ythadult_yge15,cla_ecocla_usdge2lt3,2019,12.503
sau,sex_t,age_ythadult_yge15,cla_ecocla_usdge3lt5,1991,13.677
sau,sex_t,age_ythadult_yge15,cla_ecocla_usdge3lt5,1992,14.382
sau,sex_t,age_ythadult_yge15,cla_ecocla_usdge3lt5,1993,15.234
sau,sex_t,age_ythadult_yge15,cla_ecocla_usdge3lt5,1994,15.782
sau,sex_t,age_ythadult_yge15,cla_ecocla_usdge3lt5,1995,16.157
sau,sex_t,age_ythadult_yge15,cla_ecocla_usdge3lt5,1996,15.82
sau,sex_t,age_ythadult_yge15,cla_ecocla_usdge3lt5,1997,15.646
sau,sex_t,age_ythadult_yge15,cla_ecocla_usdge3lt5,1998,15.468
sau,sex_t,age_ythadult_yge15,cla_ecocla_usdge3lt5,1999,16.16
sau,sex_t,age_ythadult_yge15,cla_ecocla_usdge3lt5,2000,16.373
sau,sex_t,age_ythadult_yge15,cla_ecocla_usdge3lt5,2001,16.539
sau,sex_t,age_ythadult_yge15,cla_ecocla_usdge3lt5,2002,17.089
sau,sex_t,age_ythadult_yge15,cla_ecocla_usdge3lt5,2003,15.893
sau,sex_t,age_ythadult_yge15,cla_ecocla_usdge3lt5,2004,15.269
sau,sex_t,age_ythadult_yge15,cla_ecocla_usdge3lt5,2005,14.883
sau,sex_t,age_ythadult_yge15,cla_ecocla_usdge3lt5,2006,14.6
sau,sex_t,age_ythadult_yge15,cla_ecocla_usdge3lt5,2007,14.504
sau,sex_t,age_ythadult_yge15,cla_ecocla_usdge3lt5,2008,14.002
sau,sex_t,age_ythadult_yge15,cla_ecocla_usdge3lt5,2009,14.229
sau,sex_t,age_ythadult_yge15,cla_ecocla_usdge3lt5,2010,14.124
sau,sex_t,age_ythadult_yge15,cla_ecocla_usdge3lt5,2011,13.575
sau,sex_t,age_ythadult_yge15,cla_ecocla_usdge3lt5,2012,13.674
sau,sex_t,age_ythadult_yge15,cla_ecocla_usdge3lt5,2013,13.927
sau,sex_t,age_ythadult_yge15,cla_ecocla_usdge3lt5,2014,14.073
sau,sex_t,age_ythadult_yge15,cla_ecocla_usdge3lt5,2015,14.358
sau,sex_t,age_ythadult_yge15,cla_ecocla_usdge3lt5,2016,14.69
sau,sex_t,age_ythadult_yge15,cla_ecocla_usdge3lt5,2017,15.102
sau,sex_t,age_ythadult_yge15,cla_ecocla_usdge3lt5,2018,15.25
sau,sex_t,age_ythadult_yge15,cla_ecocla_usdge3lt5,2019,15.887
sau,sex_t,age_ythadult_yge15,cla_ecocla_usdge5,1991,4751.639
sau,sex_t,age_ythadult_yge15,cla_ecocla_usdge5,1992,4892.031
sau,sex_t,age_ythadult_yge15,cla_ecocla_usdge5,1993,5014.45
sau,sex_t,age_ythadult_yge15,cla_ecocla_usdge5,1994,5121.057
sau,sex_t,age_ythadult_yge15,cla_ecocla_usdge5,1995,5221.008
sau,sex_t,age_ythadult_yge15,cla_ecocla_usdge5,1996,5321.645
sau,sex_t,age_ythadult_yge15,cla_ecocla_usdge5,1997,5434.61
sau,sex_t,age_ythadult_yge15,cla_ecocla_usdge5,1998,5563.976
sau,sex_t,age_ythadult_yge15,cla_ecocla_usdge5,1999,5727.735
sau,sex_t,age_ythadult_yge15,cla_ecocla_usdge5,2000,6032.045
sau,sex_t,age_ythadult_yge15,cla_ecocla_usdge5,2001,6232.555
sau,sex_t,age_ythadult_yge15,cla_ecocla_usdge5,2002,6452.365
sau,sex_t,age_ythadult_yge15,cla_ecocla_usdge5,2003,6765.049
sau,sex_t,age_ythadult_yge15,cla_ecocla_usdge5,2004,7098.89
sau,sex_t,age_ythadult_yge15,cla_ecocla_usdge5,2005,7441.616
sau,sex_t,age_ythadult_yge15,cla_ecocla_usdge5,2006,7751.474
sau,sex_t,age_ythadult_yge15,cla_ecocla_usdge5,2007,8122.425
sau,sex_t,age_ythadult_yge15,cla_ecocla_usdge5,2008,8496.585
sau,sex_t,age_ythadult_yge15,cla_ecocla_usdge5,2009,8791.074
sau,sex_t,age_ythadult_yge15,cla_ecocla_usdge5,2010,9307.358
sau,sex_t,age_ythadult_yge15,cla_ecocla_usdge5,2011,9927.749
sau,sex_t,age_ythadult_yge15,cla_ecocla_usdge5,2012,10656.36
sau,sex_t,age_ythadult_yge15,cla_ecocla_usdge5,2013,11285.863
sau,sex_t,age_ythadult_yge15,cla_ecocla_usdge5,2014,11810.888
sau,sex_t,age_ythadult_yge15,cla_ecocla_usdge5,2015,12422.723
sau,sex_t,age_ythadult_yge15,cla_ecocla_usdge5,2016,12813.027
sau,sex_t,age_ythadult_yge15,cla_ecocla_usdge5,2017,12998.572
sau,sex_t,age_ythadult_yge15,cla_ecocla_usdge5,2018,13147.742
sau,sex_t,age_ythadult_yge15,cla_ecocla_usdge5,2019,13478.2
sau,sex_t,age_ythadult_yge15,cla_ecocla_usdlt2,1991,0
sau,sex_t,age_ythadult_yge15,cla_ecocla_usdlt2,1992,0
sau,sex_t,age_ythadult_yge15,cla_ecocla_usdlt2,1993,0
sau,sex_t,age_ythadult_yge15,cla_ecocla_usdlt2,1994,0
sau,sex_t,age_ythadult_yge15,cla_ecocla_usdlt2,1995,0
sau,sex_t,age_ythadult_yge15,cla_ecocla_usdlt2,1996,0
sau,sex_t,age_ythadult_yge15,cla_ecocla_usdlt2,1997,0
sau,sex_t,age_ythadult_yge15,cla_ecocla_usdlt2,1998,0
sau,sex_t,age_ythadult_yge15,cla_ecocla_usdlt2,1999,0
sau,sex_t,age_ythadult_yge15,cla_ecocla_usdlt2,2000,0
sau,sex_t,age_ythadult_yge15,cla_ecocla_usdlt2,2001,0
sau,sex_t,age_ythadult_yge15,cla_ecocla_usdlt2,2002,0
sau,sex_t,age_ythadult_yge15,cla_ecocla_usdlt2,2003,0
sau,sex_t,age_ythadult_yge15,cla_ecocla_usdlt2,2004,0
sau,sex_t,age_ythadult_yge15,cla_ecocla_usdlt2,2005,0
sau,sex_t,age_ythadult_yge15,cla_ecocla_usdlt2,2006,0
sau,sex_t,age_ythadult_yge15,cla_ecocla_usdlt2,2007,0
sau,sex_t,age_ythadult_yge15,cla_ecocla_usdlt2,2008,0
sau,sex_t,age_ythadult_yge15,cla_ecocla_usdlt2,2009,0
sau,sex_t,age_ythadult_yge15,cla_ecocla_usdlt2,2010,0
sau,sex_t,age_ythadult_yge15,cla_ecocla_usdlt2,2011,0
sau,sex_t,age_ythadult_yge15,cla_ecocla_usdlt2,2012,0
sau,sex_t,age_ythadult_yge15,cla_ecocla_usdlt2,2013,0
sau,sex_t,age_ythadult_yge15,cla_ecocla_usdlt2,2014,0
sau,sex_t,age_ythadult_yge15,cla_ecocla_usdlt2,2015,0
sau,sex_t,age_ythadult_yge15,cla_ecocla_usdlt2,2016,0
sau,sex_t,age_ythadult_yge15,cla_ecocla_usdlt2,2017,0
sau,sex_t,age_ythadult_yge15,cla_ecocla_usdlt2,2018,0
sau,sex_t,age_ythadult_yge15,cla_ecocla_usdlt2,2019,0
sau,sex_t,age_ythadult_yge25,cla_ecocla_total,1991,4079.098
sau,sex_t,age_ythadult_yge25,cla_ecocla_total,1992,4266.301
sau,sex_t,age_ythadult_yge25,cla_ecocla_total,1993,4456.355
sau,sex_t,age_ythadult_yge25,cla_ecocla_total,1994,4619.106
sau,sex_t,age_ythadult_yge25,cla_ecocla_total,1995,4760.026
sau,sex_t,age_ythadult_yge25,cla_ecocla_total,1996,4826.965
sau,sex_t,age_ythadult_yge25,cla_ecocla_total,1997,4913.301
sau,sex_t,age_ythadult_yge25,cla_ecocla_total,1998,5030.478
sau,sex_t,age_ythadult_yge25,cla_ecocla_total,1999,5201.914
sau,sex_t,age_ythadult_yge25,cla_ecocla_total,2000,5506.542
sau,sex_t,age_ythadult_yge25,cla_ecocla_total,2001,5696.994
sau,sex_t,age_ythadult_yge25,cla_ecocla_total,2002,5913.378
sau,sex_t,age_ythadult_yge25,cla_ecocla_total,2003,6209.9
sau,sex_t,age_ythadult_yge25,cla_ecocla_total,2004,6544.61
sau,sex_t,age_ythadult_yge25,cla_ecocla_total,2005,6895.849
sau,sex_t,age_ythadult_yge25,cla_ecocla_total,2006,7191.167
sau,sex_t,age_ythadult_yge25,cla_ecocla_total,2007,7556.165
sau,sex_t,age_ythadult_yge25,cla_ecocla_total,2008,7927.556
sau,sex_t,age_ythadult_yge25,cla_ecocla_total,2009,8260.334
sau,sex_t,age_ythadult_yge25,cla_ecocla_total,2010,8729.546
sau,sex_t,age_ythadult_yge25,cla_ecocla_total,2011,9287.788
sau,sex_t,age_ythadult_yge25,cla_ecocla_total,2012,10004.679
sau,sex_t,age_ythadult_yge25,cla_ecocla_total,2013,10636.689
sau,sex_t,age_ythadult_yge25,cla_ecocla_total,2014,11184.66
sau,sex_t,age_ythadult_yge25,cla_ecocla_total,2015,11851.498
sau,sex_t,age_ythadult_yge25,cla_ecocla_total,2016,12151.323
sau,sex_t,age_ythadult_yge25,cla_ecocla_total,2017,12352.512
sau,sex_t,age_ythadult_yge25,cla_ecocla_total,2018,12525.938
sau,sex_t,age_ythadult_yge25,cla_ecocla_total,2019,12881.898
sau,sex_t,age_ythadult_yge25,cla_ecocla_usdge2lt3,1991,16.411
sau,sex_t,age_ythadult_yge25,cla_ecocla_usdge2lt3,1992,17.603
sau,sex_t,age_ythadult_yge25,cla_ecocla_usdge2lt3,1993,19.041
sau,sex_t,age_ythadult_yge25,cla_ecocla_usdge2lt3,1994,19.896
sau,sex_t,age_ythadult_yge25,cla_ecocla_usdge2lt3,1995,20.309
sau,sex_t,age_ythadult_yge25,cla_ecocla_usdge2lt3,1996,19.287
sau,sex_t,age_ythadult_yge25,cla_ecocla_usdge2lt3,1997,18.532
sau,sex_t,age_ythadult_yge25,cla_ecocla_usdge2lt3,1998,17.912
sau,sex_t,age_ythadult_yge25,cla_ecocla_usdge2lt3,1999,18.39
sau,sex_t,age_ythadult_yge25,cla_ecocla_usdge2lt3,2000,18.49
sau,sex_t,age_ythadult_yge25,cla_ecocla_usdge2lt3,2001,18.104
sau,sex_t,age_ythadult_yge25,cla_ecocla_usdge2lt3,2002,18.05
sau,sex_t,age_ythadult_yge25,cla_ecocla_usdge2lt3,2003,16.296
sau,sex_t,age_ythadult_yge25,cla_ecocla_usdge2lt3,2004,15.248
sau,sex_t,age_ythadult_yge25,cla_ecocla_usdge2lt3,2005,14.501
sau,sex_t,age_ythadult_yge25,cla_ecocla_usdge2lt3,2006,13.849
sau,sex_t,age_ythadult_yge25,cla_ecocla_usdge2lt3,2007,13.478
sau,sex_t,age_ythadult_yge25,cla_ecocla_usdge2lt3,2008,12.697
sau,sex_t,age_ythadult_yge25,cla_ecocla_usdge2lt3,2009,12.715
sau,sex_t,age_ythadult_yge25,cla_ecocla_usdge2lt3,2010,12.324
sau,sex_t,age_ythadult_yge25,cla_ecocla_usdge2lt3,2011,11.417
sau,sex_t,age_ythadult_yge25,cla_ecocla_usdge2lt3,2012,11.254
sau,sex_t,age_ythadult_yge25,cla_ecocla_usdge2lt3,2013,11.292
sau,sex_t,age_ythadult_yge25,cla_ecocla_usdge2lt3,2014,11.355
sau,sex_t,age_ythadult_yge25,cla_ecocla_usdge2lt3,2015,11.573
sau,sex_t,age_ythadult_yge25,cla_ecocla_usdge2lt3,2016,11.589
sau,sex_t,age_ythadult_yge25,cla_ecocla_usdge2lt3,2017,11.778
sau,sex_t,age_ythadult_yge25,cla_ecocla_usdge2lt3,2018,11.759
sau,sex_t,age_ythadult_yge25,cla_ecocla_usdge2lt3,2019,12.302
sau,sex_t,age_ythadult_yge25,cla_ecocla_usdge3lt5,1991,11.277
sau,sex_t,age_ythadult_yge25,cla_ecocla_usdge3lt5,1992,12.13
sau,sex_t,age_ythadult_yge25,cla_ecocla_usdge3lt5,1993,13.225
sau,sex_t,age_ythadult_yge25,cla_ecocla_usdge3lt5,1994,14.017
sau,sex_t,age_ythadult_yge25,cla_ecocla_usdge3lt5,1995,14.587
sau,sex_t,age_ythadult_yge25,cla_ecocla_usdge3lt5,1996,14.231
sau,sex_t,age_ythadult_yge25,cla_ecocla_usdge3lt5,1997,14.048
sau,sex_t,age_ythadult_yge25,cla_ecocla_usdge3lt5,1998,13.91
sau,sex_t,age_ythadult_yge25,cla_ecocla_usdge3lt5,1999,14.62
sau,sex_t,age_ythadult_yge25,cla_ecocla_usdge3lt5,2000,14.846
sau,sex_t,age_ythadult_yge25,cla_ecocla_usdge3lt5,2001,15.041
sau,sex_t,age_ythadult_yge25,cla_ecocla_usdge3lt5,2002,15.602
sau,sex_t,age_ythadult_yge25,cla_ecocla_usdge3lt5,2003,14.559
sau,sex_t,age_ythadult_yge25,cla_ecocla_usdge3lt5,2004,14.071
sau,sex_t,age_ythadult_yge25,cla_ecocla_usdge3lt5,2005,13.806
sau,sex_t,age_ythadult_yge25,cla_ecocla_usdge3lt5,2006,13.573
sau,sex_t,age_ythadult_yge25,cla_ecocla_usdge3lt5,2007,13.52
sau,sex_t,age_ythadult_yge25,cla_ecocla_usdge3lt5,2008,13.093
sau,sex_t,age_ythadult_yge25,cla_ecocla_usdge3lt5,2009,13.41
sau,sex_t,age_ythadult_yge25,cla_ecocla_usdge3lt5,2010,13.28
sau,sex_t,age_ythadult_yge25,cla_ecocla_usdge3lt5,2011,12.724
sau,sex_t,age_ythadult_yge25,cla_ecocla_usdge3lt5,2012,12.849
sau,sex_t,age_ythadult_yge25,cla_ecocla_usdge3lt5,2013,13.136
sau,sex_t,age_ythadult_yge25,cla_ecocla_usdge3lt5,2014,13.337
sau,sex_t,age_ythadult_yge25,cla_ecocla_usdge3lt5,2015,13.715
sau,sex_t,age_ythadult_yge25,cla_ecocla_usdge3lt5,2016,13.94
sau,sex_t,age_ythadult_yge25,cla_ecocla_usdge3lt5,2017,14.367
sau,sex_t,age_ythadult_yge25,cla_ecocla_usdge3lt5,2018,14.542
sau,sex_t,age_ythadult_yge25,cla_ecocla_usdge3lt5,2019,15.197
sau,sex_t,age_ythadult_yge25,cla_ecocla_usdge5,1991,4051.411
sau,sex_t,age_ythadult_yge25,cla_ecocla_usdge5,1992,4236.569
sau,sex_t,age_ythadult_yge25,cla_ecocla_usdge5,1993,4424.089
sau,sex_t,age_ythadult_yge25,cla_ecocla_usdge5,1994,4585.194
sau,sex_t,age_ythadult_yge25,cla_ecocla_usdge5,1995,4725.13
sau,sex_t,age_ythadult_yge25,cla_ecocla_usdge5,1996,4793.447
sau,sex_t,age_ythadult_yge25,cla_ecocla_usdge5,1997,4880.722
sau,sex_t,age_ythadult_yge25,cla_ecocla_usdge5,1998,4998.656
sau,sex_t,age_ythadult_yge25,cla_ecocla_usdge5,1999,5168.905
sau,sex_t,age_ythadult_yge25,cla_ecocla_usdge5,2000,5473.206
sau,sex_t,age_ythadult_yge25,cla_ecocla_usdge5,2001,5663.85
sau,sex_t,age_ythadult_yge25,cla_ecocla_usdge5,2002,5879.727
sau,sex_t,age_ythadult_yge25,cla_ecocla_usdge5,2003,6179.045
sau,sex_t,age_ythadult_yge25,cla_ecocla_usdge5,2004,6515.291
sau,sex_t,age_ythadult_yge25,cla_ecocla_usdge5,2005,6867.543
sau,sex_t,age_ythadult_yge25,cla_ecocla_usdge5,2006,7163.745
sau,sex_t,age_ythadult_yge25,cla_ecocla_usdge5,2007,7529.167
sau,sex_t,age_ythadult_yge25,cla_ecocla_usdge5,2008,7901.765
sau,sex_t,age_ythadult_yge25,cla_ecocla_usdge5,2009,8234.209
sau,sex_t,age_ythadult_yge25,cla_ecocla_usdge5,2010,8703.941
sau,sex_t,age_ythadult_yge25,cla_ecocla_usdge5,2011,9263.647
sau,sex_t,age_ythadult_yge25,cla_ecocla_usdge5,2012,9980.575
sau,sex_t,age_ythadult_yge25,cla_ecocla_usdge5,2013,10612.261
sau,sex_t,age_ythadult_yge25,cla_ecocla_usdge5,2014,11159.968
sau,sex_t,age_ythadult_yge25,cla_ecocla_usdge5,2015,11826.211
sau,sex_t,age_ythadult_yge25,cla_ecocla_usdge5,2016,12125.794
sau,sex_t,age_ythadult_yge25,cla_ecocla_usdge5,2017,12326.367
sau,sex_t,age_ythadult_yge25,cla_ecocla_usdge5,2018,12499.637
sau,sex_t,age_ythadult_yge25,cla_ecocla_usdge5,2019,12854.399
sau,sex_t,age_ythadult_yge25,cla_ecocla_usdlt2,1991,0
sau,sex_t,age_ythadult_yge25,cla_ecocla_usdlt2,1992,0
sau,sex_t,age_ythadult_yge25,cla_ecocla_usdlt2,1993,0
sau,sex_t,age_ythadult_yge25,cla_ecocla_usdlt2,1994,0
sau,sex_t,age_ythadult_yge25,cla_ecocla_usdlt2,1995,0
sau,sex_t,age_ythadult_yge25,cla_ecocla_usdlt2,1996,0
sau,sex_t,age_ythadult_yge25,cla_ecocla_usdlt2,1997,0
sau,sex_t,age_ythadult_yge25,cla_ecocla_usdlt2,1998,0
sau,sex_t,age_ythadult_yge25,cla_ecocla_usdlt2,1999,0
sau,sex_t,age_ythadult_yge25,cla_ecocla_usdlt2,2000,0
sau,sex_t,age_ythadult_yge25,cla_ecocla_usdlt2,2001,0
sau,sex_t,age_ythadult_yge25,cla_ecocla_usdlt2,2002,0
sau,sex_t,age_ythadult_yge25,cla_ecocla_usdlt2,2003,0
sau,sex_t,age_ythadult_yge25,cla_ecocla_usdlt2,2004,0
sau,sex_t,age_ythadult_yge25,cla_ecocla_usdlt2,2005,0
sau,sex_t,age_ythadult_yge25,cla_ecocla_usdlt2,2006,0
sau,sex_t,age_ythadult_yge25,cla_ecocla_usdlt2,2007,0
sau,sex_t,age_ythadult_yge25,cla_ecocla_usdlt2,2008,0
sau,sex_t,age_ythadult_yge25,cla_ecocla_usdlt2,2009,0
sau,sex_t,age_ythadult_yge25,cla_ecocla_usdlt2,2010,0
sau,sex_t,age_ythadult_yge25,cla_ecocla_usdlt2,2011,0
sau,sex_t,age_ythadult_yge25,cla_ecocla_usdlt2,2012,0
sau,sex_t,age_ythadult_yge25,cla_ecocla_usdlt2,2013,0
sau,sex_t,age_ythadult_yge25,cla_ecocla_usdlt2,2014,0
sau,sex_t,age_ythadult_yge25,cla_ecocla_usdlt2,2015,0
sau,sex_t,age_ythadult_yge25,cla_ecocla_usdlt2,2016,0
sau,sex_t,age_ythadult_yge25,cla_ecocla_usdlt2,2017,0
sau,sex_t,age_ythadult_yge25,cla_ecocla_usdlt2,2018,0
sau,sex_t,age_ythadult_yge25,cla_ecocla_usdlt2,2019,0
