ref_area,sex,classif1,classif2,time,emp_2emp_sex_geo_ste_nb
ecu,sex_f,geo_cov_nat,ste_aggregate_ees,2005,1099.279
ecu,sex_f,geo_cov_nat,ste_aggregate_ees,2006,1104.04
ecu,sex_f,geo_cov_nat,ste_aggregate_ees,2007,1143.699
ecu,sex_f,geo_cov_nat,ste_aggregate_ees,2008,1183.028
ecu,sex_f,geo_cov_nat,ste_aggregate_ees,2009,1167.698
ecu,sex_f,geo_cov_nat,ste_aggregate_ees,2010,1215.62
ecu,sex_f,geo_cov_nat,ste_aggregate_ees,2011,1169.969
ecu,sex_f,geo_cov_nat,ste_aggregate_ees,2012,1233.165
ecu,sex_f,geo_cov_nat,ste_aggregate_ees,2013,1249.826
ecu,sex_f,geo_cov_nat,ste_aggregate_ees,2014,1294.976
ecu,sex_f,geo_cov_nat,ste_aggregate_ees,2015,1338.57
ecu,sex_f,geo_cov_nat,ste_aggregate_ees,2016,1325.77
ecu,sex_f,geo_cov_nat,ste_aggregate_ees,2017,1352.103
ecu,sex_f,geo_cov_nat,ste_aggregate_ees,2018,1342.651
ecu,sex_f,geo_cov_nat,ste_aggregate_ees,2019,1329.24
ecu,sex_f,geo_cov_nat,ste_aggregate_slf,2005,1231.62
ecu,sex_f,geo_cov_nat,ste_aggregate_slf,2006,1345.367
ecu,sex_f,geo_cov_nat,ste_aggregate_slf,2007,1324.478
ecu,sex_f,geo_cov_nat,ste_aggregate_slf,2008,1323.382
ecu,sex_f,geo_cov_nat,ste_aggregate_slf,2009,1296.133
ecu,sex_f,geo_cov_nat,ste_aggregate_slf,2010,1256.77
ecu,sex_f,geo_cov_nat,ste_aggregate_slf,2011,1330.817
ecu,sex_f,geo_cov_nat,ste_aggregate_slf,2012,1396.892
ecu,sex_f,geo_cov_nat,ste_aggregate_slf,2013,1393.305
ecu,sex_f,geo_cov_nat,ste_aggregate_slf,2014,1338.913
ecu,sex_f,geo_cov_nat,ste_aggregate_slf,2015,1544.937
ecu,sex_f,geo_cov_nat,ste_aggregate_slf,2016,1780.877
ecu,sex_f,geo_cov_nat,ste_aggregate_slf,2017,1903.703
ecu,sex_f,geo_cov_nat,ste_aggregate_slf,2018,1922.204
ecu,sex_f,geo_cov_nat,ste_aggregate_slf,2019,2002.029
ecu,sex_f,geo_cov_nat,ste_aggregate_total,2005,2330.898
ecu,sex_f,geo_cov_nat,ste_aggregate_total,2006,2449.408
ecu,sex_f,geo_cov_nat,ste_aggregate_total,2007,2468.177
ecu,sex_f,geo_cov_nat,ste_aggregate_total,2008,2506.41
ecu,sex_f,geo_cov_nat,ste_aggregate_total,2009,2463.831
ecu,sex_f,geo_cov_nat,ste_aggregate_total,2010,2472.39
ecu,sex_f,geo_cov_nat,ste_aggregate_total,2011,2500.786
ecu,sex_f,geo_cov_nat,ste_aggregate_total,2012,2630.058
ecu,sex_f,geo_cov_nat,ste_aggregate_total,2013,2643.131
ecu,sex_f,geo_cov_nat,ste_aggregate_total,2014,2633.889
ecu,sex_f,geo_cov_nat,ste_aggregate_total,2015,2883.507
ecu,sex_f,geo_cov_nat,ste_aggregate_total,2016,3106.647
ecu,sex_f,geo_cov_nat,ste_aggregate_total,2017,3255.806
ecu,sex_f,geo_cov_nat,ste_aggregate_total,2018,3264.855
ecu,sex_f,geo_cov_nat,ste_aggregate_total,2019,3331.269
ecu,sex_f,geo_cov_nat,ste_icse93_1,2005,1099.279
ecu,sex_f,geo_cov_nat,ste_icse93_1,2006,1104.04
ecu,sex_f,geo_cov_nat,ste_icse93_1,2007,1143.699
ecu,sex_f,geo_cov_nat,ste_icse93_1,2008,1183.028
ecu,sex_f,geo_cov_nat,ste_icse93_1,2009,1167.698
ecu,sex_f,geo_cov_nat,ste_icse93_1,2010,1215.62
ecu,sex_f,geo_cov_nat,ste_icse93_1,2011,1169.969
ecu,sex_f,geo_cov_nat,ste_icse93_1,2012,1233.165
ecu,sex_f,geo_cov_nat,ste_icse93_1,2013,1249.826
ecu,sex_f,geo_cov_nat,ste_icse93_1,2014,1294.976
ecu,sex_f,geo_cov_nat,ste_icse93_1,2015,1338.57
ecu,sex_f,geo_cov_nat,ste_icse93_1,2016,1325.77
ecu,sex_f,geo_cov_nat,ste_icse93_1,2017,1352.103
ecu,sex_f,geo_cov_nat,ste_icse93_1,2018,1342.651
ecu,sex_f,geo_cov_nat,ste_icse93_1,2019,1329.24
ecu,sex_f,geo_cov_nat,ste_icse93_2,2005,93.927
ecu,sex_f,geo_cov_nat,ste_icse93_2,2006,94.543
ecu,sex_f,geo_cov_nat,ste_icse93_2,2007,76.265
ecu,sex_f,geo_cov_nat,ste_icse93_2,2008,76.246
ecu,sex_f,geo_cov_nat,ste_icse93_2,2009,56.726
ecu,sex_f,geo_cov_nat,ste_icse93_2,2010,58.49
ecu,sex_f,geo_cov_nat,ste_icse93_2,2011,51.313
ecu,sex_f,geo_cov_nat,ste_icse93_2,2012,61.239
ecu,sex_f,geo_cov_nat,ste_icse93_2,2013,50.898
ecu,sex_f,geo_cov_nat,ste_icse93_2,2014,49.273
ecu,sex_f,geo_cov_nat,ste_icse93_2,2015,53.757
ecu,sex_f,geo_cov_nat,ste_icse93_2,2016,64.902
ecu,sex_f,geo_cov_nat,ste_icse93_2,2017,52.316
ecu,sex_f,geo_cov_nat,ste_icse93_2,2018,63.685
ecu,sex_f,geo_cov_nat,ste_icse93_2,2019,58.659
ecu,sex_f,geo_cov_nat,ste_icse93_3,2005,753.286
ecu,sex_f,geo_cov_nat,ste_icse93_3,2006,770.937
ecu,sex_f,geo_cov_nat,ste_icse93_3,2007,806.221
ecu,sex_f,geo_cov_nat,ste_icse93_3,2008,799.613
ecu,sex_f,geo_cov_nat,ste_icse93_3,2009,793.03
ecu,sex_f,geo_cov_nat,ste_icse93_3,2010,803.735
ecu,sex_f,geo_cov_nat,ste_icse93_3,2011,873.24
ecu,sex_f,geo_cov_nat,ste_icse93_3,2012,889.378
ecu,sex_f,geo_cov_nat,ste_icse93_3,2013,904.917
ecu,sex_f,geo_cov_nat,ste_icse93_3,2014,903.336
ecu,sex_f,geo_cov_nat,ste_icse93_3,2015,990.287
ecu,sex_f,geo_cov_nat,ste_icse93_3,2016,1104.479
ecu,sex_f,geo_cov_nat,ste_icse93_3,2017,1174.926
ecu,sex_f,geo_cov_nat,ste_icse93_3,2018,1169.055
ecu,sex_f,geo_cov_nat,ste_icse93_3,2019,1229.091
ecu,sex_f,geo_cov_nat,ste_icse93_5,2005,384.407
ecu,sex_f,geo_cov_nat,ste_icse93_5,2006,479.888
ecu,sex_f,geo_cov_nat,ste_icse93_5,2007,441.992
ecu,sex_f,geo_cov_nat,ste_icse93_5,2008,447.523
ecu,sex_f,geo_cov_nat,ste_icse93_5,2009,446.377
ecu,sex_f,geo_cov_nat,ste_icse93_5,2010,394.546
ecu,sex_f,geo_cov_nat,ste_icse93_5,2011,406.264
ecu,sex_f,geo_cov_nat,ste_icse93_5,2012,446.276
ecu,sex_f,geo_cov_nat,ste_icse93_5,2013,437.49
ecu,sex_f,geo_cov_nat,ste_icse93_5,2014,386.303
ecu,sex_f,geo_cov_nat,ste_icse93_5,2015,500.893
ecu,sex_f,geo_cov_nat,ste_icse93_5,2016,611.497
ecu,sex_f,geo_cov_nat,ste_icse93_5,2017,676.462
ecu,sex_f,geo_cov_nat,ste_icse93_5,2018,689.464
ecu,sex_f,geo_cov_nat,ste_icse93_5,2019,714.28
ecu,sex_f,geo_cov_nat,ste_icse93_total,2005,2330.898
ecu,sex_f,geo_cov_nat,ste_icse93_total,2006,2449.408
ecu,sex_f,geo_cov_nat,ste_icse93_total,2007,2468.177
ecu,sex_f,geo_cov_nat,ste_icse93_total,2008,2506.41
ecu,sex_f,geo_cov_nat,ste_icse93_total,2009,2463.831
ecu,sex_f,geo_cov_nat,ste_icse93_total,2010,2472.39
ecu,sex_f,geo_cov_nat,ste_icse93_total,2011,2500.786
ecu,sex_f,geo_cov_nat,ste_icse93_total,2012,2630.058
ecu,sex_f,geo_cov_nat,ste_icse93_total,2013,2643.131
ecu,sex_f,geo_cov_nat,ste_icse93_total,2014,2633.889
ecu,sex_f,geo_cov_nat,ste_icse93_total,2015,2883.507
ecu,sex_f,geo_cov_nat,ste_icse93_total,2016,3106.647
ecu,sex_f,geo_cov_nat,ste_icse93_total,2017,3255.806
ecu,sex_f,geo_cov_nat,ste_icse93_total,2018,3264.855
ecu,sex_f,geo_cov_nat,ste_icse93_total,2019,3331.269
ecu,sex_f,geo_cov_rur,ste_aggregate_ees,2005,198.496
ecu,sex_f,geo_cov_rur,ste_aggregate_ees,2006,206.155
ecu,sex_f,geo_cov_rur,ste_aggregate_ees,2007,209.118
ecu,sex_f,geo_cov_rur,ste_aggregate_ees,2008,225.994
ecu,sex_f,geo_cov_rur,ste_aggregate_ees,2009,214.141
ecu,sex_f,geo_cov_rur,ste_aggregate_ees,2010,217.359
ecu,sex_f,geo_cov_rur,ste_aggregate_ees,2011,203.95
ecu,sex_f,geo_cov_rur,ste_aggregate_ees,2012,218.631
ecu,sex_f,geo_cov_rur,ste_aggregate_ees,2013,233.667
ecu,sex_f,geo_cov_rur,ste_aggregate_ees,2014,250.926
ecu,sex_f,geo_cov_rur,ste_aggregate_ees,2015,266.746
ecu,sex_f,geo_cov_rur,ste_aggregate_ees,2016,237.988
ecu,sex_f,geo_cov_rur,ste_aggregate_ees,2017,245.475
ecu,sex_f,geo_cov_rur,ste_aggregate_ees,2018,240.125
ecu,sex_f,geo_cov_rur,ste_aggregate_ees,2019,234.618
ecu,sex_f,geo_cov_rur,ste_aggregate_slf,2005,559.255
ecu,sex_f,geo_cov_rur,ste_aggregate_slf,2006,610.199
ecu,sex_f,geo_cov_rur,ste_aggregate_slf,2007,559.579
ecu,sex_f,geo_cov_rur,ste_aggregate_slf,2008,538.479
ecu,sex_f,geo_cov_rur,ste_aggregate_slf,2009,538.047
ecu,sex_f,geo_cov_rur,ste_aggregate_slf,2010,521.787
ecu,sex_f,geo_cov_rur,ste_aggregate_slf,2011,540.935
ecu,sex_f,geo_cov_rur,ste_aggregate_slf,2012,567.526
ecu,sex_f,geo_cov_rur,ste_aggregate_slf,2013,585.641
ecu,sex_f,geo_cov_rur,ste_aggregate_slf,2014,550.042
ecu,sex_f,geo_cov_rur,ste_aggregate_slf,2015,677.608
ecu,sex_f,geo_cov_rur,ste_aggregate_slf,2016,794.741
ecu,sex_f,geo_cov_rur,ste_aggregate_slf,2017,849.411
ecu,sex_f,geo_cov_rur,ste_aggregate_slf,2018,872.408
ecu,sex_f,geo_cov_rur,ste_aggregate_slf,2019,930.923
ecu,sex_f,geo_cov_rur,ste_aggregate_total,2005,757.751
ecu,sex_f,geo_cov_rur,ste_aggregate_total,2006,816.354
ecu,sex_f,geo_cov_rur,ste_aggregate_total,2007,768.696
ecu,sex_f,geo_cov_rur,ste_aggregate_total,2008,764.473
ecu,sex_f,geo_cov_rur,ste_aggregate_total,2009,752.187
ecu,sex_f,geo_cov_rur,ste_aggregate_total,2010,739.146
ecu,sex_f,geo_cov_rur,ste_aggregate_total,2011,744.885
ecu,sex_f,geo_cov_rur,ste_aggregate_total,2012,786.157
ecu,sex_f,geo_cov_rur,ste_aggregate_total,2013,819.308
ecu,sex_f,geo_cov_rur,ste_aggregate_total,2014,800.969
ecu,sex_f,geo_cov_rur,ste_aggregate_total,2015,944.354
ecu,sex_f,geo_cov_rur,ste_aggregate_total,2016,1032.73
ecu,sex_f,geo_cov_rur,ste_aggregate_total,2017,1094.886
ecu,sex_f,geo_cov_rur,ste_aggregate_total,2018,1112.533
ecu,sex_f,geo_cov_rur,ste_aggregate_total,2019,1165.542
ecu,sex_f,geo_cov_rur,ste_icse93_1,2005,198.496
ecu,sex_f,geo_cov_rur,ste_icse93_1,2006,206.155
ecu,sex_f,geo_cov_rur,ste_icse93_1,2007,209.118
ecu,sex_f,geo_cov_rur,ste_icse93_1,2008,225.994
ecu,sex_f,geo_cov_rur,ste_icse93_1,2009,214.141
ecu,sex_f,geo_cov_rur,ste_icse93_1,2010,217.359
ecu,sex_f,geo_cov_rur,ste_icse93_1,2011,203.95
ecu,sex_f,geo_cov_rur,ste_icse93_1,2012,218.631
ecu,sex_f,geo_cov_rur,ste_icse93_1,2013,233.667
ecu,sex_f,geo_cov_rur,ste_icse93_1,2014,250.926
ecu,sex_f,geo_cov_rur,ste_icse93_1,2015,266.746
ecu,sex_f,geo_cov_rur,ste_icse93_1,2016,237.988
ecu,sex_f,geo_cov_rur,ste_icse93_1,2017,245.475
ecu,sex_f,geo_cov_rur,ste_icse93_1,2018,240.125
ecu,sex_f,geo_cov_rur,ste_icse93_1,2019,234.618
ecu,sex_f,geo_cov_rur,ste_icse93_2,2005,23.877
ecu,sex_f,geo_cov_rur,ste_icse93_2,2006,19.551
ecu,sex_f,geo_cov_rur,ste_icse93_2,2007,16.056
ecu,sex_f,geo_cov_rur,ste_icse93_2,2008,12.32
ecu,sex_f,geo_cov_rur,ste_icse93_2,2009,9.87
ecu,sex_f,geo_cov_rur,ste_icse93_2,2010,10.768
ecu,sex_f,geo_cov_rur,ste_icse93_2,2011,10.916
ecu,sex_f,geo_cov_rur,ste_icse93_2,2012,10.843
ecu,sex_f,geo_cov_rur,ste_icse93_2,2013,8.218
ecu,sex_f,geo_cov_rur,ste_icse93_2,2014,7.976
ecu,sex_f,geo_cov_rur,ste_icse93_2,2015,9.078
ecu,sex_f,geo_cov_rur,ste_icse93_2,2016,13.611
ecu,sex_f,geo_cov_rur,ste_icse93_2,2017,10.086
ecu,sex_f,geo_cov_rur,ste_icse93_2,2018,10.109
ecu,sex_f,geo_cov_rur,ste_icse93_2,2019,10.644
ecu,sex_f,geo_cov_rur,ste_icse93_3,2005,287.5
ecu,sex_f,geo_cov_rur,ste_icse93_3,2006,275.681
ecu,sex_f,geo_cov_rur,ste_icse93_3,2007,276.725
ecu,sex_f,geo_cov_rur,ste_icse93_3,2008,264.835
ecu,sex_f,geo_cov_rur,ste_icse93_3,2009,254.135
ecu,sex_f,geo_cov_rur,ste_icse93_3,2010,261.406
ecu,sex_f,geo_cov_rur,ste_icse93_3,2011,289.236
ecu,sex_f,geo_cov_rur,ste_icse93_3,2012,287.478
ecu,sex_f,geo_cov_rur,ste_icse93_3,2013,305.978
ecu,sex_f,geo_cov_rur,ste_icse93_3,2014,310.963
ecu,sex_f,geo_cov_rur,ste_icse93_3,2015,348.95
ecu,sex_f,geo_cov_rur,ste_icse93_3,2016,384.924
ecu,sex_f,geo_cov_rur,ste_icse93_3,2017,400.882
ecu,sex_f,geo_cov_rur,ste_icse93_3,2018,401.081
ecu,sex_f,geo_cov_rur,ste_icse93_3,2019,421.515
ecu,sex_f,geo_cov_rur,ste_icse93_5,2005,247.878
ecu,sex_f,geo_cov_rur,ste_icse93_5,2006,314.966
ecu,sex_f,geo_cov_rur,ste_icse93_5,2007,266.798
ecu,sex_f,geo_cov_rur,ste_icse93_5,2008,261.324
ecu,sex_f,geo_cov_rur,ste_icse93_5,2009,274.042
ecu,sex_f,geo_cov_rur,ste_icse93_5,2010,249.613
ecu,sex_f,geo_cov_rur,ste_icse93_5,2011,240.783
ecu,sex_f,geo_cov_rur,ste_icse93_5,2012,269.206
ecu,sex_f,geo_cov_rur,ste_icse93_5,2013,271.444
ecu,sex_f,geo_cov_rur,ste_icse93_5,2014,231.104
ecu,sex_f,geo_cov_rur,ste_icse93_5,2015,319.58
ecu,sex_f,geo_cov_rur,ste_icse93_5,2016,396.206
ecu,sex_f,geo_cov_rur,ste_icse93_5,2017,438.444
ecu,sex_f,geo_cov_rur,ste_icse93_5,2018,461.218
ecu,sex_f,geo_cov_rur,ste_icse93_5,2019,498.765
ecu,sex_f,geo_cov_rur,ste_icse93_total,2005,757.751
ecu,sex_f,geo_cov_rur,ste_icse93_total,2006,816.354
ecu,sex_f,geo_cov_rur,ste_icse93_total,2007,768.696
ecu,sex_f,geo_cov_rur,ste_icse93_total,2008,764.473
ecu,sex_f,geo_cov_rur,ste_icse93_total,2009,752.187
ecu,sex_f,geo_cov_rur,ste_icse93_total,2010,739.146
ecu,sex_f,geo_cov_rur,ste_icse93_total,2011,744.885
ecu,sex_f,geo_cov_rur,ste_icse93_total,2012,786.157
ecu,sex_f,geo_cov_rur,ste_icse93_total,2013,819.308
ecu,sex_f,geo_cov_rur,ste_icse93_total,2014,800.969
ecu,sex_f,geo_cov_rur,ste_icse93_total,2015,944.354
ecu,sex_f,geo_cov_rur,ste_icse93_total,2016,1032.73
ecu,sex_f,geo_cov_rur,ste_icse93_total,2017,1094.886
ecu,sex_f,geo_cov_rur,ste_icse93_total,2018,1112.533
ecu,sex_f,geo_cov_rur,ste_icse93_total,2019,1165.542
ecu,sex_f,geo_cov_urb,ste_aggregate_ees,2005,900.782
ecu,sex_f,geo_cov_urb,ste_aggregate_ees,2006,897.885
ecu,sex_f,geo_cov_urb,ste_aggregate_ees,2007,934.581
ecu,sex_f,geo_cov_urb,ste_aggregate_ees,2008,957.034
ecu,sex_f,geo_cov_urb,ste_aggregate_ees,2009,953.557
ecu,sex_f,geo_cov_urb,ste_aggregate_ees,2010,998.261
ecu,sex_f,geo_cov_urb,ste_aggregate_ees,2011,966.02
ecu,sex_f,geo_cov_urb,ste_aggregate_ees,2012,1014.535
ecu,sex_f,geo_cov_urb,ste_aggregate_ees,2013,1016.159
ecu,sex_f,geo_cov_urb,ste_aggregate_ees,2014,1044.049
ecu,sex_f,geo_cov_urb,ste_aggregate_ees,2015,1071.823
ecu,sex_f,geo_cov_urb,ste_aggregate_ees,2016,1087.782
ecu,sex_f,geo_cov_urb,ste_aggregate_ees,2017,1106.628
ecu,sex_f,geo_cov_urb,ste_aggregate_ees,2018,1102.527
ecu,sex_f,geo_cov_urb,ste_aggregate_ees,2019,1094.621
ecu,sex_f,geo_cov_urb,ste_aggregate_slf,2005,672.365
ecu,sex_f,geo_cov_urb,ste_aggregate_slf,2006,735.168
ecu,sex_f,geo_cov_urb,ste_aggregate_slf,2007,764.899
ecu,sex_f,geo_cov_urb,ste_aggregate_slf,2008,784.903
ecu,sex_f,geo_cov_urb,ste_aggregate_slf,2009,758.087
ecu,sex_f,geo_cov_urb,ste_aggregate_slf,2010,734.982
ecu,sex_f,geo_cov_urb,ste_aggregate_slf,2011,789.882
ecu,sex_f,geo_cov_urb,ste_aggregate_slf,2012,829.366
ecu,sex_f,geo_cov_urb,ste_aggregate_slf,2013,807.665
ecu,sex_f,geo_cov_urb,ste_aggregate_slf,2014,788.871
ecu,sex_f,geo_cov_urb,ste_aggregate_slf,2015,867.33
ecu,sex_f,geo_cov_urb,ste_aggregate_slf,2016,986.135
ecu,sex_f,geo_cov_urb,ste_aggregate_slf,2017,1054.292
ecu,sex_f,geo_cov_urb,ste_aggregate_slf,2018,1049.796
ecu,sex_f,geo_cov_urb,ste_aggregate_slf,2019,1071.106
ecu,sex_f,geo_cov_urb,ste_aggregate_total,2005,1573.148
ecu,sex_f,geo_cov_urb,ste_aggregate_total,2006,1633.053
ecu,sex_f,geo_cov_urb,ste_aggregate_total,2007,1699.48
ecu,sex_f,geo_cov_urb,ste_aggregate_total,2008,1741.937
ecu,sex_f,geo_cov_urb,ste_aggregate_total,2009,1711.644
ecu,sex_f,geo_cov_urb,ste_aggregate_total,2010,1733.244
ecu,sex_f,geo_cov_urb,ste_aggregate_total,2011,1755.902
ecu,sex_f,geo_cov_urb,ste_aggregate_total,2012,1843.901
ecu,sex_f,geo_cov_urb,ste_aggregate_total,2013,1823.823
ecu,sex_f,geo_cov_urb,ste_aggregate_total,2014,1832.92
ecu,sex_f,geo_cov_urb,ste_aggregate_total,2015,1939.153
ecu,sex_f,geo_cov_urb,ste_aggregate_total,2016,2073.917
ecu,sex_f,geo_cov_urb,ste_aggregate_total,2017,2160.92
ecu,sex_f,geo_cov_urb,ste_aggregate_total,2018,2152.322
ecu,sex_f,geo_cov_urb,ste_aggregate_total,2019,2165.727
ecu,sex_f,geo_cov_urb,ste_icse93_1,2005,900.782
ecu,sex_f,geo_cov_urb,ste_icse93_1,2006,897.885
ecu,sex_f,geo_cov_urb,ste_icse93_1,2007,934.581
ecu,sex_f,geo_cov_urb,ste_icse93_1,2008,957.034
ecu,sex_f,geo_cov_urb,ste_icse93_1,2009,953.557
ecu,sex_f,geo_cov_urb,ste_icse93_1,2010,998.261
ecu,sex_f,geo_cov_urb,ste_icse93_1,2011,966.02
ecu,sex_f,geo_cov_urb,ste_icse93_1,2012,1014.535
ecu,sex_f,geo_cov_urb,ste_icse93_1,2013,1016.159
ecu,sex_f,geo_cov_urb,ste_icse93_1,2014,1044.049
ecu,sex_f,geo_cov_urb,ste_icse93_1,2015,1071.823
ecu,sex_f,geo_cov_urb,ste_icse93_1,2016,1087.782
ecu,sex_f,geo_cov_urb,ste_icse93_1,2017,1106.628
ecu,sex_f,geo_cov_urb,ste_icse93_1,2018,1102.527
ecu,sex_f,geo_cov_urb,ste_icse93_1,2019,1094.621
ecu,sex_f,geo_cov_urb,ste_icse93_2,2005,70.049
ecu,sex_f,geo_cov_urb,ste_icse93_2,2006,74.991
ecu,sex_f,geo_cov_urb,ste_icse93_2,2007,60.209
ecu,sex_f,geo_cov_urb,ste_icse93_2,2008,63.926
ecu,sex_f,geo_cov_urb,ste_icse93_2,2009,46.856
ecu,sex_f,geo_cov_urb,ste_icse93_2,2010,47.721
ecu,sex_f,geo_cov_urb,ste_icse93_2,2011,40.397
ecu,sex_f,geo_cov_urb,ste_icse93_2,2012,50.396
ecu,sex_f,geo_cov_urb,ste_icse93_2,2013,42.68
ecu,sex_f,geo_cov_urb,ste_icse93_2,2014,41.298
ecu,sex_f,geo_cov_urb,ste_icse93_2,2015,44.679
ecu,sex_f,geo_cov_urb,ste_icse93_2,2016,51.29
ecu,sex_f,geo_cov_urb,ste_icse93_2,2017,42.23
ecu,sex_f,geo_cov_urb,ste_icse93_2,2018,53.577
ecu,sex_f,geo_cov_urb,ste_icse93_2,2019,48.015
ecu,sex_f,geo_cov_urb,ste_icse93_3,2005,465.786
ecu,sex_f,geo_cov_urb,ste_icse93_3,2006,495.255
ecu,sex_f,geo_cov_urb,ste_icse93_3,2007,529.496
ecu,sex_f,geo_cov_urb,ste_icse93_3,2008,534.778
ecu,sex_f,geo_cov_urb,ste_icse93_3,2009,538.895
ecu,sex_f,geo_cov_urb,ste_icse93_3,2010,542.329
ecu,sex_f,geo_cov_urb,ste_icse93_3,2011,584.003
ecu,sex_f,geo_cov_urb,ste_icse93_3,2012,601.9
ecu,sex_f,geo_cov_urb,ste_icse93_3,2013,598.939
ecu,sex_f,geo_cov_urb,ste_icse93_3,2014,592.374
ecu,sex_f,geo_cov_urb,ste_icse93_3,2015,641.337
ecu,sex_f,geo_cov_urb,ste_icse93_3,2016,719.555
ecu,sex_f,geo_cov_urb,ste_icse93_3,2017,774.044
ecu,sex_f,geo_cov_urb,ste_icse93_3,2018,767.973
ecu,sex_f,geo_cov_urb,ste_icse93_3,2019,807.576
ecu,sex_f,geo_cov_urb,ste_icse93_5,2005,136.53
ecu,sex_f,geo_cov_urb,ste_icse93_5,2006,164.922
ecu,sex_f,geo_cov_urb,ste_icse93_5,2007,175.194
ecu,sex_f,geo_cov_urb,ste_icse93_5,2008,186.199
ecu,sex_f,geo_cov_urb,ste_icse93_5,2009,172.335
ecu,sex_f,geo_cov_urb,ste_icse93_5,2010,144.933
ecu,sex_f,geo_cov_urb,ste_icse93_5,2011,165.481
ecu,sex_f,geo_cov_urb,ste_icse93_5,2012,177.07
ecu,sex_f,geo_cov_urb,ste_icse93_5,2013,166.045
ecu,sex_f,geo_cov_urb,ste_icse93_5,2014,155.199
ecu,sex_f,geo_cov_urb,ste_icse93_5,2015,181.313
ecu,sex_f,geo_cov_urb,ste_icse93_5,2016,215.29
ecu,sex_f,geo_cov_urb,ste_icse93_5,2017,238.018
ecu,sex_f,geo_cov_urb,ste_icse93_5,2018,228.246
ecu,sex_f,geo_cov_urb,ste_icse93_5,2019,215.515
ecu,sex_f,geo_cov_urb,ste_icse93_total,2005,1573.148
ecu,sex_f,geo_cov_urb,ste_icse93_total,2006,1633.053
ecu,sex_f,geo_cov_urb,ste_icse93_total,2007,1699.48
ecu,sex_f,geo_cov_urb,ste_icse93_total,2008,1741.937
ecu,sex_f,geo_cov_urb,ste_icse93_total,2009,1711.644
ecu,sex_f,geo_cov_urb,ste_icse93_total,2010,1733.244
ecu,sex_f,geo_cov_urb,ste_icse93_total,2011,1755.902
ecu,sex_f,geo_cov_urb,ste_icse93_total,2012,1843.901
ecu,sex_f,geo_cov_urb,ste_icse93_total,2013,1823.823
ecu,sex_f,geo_cov_urb,ste_icse93_total,2014,1832.92
ecu,sex_f,geo_cov_urb,ste_icse93_total,2015,1939.153
ecu,sex_f,geo_cov_urb,ste_icse93_total,2016,2073.917
ecu,sex_f,geo_cov_urb,ste_icse93_total,2017,2160.92
ecu,sex_f,geo_cov_urb,ste_icse93_total,2018,2152.322
ecu,sex_f,geo_cov_urb,ste_icse93_total,2019,2165.727
ecu,sex_m,geo_cov_nat,ste_aggregate_ees,2005,2139.23
ecu,sex_m,geo_cov_nat,ste_aggregate_ees,2006,2280.532
ecu,sex_m,geo_cov_nat,ste_aggregate_ees,2007,2323.811
ecu,sex_m,geo_cov_nat,ste_aggregate_ees,2008,2384.115
ecu,sex_m,geo_cov_nat,ste_aggregate_ees,2009,2314.455
ecu,sex_m,geo_cov_nat,ste_aggregate_ees,2010,2349.401
ecu,sex_m,geo_cov_nat,ste_aggregate_ees,2011,2344.817
ecu,sex_m,geo_cov_nat,ste_aggregate_ees,2012,2396.199
ecu,sex_m,geo_cov_nat,ste_aggregate_ees,2013,2516.924
ecu,sex_m,geo_cov_nat,ste_aggregate_ees,2014,2680.982
ecu,sex_m,geo_cov_nat,ste_aggregate_ees,2015,2725.919
ecu,sex_m,geo_cov_nat,ste_aggregate_ees,2016,2623.87
ecu,sex_m,geo_cov_nat,ste_aggregate_ees,2017,2697.923
ecu,sex_m,geo_cov_nat,ste_aggregate_ees,2018,2699.329
ecu,sex_m,geo_cov_nat,ste_aggregate_ees,2019,2667.394
ecu,sex_m,geo_cov_nat,ste_aggregate_slf,2005,1593.539
ecu,sex_m,geo_cov_nat,ste_aggregate_slf,2006,1610.348
ecu,sex_m,geo_cov_nat,ste_aggregate_slf,2007,1584.537
ecu,sex_m,geo_cov_nat,ste_aggregate_slf,2008,1592.601
ecu,sex_m,geo_cov_nat,ste_aggregate_slf,2009,1617.56
ecu,sex_m,geo_cov_nat,ste_aggregate_slf,2010,1642.857
ecu,sex_m,geo_cov_nat,ste_aggregate_slf,2011,1723.225
ecu,sex_m,geo_cov_nat,ste_aggregate_slf,2012,1759.304
ecu,sex_m,geo_cov_nat,ste_aggregate_slf,2013,1710.303
ecu,sex_m,geo_cov_nat,ste_aggregate_slf,2014,1647.514
ecu,sex_m,geo_cov_nat,ste_aggregate_slf,2015,1759.751
ecu,sex_m,geo_cov_nat,ste_aggregate_slf,2016,1942.571
ecu,sex_m,geo_cov_nat,ste_aggregate_slf,2017,2033.427
ecu,sex_m,geo_cov_nat,ste_aggregate_slf,2018,2105.682
ecu,sex_m,geo_cov_nat,ste_aggregate_slf,2019,2196.011
ecu,sex_m,geo_cov_nat,ste_aggregate_total,2005,3732.77
ecu,sex_m,geo_cov_nat,ste_aggregate_total,2006,3890.88
ecu,sex_m,geo_cov_nat,ste_aggregate_total,2007,3908.348
ecu,sex_m,geo_cov_nat,ste_aggregate_total,2008,3976.716
ecu,sex_m,geo_cov_nat,ste_aggregate_total,2009,3932.015
ecu,sex_m,geo_cov_nat,ste_aggregate_total,2010,3992.258
ecu,sex_m,geo_cov_nat,ste_aggregate_total,2011,4068.042
ecu,sex_m,geo_cov_nat,ste_aggregate_total,2012,4155.503
ecu,sex_m,geo_cov_nat,ste_aggregate_total,2013,4227.227
ecu,sex_m,geo_cov_nat,ste_aggregate_total,2014,4328.496
ecu,sex_m,geo_cov_nat,ste_aggregate_total,2015,4485.671
ecu,sex_m,geo_cov_nat,ste_aggregate_total,2016,4566.441
ecu,sex_m,geo_cov_nat,ste_aggregate_total,2017,4731.35
ecu,sex_m,geo_cov_nat,ste_aggregate_total,2018,4805.011
ecu,sex_m,geo_cov_nat,ste_aggregate_total,2019,4863.405
ecu,sex_m,geo_cov_nat,ste_icse93_1,2005,2139.23
ecu,sex_m,geo_cov_nat,ste_icse93_1,2006,2280.532
ecu,sex_m,geo_cov_nat,ste_icse93_1,2007,2323.811
ecu,sex_m,geo_cov_nat,ste_icse93_1,2008,2384.115
ecu,sex_m,geo_cov_nat,ste_icse93_1,2009,2314.455
ecu,sex_m,geo_cov_nat,ste_icse93_1,2010,2349.401
ecu,sex_m,geo_cov_nat,ste_icse93_1,2011,2344.817
ecu,sex_m,geo_cov_nat,ste_icse93_1,2012,2396.199
ecu,sex_m,geo_cov_nat,ste_icse93_1,2013,2516.924
ecu,sex_m,geo_cov_nat,ste_icse93_1,2014,2680.982
ecu,sex_m,geo_cov_nat,ste_icse93_1,2015,2725.919
ecu,sex_m,geo_cov_nat,ste_icse93_1,2016,2623.87
ecu,sex_m,geo_cov_nat,ste_icse93_1,2017,2697.923
ecu,sex_m,geo_cov_nat,ste_icse93_1,2018,2699.329
ecu,sex_m,geo_cov_nat,ste_icse93_1,2019,2667.394
ecu,sex_m,geo_cov_nat,ste_icse93_2,2005,287.668
ecu,sex_m,geo_cov_nat,ste_icse93_2,2006,286.715
ecu,sex_m,geo_cov_nat,ste_icse93_2,2007,257.434
ecu,sex_m,geo_cov_nat,ste_icse93_2,2008,266.506
ecu,sex_m,geo_cov_nat,ste_icse93_2,2009,212.571
ecu,sex_m,geo_cov_nat,ste_icse93_2,2010,195.297
ecu,sex_m,geo_cov_nat,ste_icse93_2,2011,185.766
ecu,sex_m,geo_cov_nat,ste_icse93_2,2012,209.849
ecu,sex_m,geo_cov_nat,ste_icse93_2,2013,185.006
ecu,sex_m,geo_cov_nat,ste_icse93_2,2014,184.357
ecu,sex_m,geo_cov_nat,ste_icse93_2,2015,185.079
ecu,sex_m,geo_cov_nat,ste_icse93_2,2016,188.024
ecu,sex_m,geo_cov_nat,ste_icse93_2,2017,185.407
ecu,sex_m,geo_cov_nat,ste_icse93_2,2018,178.287
ecu,sex_m,geo_cov_nat,ste_icse93_2,2019,173.207
ecu,sex_m,geo_cov_nat,ste_icse93_3,2005,1098.086
ecu,sex_m,geo_cov_nat,ste_icse93_3,2006,1061.542
ecu,sex_m,geo_cov_nat,ste_icse93_3,2007,1101.391
ecu,sex_m,geo_cov_nat,ste_icse93_3,2008,1094.083
ecu,sex_m,geo_cov_nat,ste_icse93_3,2009,1172.556
ecu,sex_m,geo_cov_nat,ste_icse93_3,2010,1238.133
ecu,sex_m,geo_cov_nat,ste_icse93_3,2011,1346.49
ecu,sex_m,geo_cov_nat,ste_icse93_3,2012,1331.158
ecu,sex_m,geo_cov_nat,ste_icse93_3,2013,1314.217
ecu,sex_m,geo_cov_nat,ste_icse93_3,2014,1279.308
ecu,sex_m,geo_cov_nat,ste_icse93_3,2015,1339.297
ecu,sex_m,geo_cov_nat,ste_icse93_3,2016,1453.088
ecu,sex_m,geo_cov_nat,ste_icse93_3,2017,1517.325
ecu,sex_m,geo_cov_nat,ste_icse93_3,2018,1601.014
ecu,sex_m,geo_cov_nat,ste_icse93_3,2019,1667.169
ecu,sex_m,geo_cov_nat,ste_icse93_5,2005,207.786
ecu,sex_m,geo_cov_nat,ste_icse93_5,2006,262.091
ecu,sex_m,geo_cov_nat,ste_icse93_5,2007,225.712
ecu,sex_m,geo_cov_nat,ste_icse93_5,2008,232.011
ecu,sex_m,geo_cov_nat,ste_icse93_5,2009,232.433
ecu,sex_m,geo_cov_nat,ste_icse93_5,2010,209.426
ecu,sex_m,geo_cov_nat,ste_icse93_5,2011,190.969
ecu,sex_m,geo_cov_nat,ste_icse93_5,2012,218.298
ecu,sex_m,geo_cov_nat,ste_icse93_5,2013,211.081
ecu,sex_m,geo_cov_nat,ste_icse93_5,2014,183.849
ecu,sex_m,geo_cov_nat,ste_icse93_5,2015,235.375
ecu,sex_m,geo_cov_nat,ste_icse93_5,2016,301.458
ecu,sex_m,geo_cov_nat,ste_icse93_5,2017,330.695
ecu,sex_m,geo_cov_nat,ste_icse93_5,2018,326.381
ecu,sex_m,geo_cov_nat,ste_icse93_5,2019,355.635
ecu,sex_m,geo_cov_nat,ste_icse93_total,2005,3732.77
ecu,sex_m,geo_cov_nat,ste_icse93_total,2006,3890.88
ecu,sex_m,geo_cov_nat,ste_icse93_total,2007,3908.348
ecu,sex_m,geo_cov_nat,ste_icse93_total,2008,3976.716
ecu,sex_m,geo_cov_nat,ste_icse93_total,2009,3932.015
ecu,sex_m,geo_cov_nat,ste_icse93_total,2010,3992.258
ecu,sex_m,geo_cov_nat,ste_icse93_total,2011,4068.042
ecu,sex_m,geo_cov_nat,ste_icse93_total,2012,4155.503
ecu,sex_m,geo_cov_nat,ste_icse93_total,2013,4227.227
ecu,sex_m,geo_cov_nat,ste_icse93_total,2014,4328.496
ecu,sex_m,geo_cov_nat,ste_icse93_total,2015,4485.671
ecu,sex_m,geo_cov_nat,ste_icse93_total,2016,4566.441
ecu,sex_m,geo_cov_nat,ste_icse93_total,2017,4731.35
ecu,sex_m,geo_cov_nat,ste_icse93_total,2018,4805.011
ecu,sex_m,geo_cov_nat,ste_icse93_total,2019,4863.405
ecu,sex_m,geo_cov_rur,ste_aggregate_ees,2005,635.726
ecu,sex_m,geo_cov_rur,ste_aggregate_ees,2006,687.323
ecu,sex_m,geo_cov_rur,ste_aggregate_ees,2007,746.067
ecu,sex_m,geo_cov_rur,ste_aggregate_ees,2008,728.562
ecu,sex_m,geo_cov_rur,ste_aggregate_ees,2009,702.697
ecu,sex_m,geo_cov_rur,ste_aggregate_ees,2010,738.788
ecu,sex_m,geo_cov_rur,ste_aggregate_ees,2011,713.106
ecu,sex_m,geo_cov_rur,ste_aggregate_ees,2012,752.588
ecu,sex_m,geo_cov_rur,ste_aggregate_ees,2013,786.931
ecu,sex_m,geo_cov_rur,ste_aggregate_ees,2014,814.15
ecu,sex_m,geo_cov_rur,ste_aggregate_ees,2015,830.806
ecu,sex_m,geo_cov_rur,ste_aggregate_ees,2016,793.959
ecu,sex_m,geo_cov_rur,ste_aggregate_ees,2017,801.878
ecu,sex_m,geo_cov_rur,ste_aggregate_ees,2018,790.26
ecu,sex_m,geo_cov_rur,ste_aggregate_ees,2019,777.588
ecu,sex_m,geo_cov_rur,ste_aggregate_slf,2005,698.147
ecu,sex_m,geo_cov_rur,ste_aggregate_slf,2006,700.177
ecu,sex_m,geo_cov_rur,ste_aggregate_slf,2007,654.637
ecu,sex_m,geo_cov_rur,ste_aggregate_slf,2008,670.07
ecu,sex_m,geo_cov_rur,ste_aggregate_slf,2009,711.777
ecu,sex_m,geo_cov_rur,ste_aggregate_slf,2010,709.38
ecu,sex_m,geo_cov_rur,ste_aggregate_slf,2011,751.832
ecu,sex_m,geo_cov_rur,ste_aggregate_slf,2012,752.141
ecu,sex_m,geo_cov_rur,ste_aggregate_slf,2013,716.293
ecu,sex_m,geo_cov_rur,ste_aggregate_slf,2014,647.759
ecu,sex_m,geo_cov_rur,ste_aggregate_slf,2015,690.771
ecu,sex_m,geo_cov_rur,ste_aggregate_slf,2016,783.103
ecu,sex_m,geo_cov_rur,ste_aggregate_slf,2017,815.016
ecu,sex_m,geo_cov_rur,ste_aggregate_slf,2018,849.556
ecu,sex_m,geo_cov_rur,ste_aggregate_slf,2019,887.001
ecu,sex_m,geo_cov_rur,ste_aggregate_total,2005,1333.873
ecu,sex_m,geo_cov_rur,ste_aggregate_total,2006,1387.501
ecu,sex_m,geo_cov_rur,ste_aggregate_total,2007,1400.704
ecu,sex_m,geo_cov_rur,ste_aggregate_total,2008,1398.632
ecu,sex_m,geo_cov_rur,ste_aggregate_total,2009,1414.474
ecu,sex_m,geo_cov_rur,ste_aggregate_total,2010,1448.168
ecu,sex_m,geo_cov_rur,ste_aggregate_total,2011,1464.938
ecu,sex_m,geo_cov_rur,ste_aggregate_total,2012,1504.729
ecu,sex_m,geo_cov_rur,ste_aggregate_total,2013,1503.224
ecu,sex_m,geo_cov_rur,ste_aggregate_total,2014,1461.909
ecu,sex_m,geo_cov_rur,ste_aggregate_total,2015,1521.577
ecu,sex_m,geo_cov_rur,ste_aggregate_total,2016,1577.063
ecu,sex_m,geo_cov_rur,ste_aggregate_total,2017,1616.894
ecu,sex_m,geo_cov_rur,ste_aggregate_total,2018,1639.816
ecu,sex_m,geo_cov_rur,ste_aggregate_total,2019,1664.589
ecu,sex_m,geo_cov_rur,ste_icse93_1,2005,635.726
ecu,sex_m,geo_cov_rur,ste_icse93_1,2006,687.323
ecu,sex_m,geo_cov_rur,ste_icse93_1,2007,746.067
ecu,sex_m,geo_cov_rur,ste_icse93_1,2008,728.562
ecu,sex_m,geo_cov_rur,ste_icse93_1,2009,702.697
ecu,sex_m,geo_cov_rur,ste_icse93_1,2010,738.788
ecu,sex_m,geo_cov_rur,ste_icse93_1,2011,713.106
ecu,sex_m,geo_cov_rur,ste_icse93_1,2012,752.588
ecu,sex_m,geo_cov_rur,ste_icse93_1,2013,786.931
ecu,sex_m,geo_cov_rur,ste_icse93_1,2014,814.15
ecu,sex_m,geo_cov_rur,ste_icse93_1,2015,830.806
ecu,sex_m,geo_cov_rur,ste_icse93_1,2016,793.959
ecu,sex_m,geo_cov_rur,ste_icse93_1,2017,801.878
ecu,sex_m,geo_cov_rur,ste_icse93_1,2018,790.26
ecu,sex_m,geo_cov_rur,ste_icse93_1,2019,777.588
ecu,sex_m,geo_cov_rur,ste_icse93_2,2005,100.963
ecu,sex_m,geo_cov_rur,ste_icse93_2,2006,88.074
ecu,sex_m,geo_cov_rur,ste_icse93_2,2007,70.792
ecu,sex_m,geo_cov_rur,ste_icse93_2,2008,74.42
ecu,sex_m,geo_cov_rur,ste_icse93_2,2009,63.902
ecu,sex_m,geo_cov_rur,ste_icse93_2,2010,50.758
ecu,sex_m,geo_cov_rur,ste_icse93_2,2011,60.177
ecu,sex_m,geo_cov_rur,ste_icse93_2,2012,57.915
ecu,sex_m,geo_cov_rur,ste_icse93_2,2013,47.238
ecu,sex_m,geo_cov_rur,ste_icse93_2,2014,46.341
ecu,sex_m,geo_cov_rur,ste_icse93_2,2015,45.572
ecu,sex_m,geo_cov_rur,ste_icse93_2,2016,47.561
ecu,sex_m,geo_cov_rur,ste_icse93_2,2017,43.086
ecu,sex_m,geo_cov_rur,ste_icse93_2,2018,43.083
ecu,sex_m,geo_cov_rur,ste_icse93_2,2019,42.388
ecu,sex_m,geo_cov_rur,ste_icse93_3,2005,446.603
ecu,sex_m,geo_cov_rur,ste_icse93_3,2006,433.917
ecu,sex_m,geo_cov_rur,ste_icse93_3,2007,436.914
ecu,sex_m,geo_cov_rur,ste_icse93_3,2008,454.153
ecu,sex_m,geo_cov_rur,ste_icse93_3,2009,489.874
ecu,sex_m,geo_cov_rur,ste_icse93_3,2010,510.472
ecu,sex_m,geo_cov_rur,ste_icse93_3,2011,564.543
ecu,sex_m,geo_cov_rur,ste_icse93_3,2012,546.677
ecu,sex_m,geo_cov_rur,ste_icse93_3,2013,526.491
ecu,sex_m,geo_cov_rur,ste_icse93_3,2014,485.283
ecu,sex_m,geo_cov_rur,ste_icse93_3,2015,493.744
ecu,sex_m,geo_cov_rur,ste_icse93_3,2016,545.389
ecu,sex_m,geo_cov_rur,ste_icse93_3,2017,561.934
ecu,sex_m,geo_cov_rur,ste_icse93_3,2018,590.864
ecu,sex_m,geo_cov_rur,ste_icse93_3,2019,606.064
ecu,sex_m,geo_cov_rur,ste_icse93_5,2005,150.581
ecu,sex_m,geo_cov_rur,ste_icse93_5,2006,178.187
ecu,sex_m,geo_cov_rur,ste_icse93_5,2007,146.931
ecu,sex_m,geo_cov_rur,ste_icse93_5,2008,141.497
ecu,sex_m,geo_cov_rur,ste_icse93_5,2009,158.001
ecu,sex_m,geo_cov_rur,ste_icse93_5,2010,148.151
ecu,sex_m,geo_cov_rur,ste_icse93_5,2011,127.112
ecu,sex_m,geo_cov_rur,ste_icse93_5,2012,147.549
ecu,sex_m,geo_cov_rur,ste_icse93_5,2013,142.563
ecu,sex_m,geo_cov_rur,ste_icse93_5,2014,116.135
ecu,sex_m,geo_cov_rur,ste_icse93_5,2015,151.455
ecu,sex_m,geo_cov_rur,ste_icse93_5,2016,190.153
ecu,sex_m,geo_cov_rur,ste_icse93_5,2017,209.996
ecu,sex_m,geo_cov_rur,ste_icse93_5,2018,215.609
ecu,sex_m,geo_cov_rur,ste_icse93_5,2019,238.548
ecu,sex_m,geo_cov_rur,ste_icse93_total,2005,1333.873
ecu,sex_m,geo_cov_rur,ste_icse93_total,2006,1387.501
ecu,sex_m,geo_cov_rur,ste_icse93_total,2007,1400.704
ecu,sex_m,geo_cov_rur,ste_icse93_total,2008,1398.632
ecu,sex_m,geo_cov_rur,ste_icse93_total,2009,1414.474
ecu,sex_m,geo_cov_rur,ste_icse93_total,2010,1448.168
ecu,sex_m,geo_cov_rur,ste_icse93_total,2011,1464.938
ecu,sex_m,geo_cov_rur,ste_icse93_total,2012,1504.729
ecu,sex_m,geo_cov_rur,ste_icse93_total,2013,1503.224
ecu,sex_m,geo_cov_rur,ste_icse93_total,2014,1461.909
ecu,sex_m,geo_cov_rur,ste_icse93_total,2015,1521.577
ecu,sex_m,geo_cov_rur,ste_icse93_total,2016,1577.063
ecu,sex_m,geo_cov_rur,ste_icse93_total,2017,1616.894
ecu,sex_m,geo_cov_rur,ste_icse93_total,2018,1639.816
ecu,sex_m,geo_cov_rur,ste_icse93_total,2019,1664.589
ecu,sex_m,geo_cov_urb,ste_aggregate_ees,2005,1503.504
ecu,sex_m,geo_cov_urb,ste_aggregate_ees,2006,1593.209
ecu,sex_m,geo_cov_urb,ste_aggregate_ees,2007,1577.744
ecu,sex_m,geo_cov_urb,ste_aggregate_ees,2008,1655.553
ecu,sex_m,geo_cov_urb,ste_aggregate_ees,2009,1611.758
ecu,sex_m,geo_cov_urb,ste_aggregate_ees,2010,1610.613
ecu,sex_m,geo_cov_urb,ste_aggregate_ees,2011,1631.711
ecu,sex_m,geo_cov_urb,ste_aggregate_ees,2012,1643.611
ecu,sex_m,geo_cov_urb,ste_aggregate_ees,2013,1729.993
ecu,sex_m,geo_cov_urb,ste_aggregate_ees,2014,1866.832
ecu,sex_m,geo_cov_urb,ste_aggregate_ees,2015,1895.113
ecu,sex_m,geo_cov_urb,ste_aggregate_ees,2016,1829.911
ecu,sex_m,geo_cov_urb,ste_aggregate_ees,2017,1896.045
ecu,sex_m,geo_cov_urb,ste_aggregate_ees,2018,1909.07
ecu,sex_m,geo_cov_urb,ste_aggregate_ees,2019,1889.805
ecu,sex_m,geo_cov_urb,ste_aggregate_slf,2005,895.393
ecu,sex_m,geo_cov_urb,ste_aggregate_slf,2006,910.171
ecu,sex_m,geo_cov_urb,ste_aggregate_slf,2007,929.9
ecu,sex_m,geo_cov_urb,ste_aggregate_slf,2008,922.53
ecu,sex_m,geo_cov_urb,ste_aggregate_slf,2009,905.783
ecu,sex_m,geo_cov_urb,ste_aggregate_slf,2010,933.476
ecu,sex_m,geo_cov_urb,ste_aggregate_slf,2011,971.393
ecu,sex_m,geo_cov_urb,ste_aggregate_slf,2012,1007.163
ecu,sex_m,geo_cov_urb,ste_aggregate_slf,2013,994.011
ecu,sex_m,geo_cov_urb,ste_aggregate_slf,2014,999.756
ecu,sex_m,geo_cov_urb,ste_aggregate_slf,2015,1068.98
ecu,sex_m,geo_cov_urb,ste_aggregate_slf,2016,1159.467
ecu,sex_m,geo_cov_urb,ste_aggregate_slf,2017,1218.411
ecu,sex_m,geo_cov_urb,ste_aggregate_slf,2018,1256.126
ecu,sex_m,geo_cov_urb,ste_aggregate_slf,2019,1309.01
ecu,sex_m,geo_cov_urb,ste_aggregate_total,2005,2398.897
ecu,sex_m,geo_cov_urb,ste_aggregate_total,2006,2503.379
ecu,sex_m,geo_cov_urb,ste_aggregate_total,2007,2507.644
ecu,sex_m,geo_cov_urb,ste_aggregate_total,2008,2578.083
ecu,sex_m,geo_cov_urb,ste_aggregate_total,2009,2517.541
ecu,sex_m,geo_cov_urb,ste_aggregate_total,2010,2544.09
ecu,sex_m,geo_cov_urb,ste_aggregate_total,2011,2603.104
ecu,sex_m,geo_cov_urb,ste_aggregate_total,2012,2650.774
ecu,sex_m,geo_cov_urb,ste_aggregate_total,2013,2724.003
ecu,sex_m,geo_cov_urb,ste_aggregate_total,2014,2866.588
ecu,sex_m,geo_cov_urb,ste_aggregate_total,2015,2964.093
ecu,sex_m,geo_cov_urb,ste_aggregate_total,2016,2989.378
ecu,sex_m,geo_cov_urb,ste_aggregate_total,2017,3114.456
ecu,sex_m,geo_cov_urb,ste_aggregate_total,2018,3165.196
ecu,sex_m,geo_cov_urb,ste_aggregate_total,2019,3198.815
ecu,sex_m,geo_cov_urb,ste_icse93_1,2005,1503.504
ecu,sex_m,geo_cov_urb,ste_icse93_1,2006,1593.209
ecu,sex_m,geo_cov_urb,ste_icse93_1,2007,1577.744
ecu,sex_m,geo_cov_urb,ste_icse93_1,2008,1655.553
ecu,sex_m,geo_cov_urb,ste_icse93_1,2009,1611.758
ecu,sex_m,geo_cov_urb,ste_icse93_1,2010,1610.613
ecu,sex_m,geo_cov_urb,ste_icse93_1,2011,1631.711
ecu,sex_m,geo_cov_urb,ste_icse93_1,2012,1643.611
ecu,sex_m,geo_cov_urb,ste_icse93_1,2013,1729.993
ecu,sex_m,geo_cov_urb,ste_icse93_1,2014,1866.832
ecu,sex_m,geo_cov_urb,ste_icse93_1,2015,1895.113
ecu,sex_m,geo_cov_urb,ste_icse93_1,2016,1829.911
ecu,sex_m,geo_cov_urb,ste_icse93_1,2017,1896.045
ecu,sex_m,geo_cov_urb,ste_icse93_1,2018,1909.07
ecu,sex_m,geo_cov_urb,ste_icse93_1,2019,1889.805
ecu,sex_m,geo_cov_urb,ste_icse93_2,2005,186.705
ecu,sex_m,geo_cov_urb,ste_icse93_2,2006,198.642
ecu,sex_m,geo_cov_urb,ste_icse93_2,2007,186.642
ecu,sex_m,geo_cov_urb,ste_icse93_2,2008,192.086
ecu,sex_m,geo_cov_urb,ste_icse93_2,2009,148.669
ecu,sex_m,geo_cov_urb,ste_icse93_2,2010,144.54
ecu,sex_m,geo_cov_urb,ste_icse93_2,2011,125.588
ecu,sex_m,geo_cov_urb,ste_icse93_2,2012,151.934
ecu,sex_m,geo_cov_urb,ste_icse93_2,2013,137.767
ecu,sex_m,geo_cov_urb,ste_icse93_2,2014,138.016
ecu,sex_m,geo_cov_urb,ste_icse93_2,2015,139.507
ecu,sex_m,geo_cov_urb,ste_icse93_2,2016,140.464
ecu,sex_m,geo_cov_urb,ste_icse93_2,2017,142.321
ecu,sex_m,geo_cov_urb,ste_icse93_2,2018,135.203
ecu,sex_m,geo_cov_urb,ste_icse93_2,2019,130.819
ecu,sex_m,geo_cov_urb,ste_icse93_3,2005,651.483
ecu,sex_m,geo_cov_urb,ste_icse93_3,2006,627.625
ecu,sex_m,geo_cov_urb,ste_icse93_3,2007,664.477
ecu,sex_m,geo_cov_urb,ste_icse93_3,2008,639.93
ecu,sex_m,geo_cov_urb,ste_icse93_3,2009,682.682
ecu,sex_m,geo_cov_urb,ste_icse93_3,2010,727.661
ecu,sex_m,geo_cov_urb,ste_icse93_3,2011,781.947
ecu,sex_m,geo_cov_urb,ste_icse93_3,2012,784.481
ecu,sex_m,geo_cov_urb,ste_icse93_3,2013,787.726
ecu,sex_m,geo_cov_urb,ste_icse93_3,2014,794.026
ecu,sex_m,geo_cov_urb,ste_icse93_3,2015,845.553
ecu,sex_m,geo_cov_urb,ste_icse93_3,2016,907.699
ecu,sex_m,geo_cov_urb,ste_icse93_3,2017,955.39
ecu,sex_m,geo_cov_urb,ste_icse93_3,2018,1010.15
ecu,sex_m,geo_cov_urb,ste_icse93_3,2019,1061.105
ecu,sex_m,geo_cov_urb,ste_icse93_5,2005,57.204
ecu,sex_m,geo_cov_urb,ste_icse93_5,2006,83.904
ecu,sex_m,geo_cov_urb,ste_icse93_5,2007,78.781
ecu,sex_m,geo_cov_urb,ste_icse93_5,2008,90.514
ecu,sex_m,geo_cov_urb,ste_icse93_5,2009,74.432
ecu,sex_m,geo_cov_urb,ste_icse93_5,2010,61.275
ecu,sex_m,geo_cov_urb,ste_icse93_5,2011,63.857
ecu,sex_m,geo_cov_urb,ste_icse93_5,2012,70.749
ecu,sex_m,geo_cov_urb,ste_icse93_5,2013,68.518
ecu,sex_m,geo_cov_urb,ste_icse93_5,2014,67.714
ecu,sex_m,geo_cov_urb,ste_icse93_5,2015,83.92
ecu,sex_m,geo_cov_urb,ste_icse93_5,2016,111.305
ecu,sex_m,geo_cov_urb,ste_icse93_5,2017,120.7
ecu,sex_m,geo_cov_urb,ste_icse93_5,2018,110.772
ecu,sex_m,geo_cov_urb,ste_icse93_5,2019,117.086
ecu,sex_m,geo_cov_urb,ste_icse93_total,2005,2398.897
ecu,sex_m,geo_cov_urb,ste_icse93_total,2006,2503.379
ecu,sex_m,geo_cov_urb,ste_icse93_total,2007,2507.644
ecu,sex_m,geo_cov_urb,ste_icse93_total,2008,2578.083
ecu,sex_m,geo_cov_urb,ste_icse93_total,2009,2517.541
ecu,sex_m,geo_cov_urb,ste_icse93_total,2010,2544.09
ecu,sex_m,geo_cov_urb,ste_icse93_total,2011,2603.104
ecu,sex_m,geo_cov_urb,ste_icse93_total,2012,2650.774
ecu,sex_m,geo_cov_urb,ste_icse93_total,2013,2724.003
ecu,sex_m,geo_cov_urb,ste_icse93_total,2014,2866.588
ecu,sex_m,geo_cov_urb,ste_icse93_total,2015,2964.093
ecu,sex_m,geo_cov_urb,ste_icse93_total,2016,2989.378
ecu,sex_m,geo_cov_urb,ste_icse93_total,2017,3114.456
ecu,sex_m,geo_cov_urb,ste_icse93_total,2018,3165.196
ecu,sex_m,geo_cov_urb,ste_icse93_total,2019,3198.815
ecu,sex_t,geo_cov_nat,ste_aggregate_ees,2005,3238.509
ecu,sex_t,geo_cov_nat,ste_aggregate_ees,2006,3384.572
ecu,sex_t,geo_cov_nat,ste_aggregate_ees,2007,3467.51
ecu,sex_t,geo_cov_nat,ste_aggregate_ees,2008,3567.143
ecu,sex_t,geo_cov_nat,ste_aggregate_ees,2009,3482.153
ecu,sex_t,geo_cov_nat,ste_aggregate_ees,2010,3565.021
ecu,sex_t,geo_cov_nat,ste_aggregate_ees,2011,3514.786
ecu,sex_t,geo_cov_nat,ste_aggregate_ees,2012,3629.364
ecu,sex_t,geo_cov_nat,ste_aggregate_ees,2013,3766.749
ecu,sex_t,geo_cov_nat,ste_aggregate_ees,2014,3975.958
ecu,sex_t,geo_cov_nat,ste_aggregate_ees,2015,4064.489
ecu,sex_t,geo_cov_nat,ste_aggregate_ees,2016,3949.64
ecu,sex_t,geo_cov_nat,ste_aggregate_ees,2017,4050.026
ecu,sex_t,geo_cov_nat,ste_aggregate_ees,2018,4041.981
ecu,sex_t,geo_cov_nat,ste_aggregate_ees,2019,3996.633
ecu,sex_t,geo_cov_nat,ste_aggregate_slf,2005,2825.159
ecu,sex_t,geo_cov_nat,ste_aggregate_slf,2006,2955.715
ecu,sex_t,geo_cov_nat,ste_aggregate_slf,2007,2909.015
ecu,sex_t,geo_cov_nat,ste_aggregate_slf,2008,2915.983
ecu,sex_t,geo_cov_nat,ste_aggregate_slf,2009,2913.693
ecu,sex_t,geo_cov_nat,ste_aggregate_slf,2010,2899.626
ecu,sex_t,geo_cov_nat,ste_aggregate_slf,2011,3054.042
ecu,sex_t,geo_cov_nat,ste_aggregate_slf,2012,3156.196
ecu,sex_t,geo_cov_nat,ste_aggregate_slf,2013,3103.609
ecu,sex_t,geo_cov_nat,ste_aggregate_slf,2014,2986.427
ecu,sex_t,geo_cov_nat,ste_aggregate_slf,2015,3304.688
ecu,sex_t,geo_cov_nat,ste_aggregate_slf,2016,3723.448
ecu,sex_t,geo_cov_nat,ste_aggregate_slf,2017,3937.13
ecu,sex_t,geo_cov_nat,ste_aggregate_slf,2018,4027.886
ecu,sex_t,geo_cov_nat,ste_aggregate_slf,2019,4198.041
ecu,sex_t,geo_cov_nat,ste_aggregate_total,2005,6063.668
ecu,sex_t,geo_cov_nat,ste_aggregate_total,2006,6340.288
ecu,sex_t,geo_cov_nat,ste_aggregate_total,2007,6376.525
ecu,sex_t,geo_cov_nat,ste_aggregate_total,2008,6483.126
ecu,sex_t,geo_cov_nat,ste_aggregate_total,2009,6395.846
ecu,sex_t,geo_cov_nat,ste_aggregate_total,2010,6464.648
ecu,sex_t,geo_cov_nat,ste_aggregate_total,2011,6568.829
ecu,sex_t,geo_cov_nat,ste_aggregate_total,2012,6785.56
ecu,sex_t,geo_cov_nat,ste_aggregate_total,2013,6870.358
ecu,sex_t,geo_cov_nat,ste_aggregate_total,2014,6962.385
ecu,sex_t,geo_cov_nat,ste_aggregate_total,2015,7369.177
ecu,sex_t,geo_cov_nat,ste_aggregate_total,2016,7673.088
ecu,sex_t,geo_cov_nat,ste_aggregate_total,2017,7987.156
ecu,sex_t,geo_cov_nat,ste_aggregate_total,2018,8069.866
ecu,sex_t,geo_cov_nat,ste_aggregate_total,2019,8194.674
ecu,sex_t,geo_cov_nat,ste_icse93_1,2005,3238.509
ecu,sex_t,geo_cov_nat,ste_icse93_1,2006,3384.572
ecu,sex_t,geo_cov_nat,ste_icse93_1,2007,3467.51
ecu,sex_t,geo_cov_nat,ste_icse93_1,2008,3567.143
ecu,sex_t,geo_cov_nat,ste_icse93_1,2009,3482.153
ecu,sex_t,geo_cov_nat,ste_icse93_1,2010,3565.021
ecu,sex_t,geo_cov_nat,ste_icse93_1,2011,3514.786
ecu,sex_t,geo_cov_nat,ste_icse93_1,2012,3629.364
ecu,sex_t,geo_cov_nat,ste_icse93_1,2013,3766.749
ecu,sex_t,geo_cov_nat,ste_icse93_1,2014,3975.958
ecu,sex_t,geo_cov_nat,ste_icse93_1,2015,4064.489
ecu,sex_t,geo_cov_nat,ste_icse93_1,2016,3949.64
ecu,sex_t,geo_cov_nat,ste_icse93_1,2017,4050.026
ecu,sex_t,geo_cov_nat,ste_icse93_1,2018,4041.981
ecu,sex_t,geo_cov_nat,ste_icse93_1,2019,3996.633
ecu,sex_t,geo_cov_nat,ste_icse93_2,2005,381.595
ecu,sex_t,geo_cov_nat,ste_icse93_2,2006,381.258
ecu,sex_t,geo_cov_nat,ste_icse93_2,2007,333.699
ecu,sex_t,geo_cov_nat,ste_icse93_2,2008,342.752
ecu,sex_t,geo_cov_nat,ste_icse93_2,2009,269.297
ecu,sex_t,geo_cov_nat,ste_icse93_2,2010,253.787
ecu,sex_t,geo_cov_nat,ste_icse93_2,2011,237.079
ecu,sex_t,geo_cov_nat,ste_icse93_2,2012,271.087
ecu,sex_t,geo_cov_nat,ste_icse93_2,2013,235.904
ecu,sex_t,geo_cov_nat,ste_icse93_2,2014,233.631
ecu,sex_t,geo_cov_nat,ste_icse93_2,2015,238.836
ecu,sex_t,geo_cov_nat,ste_icse93_2,2016,252.926
ecu,sex_t,geo_cov_nat,ste_icse93_2,2017,237.723
ecu,sex_t,geo_cov_nat,ste_icse93_2,2018,241.972
ecu,sex_t,geo_cov_nat,ste_icse93_2,2019,231.866
ecu,sex_t,geo_cov_nat,ste_icse93_3,2005,1851.372
ecu,sex_t,geo_cov_nat,ste_icse93_3,2006,1832.479
ecu,sex_t,geo_cov_nat,ste_icse93_3,2007,1907.612
ecu,sex_t,geo_cov_nat,ste_icse93_3,2008,1893.696
ecu,sex_t,geo_cov_nat,ste_icse93_3,2009,1965.586
ecu,sex_t,geo_cov_nat,ste_icse93_3,2010,2041.868
ecu,sex_t,geo_cov_nat,ste_icse93_3,2011,2219.73
ecu,sex_t,geo_cov_nat,ste_icse93_3,2012,2220.535
ecu,sex_t,geo_cov_nat,ste_icse93_3,2013,2219.134
ecu,sex_t,geo_cov_nat,ste_icse93_3,2014,2182.645
ecu,sex_t,geo_cov_nat,ste_icse93_3,2015,2329.584
ecu,sex_t,geo_cov_nat,ste_icse93_3,2016,2557.567
ecu,sex_t,geo_cov_nat,ste_icse93_3,2017,2692.25
ecu,sex_t,geo_cov_nat,ste_icse93_3,2018,2770.069
ecu,sex_t,geo_cov_nat,ste_icse93_3,2019,2896.26
ecu,sex_t,geo_cov_nat,ste_icse93_5,2005,592.193
ecu,sex_t,geo_cov_nat,ste_icse93_5,2006,741.978
ecu,sex_t,geo_cov_nat,ste_icse93_5,2007,667.704
ecu,sex_t,geo_cov_nat,ste_icse93_5,2008,679.535
ecu,sex_t,geo_cov_nat,ste_icse93_5,2009,678.81
ecu,sex_t,geo_cov_nat,ste_icse93_5,2010,603.972
ecu,sex_t,geo_cov_nat,ste_icse93_5,2011,597.233
ecu,sex_t,geo_cov_nat,ste_icse93_5,2012,664.574
ecu,sex_t,geo_cov_nat,ste_icse93_5,2013,648.571
ecu,sex_t,geo_cov_nat,ste_icse93_5,2014,570.152
ecu,sex_t,geo_cov_nat,ste_icse93_5,2015,736.268
ecu,sex_t,geo_cov_nat,ste_icse93_5,2016,912.955
ecu,sex_t,geo_cov_nat,ste_icse93_5,2017,1007.157
ecu,sex_t,geo_cov_nat,ste_icse93_5,2018,1015.845
ecu,sex_t,geo_cov_nat,ste_icse93_5,2019,1069.915
ecu,sex_t,geo_cov_nat,ste_icse93_total,2005,6063.668
ecu,sex_t,geo_cov_nat,ste_icse93_total,2006,6340.288
ecu,sex_t,geo_cov_nat,ste_icse93_total,2007,6376.525
ecu,sex_t,geo_cov_nat,ste_icse93_total,2008,6483.126
ecu,sex_t,geo_cov_nat,ste_icse93_total,2009,6395.846
ecu,sex_t,geo_cov_nat,ste_icse93_total,2010,6464.648
ecu,sex_t,geo_cov_nat,ste_icse93_total,2011,6568.829
ecu,sex_t,geo_cov_nat,ste_icse93_total,2012,6785.56
ecu,sex_t,geo_cov_nat,ste_icse93_total,2013,6870.358
ecu,sex_t,geo_cov_nat,ste_icse93_total,2014,6962.385
ecu,sex_t,geo_cov_nat,ste_icse93_total,2015,7369.177
ecu,sex_t,geo_cov_nat,ste_icse93_total,2016,7673.088
ecu,sex_t,geo_cov_nat,ste_icse93_total,2017,7987.156
ecu,sex_t,geo_cov_nat,ste_icse93_total,2018,8069.866
ecu,sex_t,geo_cov_nat,ste_icse93_total,2019,8194.674
ecu,sex_t,geo_cov_rur,ste_aggregate_ees,2005,834.223
ecu,sex_t,geo_cov_rur,ste_aggregate_ees,2006,893.479
ecu,sex_t,geo_cov_rur,ste_aggregate_ees,2007,955.185
ecu,sex_t,geo_cov_rur,ste_aggregate_ees,2008,954.556
ecu,sex_t,geo_cov_rur,ste_aggregate_ees,2009,916.837
ecu,sex_t,geo_cov_rur,ste_aggregate_ees,2010,956.147
ecu,sex_t,geo_cov_rur,ste_aggregate_ees,2011,917.055
ecu,sex_t,geo_cov_rur,ste_aggregate_ees,2012,971.218
ecu,sex_t,geo_cov_rur,ste_aggregate_ees,2013,1020.598
ecu,sex_t,geo_cov_rur,ste_aggregate_ees,2014,1065.076
ecu,sex_t,geo_cov_rur,ste_aggregate_ees,2015,1097.552
ecu,sex_t,geo_cov_rur,ste_aggregate_ees,2016,1031.948
ecu,sex_t,geo_cov_rur,ste_aggregate_ees,2017,1047.353
ecu,sex_t,geo_cov_rur,ste_aggregate_ees,2018,1030.384
ecu,sex_t,geo_cov_rur,ste_aggregate_ees,2019,1012.207
ecu,sex_t,geo_cov_rur,ste_aggregate_slf,2005,1257.401
ecu,sex_t,geo_cov_rur,ste_aggregate_slf,2006,1310.376
ecu,sex_t,geo_cov_rur,ste_aggregate_slf,2007,1214.216
ecu,sex_t,geo_cov_rur,ste_aggregate_slf,2008,1208.55
ecu,sex_t,geo_cov_rur,ste_aggregate_slf,2009,1249.824
ecu,sex_t,geo_cov_rur,ste_aggregate_slf,2010,1231.168
ecu,sex_t,geo_cov_rur,ste_aggregate_slf,2011,1292.767
ecu,sex_t,geo_cov_rur,ste_aggregate_slf,2012,1319.667
ecu,sex_t,geo_cov_rur,ste_aggregate_slf,2013,1301.933
ecu,sex_t,geo_cov_rur,ste_aggregate_slf,2014,1197.801
ecu,sex_t,geo_cov_rur,ste_aggregate_slf,2015,1368.379
ecu,sex_t,geo_cov_rur,ste_aggregate_slf,2016,1577.845
ecu,sex_t,geo_cov_rur,ste_aggregate_slf,2017,1664.427
ecu,sex_t,geo_cov_rur,ste_aggregate_slf,2018,1721.964
ecu,sex_t,geo_cov_rur,ste_aggregate_slf,2019,1817.924
ecu,sex_t,geo_cov_rur,ste_aggregate_total,2005,2091.624
ecu,sex_t,geo_cov_rur,ste_aggregate_total,2006,2203.855
ecu,sex_t,geo_cov_rur,ste_aggregate_total,2007,2169.401
ecu,sex_t,geo_cov_rur,ste_aggregate_total,2008,2163.106
ecu,sex_t,geo_cov_rur,ste_aggregate_total,2009,2166.661
ecu,sex_t,geo_cov_rur,ste_aggregate_total,2010,2187.314
ecu,sex_t,geo_cov_rur,ste_aggregate_total,2011,2209.823
ecu,sex_t,geo_cov_rur,ste_aggregate_total,2012,2290.885
ecu,sex_t,geo_cov_rur,ste_aggregate_total,2013,2322.532
ecu,sex_t,geo_cov_rur,ste_aggregate_total,2014,2262.877
ecu,sex_t,geo_cov_rur,ste_aggregate_total,2015,2465.931
ecu,sex_t,geo_cov_rur,ste_aggregate_total,2016,2609.792
ecu,sex_t,geo_cov_rur,ste_aggregate_total,2017,2711.78
ecu,sex_t,geo_cov_rur,ste_aggregate_total,2018,2752.348
ecu,sex_t,geo_cov_rur,ste_aggregate_total,2019,2830.131
ecu,sex_t,geo_cov_rur,ste_icse93_1,2005,834.223
ecu,sex_t,geo_cov_rur,ste_icse93_1,2006,893.479
ecu,sex_t,geo_cov_rur,ste_icse93_1,2007,955.185
ecu,sex_t,geo_cov_rur,ste_icse93_1,2008,954.556
ecu,sex_t,geo_cov_rur,ste_icse93_1,2009,916.837
ecu,sex_t,geo_cov_rur,ste_icse93_1,2010,956.147
ecu,sex_t,geo_cov_rur,ste_icse93_1,2011,917.055
ecu,sex_t,geo_cov_rur,ste_icse93_1,2012,971.218
ecu,sex_t,geo_cov_rur,ste_icse93_1,2013,1020.598
ecu,sex_t,geo_cov_rur,ste_icse93_1,2014,1065.076
ecu,sex_t,geo_cov_rur,ste_icse93_1,2015,1097.552
ecu,sex_t,geo_cov_rur,ste_icse93_1,2016,1031.948
ecu,sex_t,geo_cov_rur,ste_icse93_1,2017,1047.353
ecu,sex_t,geo_cov_rur,ste_icse93_1,2018,1030.384
ecu,sex_t,geo_cov_rur,ste_icse93_1,2019,1012.207
ecu,sex_t,geo_cov_rur,ste_icse93_2,2005,124.84
ecu,sex_t,geo_cov_rur,ste_icse93_2,2006,107.625
ecu,sex_t,geo_cov_rur,ste_icse93_2,2007,86.848
ecu,sex_t,geo_cov_rur,ste_icse93_2,2008,86.74
ecu,sex_t,geo_cov_rur,ste_icse93_2,2009,73.772
ecu,sex_t,geo_cov_rur,ste_icse93_2,2010,61.526
ecu,sex_t,geo_cov_rur,ste_icse93_2,2011,71.093
ecu,sex_t,geo_cov_rur,ste_icse93_2,2012,68.758
ecu,sex_t,geo_cov_rur,ste_icse93_2,2013,55.457
ecu,sex_t,geo_cov_rur,ste_icse93_2,2014,54.317
ecu,sex_t,geo_cov_rur,ste_icse93_2,2015,54.65
ecu,sex_t,geo_cov_rur,ste_icse93_2,2016,61.172
ecu,sex_t,geo_cov_rur,ste_icse93_2,2017,53.172
ecu,sex_t,geo_cov_rur,ste_icse93_2,2018,53.192
ecu,sex_t,geo_cov_rur,ste_icse93_2,2019,53.032
ecu,sex_t,geo_cov_rur,ste_icse93_3,2005,734.103
ecu,sex_t,geo_cov_rur,ste_icse93_3,2006,709.598
ecu,sex_t,geo_cov_rur,ste_icse93_3,2007,713.638
ecu,sex_t,geo_cov_rur,ste_icse93_3,2008,718.988
ecu,sex_t,geo_cov_rur,ste_icse93_3,2009,744.009
ecu,sex_t,geo_cov_rur,ste_icse93_3,2010,771.878
ecu,sex_t,geo_cov_rur,ste_icse93_3,2011,853.779
ecu,sex_t,geo_cov_rur,ste_icse93_3,2012,834.154
ecu,sex_t,geo_cov_rur,ste_icse93_3,2013,832.469
ecu,sex_t,geo_cov_rur,ste_icse93_3,2014,796.245
ecu,sex_t,geo_cov_rur,ste_icse93_3,2015,842.694
ecu,sex_t,geo_cov_rur,ste_icse93_3,2016,930.313
ecu,sex_t,geo_cov_rur,ste_icse93_3,2017,962.816
ecu,sex_t,geo_cov_rur,ste_icse93_3,2018,991.945
ecu,sex_t,geo_cov_rur,ste_icse93_3,2019,1027.579
ecu,sex_t,geo_cov_rur,ste_icse93_5,2005,398.459
ecu,sex_t,geo_cov_rur,ste_icse93_5,2006,493.153
ecu,sex_t,geo_cov_rur,ste_icse93_5,2007,413.729
ecu,sex_t,geo_cov_rur,ste_icse93_5,2008,402.822
ecu,sex_t,geo_cov_rur,ste_icse93_5,2009,432.043
ecu,sex_t,geo_cov_rur,ste_icse93_5,2010,397.764
ecu,sex_t,geo_cov_rur,ste_icse93_5,2011,367.895
ecu,sex_t,geo_cov_rur,ste_icse93_5,2012,416.755
ecu,sex_t,geo_cov_rur,ste_icse93_5,2013,414.007
ecu,sex_t,geo_cov_rur,ste_icse93_5,2014,347.239
ecu,sex_t,geo_cov_rur,ste_icse93_5,2015,471.035
ecu,sex_t,geo_cov_rur,ste_icse93_5,2016,586.359
ecu,sex_t,geo_cov_rur,ste_icse93_5,2017,648.439
ecu,sex_t,geo_cov_rur,ste_icse93_5,2018,676.827
ecu,sex_t,geo_cov_rur,ste_icse93_5,2019,737.313
ecu,sex_t,geo_cov_rur,ste_icse93_total,2005,2091.624
ecu,sex_t,geo_cov_rur,ste_icse93_total,2006,2203.855
ecu,sex_t,geo_cov_rur,ste_icse93_total,2007,2169.401
ecu,sex_t,geo_cov_rur,ste_icse93_total,2008,2163.106
ecu,sex_t,geo_cov_rur,ste_icse93_total,2009,2166.661
ecu,sex_t,geo_cov_rur,ste_icse93_total,2010,2187.314
ecu,sex_t,geo_cov_rur,ste_icse93_total,2011,2209.823
ecu,sex_t,geo_cov_rur,ste_icse93_total,2012,2290.885
ecu,sex_t,geo_cov_rur,ste_icse93_total,2013,2322.532
ecu,sex_t,geo_cov_rur,ste_icse93_total,2014,2262.877
ecu,sex_t,geo_cov_rur,ste_icse93_total,2015,2465.931
ecu,sex_t,geo_cov_rur,ste_icse93_total,2016,2609.792
ecu,sex_t,geo_cov_rur,ste_icse93_total,2017,2711.78
ecu,sex_t,geo_cov_rur,ste_icse93_total,2018,2752.348
ecu,sex_t,geo_cov_rur,ste_icse93_total,2019,2830.131
ecu,sex_t,geo_cov_urb,ste_aggregate_ees,2005,2404.286
ecu,sex_t,geo_cov_urb,ste_aggregate_ees,2006,2491.094
ecu,sex_t,geo_cov_urb,ste_aggregate_ees,2007,2512.325
ecu,sex_t,geo_cov_urb,ste_aggregate_ees,2008,2612.587
ecu,sex_t,geo_cov_urb,ste_aggregate_ees,2009,2565.315
ecu,sex_t,geo_cov_urb,ste_aggregate_ees,2010,2608.875
ecu,sex_t,geo_cov_urb,ste_aggregate_ees,2011,2597.731
ecu,sex_t,geo_cov_urb,ste_aggregate_ees,2012,2658.146
ecu,sex_t,geo_cov_urb,ste_aggregate_ees,2013,2746.151
ecu,sex_t,geo_cov_urb,ste_aggregate_ees,2014,2910.881
ecu,sex_t,geo_cov_urb,ste_aggregate_ees,2015,2966.937
ecu,sex_t,geo_cov_urb,ste_aggregate_ees,2016,2917.692
ecu,sex_t,geo_cov_urb,ste_aggregate_ees,2017,3002.673
ecu,sex_t,geo_cov_urb,ste_aggregate_ees,2018,3011.596
ecu,sex_t,geo_cov_urb,ste_aggregate_ees,2019,2984.426
ecu,sex_t,geo_cov_urb,ste_aggregate_slf,2005,1567.758
ecu,sex_t,geo_cov_urb,ste_aggregate_slf,2006,1645.339
ecu,sex_t,geo_cov_urb,ste_aggregate_slf,2007,1694.799
ecu,sex_t,geo_cov_urb,ste_aggregate_slf,2008,1707.433
ecu,sex_t,geo_cov_urb,ste_aggregate_slf,2009,1663.87
ecu,sex_t,geo_cov_urb,ste_aggregate_slf,2010,1668.459
ecu,sex_t,geo_cov_urb,ste_aggregate_slf,2011,1761.275
ecu,sex_t,geo_cov_urb,ste_aggregate_slf,2012,1836.53
ecu,sex_t,geo_cov_urb,ste_aggregate_slf,2013,1801.675
ecu,sex_t,geo_cov_urb,ste_aggregate_slf,2014,1788.626
ecu,sex_t,geo_cov_urb,ste_aggregate_slf,2015,1936.309
ecu,sex_t,geo_cov_urb,ste_aggregate_slf,2016,2145.603
ecu,sex_t,geo_cov_urb,ste_aggregate_slf,2017,2272.703
ecu,sex_t,geo_cov_urb,ste_aggregate_slf,2018,2305.922
ecu,sex_t,geo_cov_urb,ste_aggregate_slf,2019,2380.116
ecu,sex_t,geo_cov_urb,ste_aggregate_total,2005,3972.044
ecu,sex_t,geo_cov_urb,ste_aggregate_total,2006,4136.433
ecu,sex_t,geo_cov_urb,ste_aggregate_total,2007,4207.124
ecu,sex_t,geo_cov_urb,ste_aggregate_total,2008,4320.021
ecu,sex_t,geo_cov_urb,ste_aggregate_total,2009,4229.185
ecu,sex_t,geo_cov_urb,ste_aggregate_total,2010,4277.333
ecu,sex_t,geo_cov_urb,ste_aggregate_total,2011,4359.006
ecu,sex_t,geo_cov_urb,ste_aggregate_total,2012,4494.675
ecu,sex_t,geo_cov_urb,ste_aggregate_total,2013,4547.826
ecu,sex_t,geo_cov_urb,ste_aggregate_total,2014,4699.508
ecu,sex_t,geo_cov_urb,ste_aggregate_total,2015,4903.246
ecu,sex_t,geo_cov_urb,ste_aggregate_total,2016,5063.295
ecu,sex_t,geo_cov_urb,ste_aggregate_total,2017,5275.376
ecu,sex_t,geo_cov_urb,ste_aggregate_total,2018,5317.518
ecu,sex_t,geo_cov_urb,ste_aggregate_total,2019,5364.543
ecu,sex_t,geo_cov_urb,ste_icse93_1,2005,2404.286
ecu,sex_t,geo_cov_urb,ste_icse93_1,2006,2491.094
ecu,sex_t,geo_cov_urb,ste_icse93_1,2007,2512.325
ecu,sex_t,geo_cov_urb,ste_icse93_1,2008,2612.587
ecu,sex_t,geo_cov_urb,ste_icse93_1,2009,2565.315
ecu,sex_t,geo_cov_urb,ste_icse93_1,2010,2608.875
ecu,sex_t,geo_cov_urb,ste_icse93_1,2011,2597.731
ecu,sex_t,geo_cov_urb,ste_icse93_1,2012,2658.146
ecu,sex_t,geo_cov_urb,ste_icse93_1,2013,2746.151
ecu,sex_t,geo_cov_urb,ste_icse93_1,2014,2910.881
ecu,sex_t,geo_cov_urb,ste_icse93_1,2015,2966.937
ecu,sex_t,geo_cov_urb,ste_icse93_1,2016,2917.692
ecu,sex_t,geo_cov_urb,ste_icse93_1,2017,3002.673
ecu,sex_t,geo_cov_urb,ste_icse93_1,2018,3011.596
ecu,sex_t,geo_cov_urb,ste_icse93_1,2019,2984.426
ecu,sex_t,geo_cov_urb,ste_icse93_2,2005,256.755
ecu,sex_t,geo_cov_urb,ste_icse93_2,2006,273.633
ecu,sex_t,geo_cov_urb,ste_icse93_2,2007,246.851
ecu,sex_t,geo_cov_urb,ste_icse93_2,2008,256.012
ecu,sex_t,geo_cov_urb,ste_icse93_2,2009,195.525
ecu,sex_t,geo_cov_urb,ste_icse93_2,2010,192.261
ecu,sex_t,geo_cov_urb,ste_icse93_2,2011,165.986
ecu,sex_t,geo_cov_urb,ste_icse93_2,2012,202.33
ecu,sex_t,geo_cov_urb,ste_icse93_2,2013,180.447
ecu,sex_t,geo_cov_urb,ste_icse93_2,2014,179.314
ecu,sex_t,geo_cov_urb,ste_icse93_2,2015,184.186
ecu,sex_t,geo_cov_urb,ste_icse93_2,2016,191.754
ecu,sex_t,geo_cov_urb,ste_icse93_2,2017,184.551
ecu,sex_t,geo_cov_urb,ste_icse93_2,2018,188.78
ecu,sex_t,geo_cov_urb,ste_icse93_2,2019,178.834
ecu,sex_t,geo_cov_urb,ste_icse93_3,2005,1117.269
ecu,sex_t,geo_cov_urb,ste_icse93_3,2006,1122.881
ecu,sex_t,geo_cov_urb,ste_icse93_3,2007,1193.973
ecu,sex_t,geo_cov_urb,ste_icse93_3,2008,1174.708
ecu,sex_t,geo_cov_urb,ste_icse93_3,2009,1221.578
ecu,sex_t,geo_cov_urb,ste_icse93_3,2010,1269.99
ecu,sex_t,geo_cov_urb,ste_icse93_3,2011,1365.95
ecu,sex_t,geo_cov_urb,ste_icse93_3,2012,1386.381
ecu,sex_t,geo_cov_urb,ste_icse93_3,2013,1386.665
ecu,sex_t,geo_cov_urb,ste_icse93_3,2014,1386.399
ecu,sex_t,geo_cov_urb,ste_icse93_3,2015,1486.89
ecu,sex_t,geo_cov_urb,ste_icse93_3,2016,1627.254
ecu,sex_t,geo_cov_urb,ste_icse93_3,2017,1729.434
ecu,sex_t,geo_cov_urb,ste_icse93_3,2018,1778.123
ecu,sex_t,geo_cov_urb,ste_icse93_3,2019,1868.681
ecu,sex_t,geo_cov_urb,ste_icse93_5,2005,193.734
ecu,sex_t,geo_cov_urb,ste_icse93_5,2006,248.825
ecu,sex_t,geo_cov_urb,ste_icse93_5,2007,253.975
ecu,sex_t,geo_cov_urb,ste_icse93_5,2008,276.713
ecu,sex_t,geo_cov_urb,ste_icse93_5,2009,246.767
ecu,sex_t,geo_cov_urb,ste_icse93_5,2010,206.208
ecu,sex_t,geo_cov_urb,ste_icse93_5,2011,229.339
ecu,sex_t,geo_cov_urb,ste_icse93_5,2012,247.819
ecu,sex_t,geo_cov_urb,ste_icse93_5,2013,234.563
ecu,sex_t,geo_cov_urb,ste_icse93_5,2014,222.913
ecu,sex_t,geo_cov_urb,ste_icse93_5,2015,265.233
ecu,sex_t,geo_cov_urb,ste_icse93_5,2016,326.595
ecu,sex_t,geo_cov_urb,ste_icse93_5,2017,358.718
ecu,sex_t,geo_cov_urb,ste_icse93_5,2018,339.018
ecu,sex_t,geo_cov_urb,ste_icse93_5,2019,332.602
ecu,sex_t,geo_cov_urb,ste_icse93_total,2005,3972.044
ecu,sex_t,geo_cov_urb,ste_icse93_total,2006,4136.433
ecu,sex_t,geo_cov_urb,ste_icse93_total,2007,4207.124
ecu,sex_t,geo_cov_urb,ste_icse93_total,2008,4320.021
ecu,sex_t,geo_cov_urb,ste_icse93_total,2009,4229.185
ecu,sex_t,geo_cov_urb,ste_icse93_total,2010,4277.333
ecu,sex_t,geo_cov_urb,ste_icse93_total,2011,4359.006
ecu,sex_t,geo_cov_urb,ste_icse93_total,2012,4494.675
ecu,sex_t,geo_cov_urb,ste_icse93_total,2013,4547.826
ecu,sex_t,geo_cov_urb,ste_icse93_total,2014,4699.508
ecu,sex_t,geo_cov_urb,ste_icse93_total,2015,4903.246
ecu,sex_t,geo_cov_urb,ste_icse93_total,2016,5063.295
ecu,sex_t,geo_cov_urb,ste_icse93_total,2017,5275.376
ecu,sex_t,geo_cov_urb,ste_icse93_total,2018,5317.518
ecu,sex_t,geo_cov_urb,ste_icse93_total,2019,5364.543
