ref_area,sex,classif1,classif2,time,emp_dwap_sex_age_mts_rt
mwi,sex_f,age_10yrbands_total,mts_aggregate_1,2005,74.68
mwi,sex_f,age_10yrbands_total,mts_aggregate_1,2011,60.81
mwi,sex_f,age_10yrbands_total,mts_aggregate_1,2017,34.28
mwi,sex_f,age_10yrbands_total,mts_aggregate_1,2020,37.62
mwi,sex_f,age_10yrbands_total,mts_aggregate_2,2005,82.2
mwi,sex_f,age_10yrbands_total,mts_aggregate_2,2011,72
mwi,sex_f,age_10yrbands_total,mts_aggregate_2,2017,41.45
mwi,sex_f,age_10yrbands_total,mts_aggregate_2,2020,43.15
mwi,sex_f,age_10yrbands_total,mts_aggregate_total,2005,77.49
mwi,sex_f,age_10yrbands_total,mts_aggregate_total,2011,67.52
mwi,sex_f,age_10yrbands_total,mts_aggregate_total,2017,38.32
mwi,sex_f,age_10yrbands_total,mts_aggregate_total,2020,40.63
mwi,sex_f,age_10yrbands_total,mts_aggregate_x,2005,4.1
mwi,sex_f,age_10yrbands_total,mts_aggregate_x,2011,90.77
mwi,sex_f,age_10yrbands_total,mts_details_mrd,2005,82.2
mwi,sex_f,age_10yrbands_total,mts_details_mrd,2011,72
mwi,sex_f,age_10yrbands_total,mts_details_mrd,2017,41.45
mwi,sex_f,age_10yrbands_total,mts_details_mrd,2020,43.15
mwi,sex_f,age_10yrbands_total,mts_details_sep,2005,90.67
mwi,sex_f,age_10yrbands_total,mts_details_sep,2011,79.85
mwi,sex_f,age_10yrbands_total,mts_details_sep,2017,53.1
mwi,sex_f,age_10yrbands_total,mts_details_sep,2020,56.63
mwi,sex_f,age_10yrbands_total,mts_details_sgle,2005,58.73
mwi,sex_f,age_10yrbands_total,mts_details_sgle,2011,46.76
mwi,sex_f,age_10yrbands_total,mts_details_sgle,2017,23.69
mwi,sex_f,age_10yrbands_total,mts_details_sgle,2020,27.17
mwi,sex_f,age_10yrbands_total,mts_details_total,2005,77.49
mwi,sex_f,age_10yrbands_total,mts_details_total,2011,67.52
mwi,sex_f,age_10yrbands_total,mts_details_total,2017,38.32
mwi,sex_f,age_10yrbands_total,mts_details_total,2020,40.63
mwi,sex_f,age_10yrbands_total,mts_details_wid,2005,83.44
mwi,sex_f,age_10yrbands_total,mts_details_wid,2011,68.3
mwi,sex_f,age_10yrbands_total,mts_details_wid,2017,35.84
mwi,sex_f,age_10yrbands_total,mts_details_wid,2020,35.98
mwi,sex_f,age_10yrbands_total,mts_details_x,2005,4.1
mwi,sex_f,age_10yrbands_total,mts_details_x,2011,90.77
mwi,sex_f,age_10yrbands_y15_24,mts_aggregate_1,2005,62.32
mwi,sex_f,age_10yrbands_y15_24,mts_aggregate_1,2011,48.73
mwi,sex_f,age_10yrbands_y15_24,mts_aggregate_1,2017,23.85
mwi,sex_f,age_10yrbands_y15_24,mts_aggregate_1,2020,28.83
mwi,sex_f,age_10yrbands_y15_24,mts_aggregate_2,2005,76.86
mwi,sex_f,age_10yrbands_y15_24,mts_aggregate_2,2011,67.16
mwi,sex_f,age_10yrbands_y15_24,mts_aggregate_2,2017,35.82
mwi,sex_f,age_10yrbands_y15_24,mts_aggregate_2,2020,37.1
mwi,sex_f,age_10yrbands_y15_24,mts_aggregate_total,2005,66.85
mwi,sex_f,age_10yrbands_y15_24,mts_aggregate_total,2011,56.87
mwi,sex_f,age_10yrbands_y15_24,mts_aggregate_total,2017,28.26
mwi,sex_f,age_10yrbands_y15_24,mts_aggregate_total,2020,31.63
mwi,sex_f,age_10yrbands_y15_24,mts_aggregate_x,2005,4.72
mwi,sex_f,age_10yrbands_y15_24,mts_details_mrd,2005,76.86
mwi,sex_f,age_10yrbands_y15_24,mts_details_mrd,2011,67.16
mwi,sex_f,age_10yrbands_y15_24,mts_details_mrd,2017,35.82
mwi,sex_f,age_10yrbands_y15_24,mts_details_mrd,2020,37.1
mwi,sex_f,age_10yrbands_y15_24,mts_details_sep,2005,88.27
mwi,sex_f,age_10yrbands_y15_24,mts_details_sep,2011,73.19
mwi,sex_f,age_10yrbands_y15_24,mts_details_sep,2017,43.75
mwi,sex_f,age_10yrbands_y15_24,mts_details_sep,2020,49.78
mwi,sex_f,age_10yrbands_y15_24,mts_details_sgle,2005,58.05
mwi,sex_f,age_10yrbands_y15_24,mts_details_sgle,2011,45.77
mwi,sex_f,age_10yrbands_y15_24,mts_details_sgle,2017,21.76
mwi,sex_f,age_10yrbands_y15_24,mts_details_sgle,2020,25.92
mwi,sex_f,age_10yrbands_y15_24,mts_details_total,2005,66.85
mwi,sex_f,age_10yrbands_y15_24,mts_details_total,2011,56.87
mwi,sex_f,age_10yrbands_y15_24,mts_details_total,2017,28.26
mwi,sex_f,age_10yrbands_y15_24,mts_details_total,2020,31.63
mwi,sex_f,age_10yrbands_y15_24,mts_details_wid,2005,82.09
mwi,sex_f,age_10yrbands_y15_24,mts_details_wid,2011,85.4
mwi,sex_f,age_10yrbands_y15_24,mts_details_wid,2017,46.27
mwi,sex_f,age_10yrbands_y15_24,mts_details_wid,2020,66.88
mwi,sex_f,age_10yrbands_y15_24,mts_details_x,2005,4.72
mwi,sex_f,age_10yrbands_y25_34,mts_aggregate_1,2005,88.36
mwi,sex_f,age_10yrbands_y25_34,mts_aggregate_1,2011,75.92
mwi,sex_f,age_10yrbands_y25_34,mts_aggregate_1,2017,56.67
mwi,sex_f,age_10yrbands_y25_34,mts_aggregate_1,2020,60.56
mwi,sex_f,age_10yrbands_y25_34,mts_aggregate_2,2005,82.19
mwi,sex_f,age_10yrbands_y25_34,mts_aggregate_2,2011,70.95
mwi,sex_f,age_10yrbands_y25_34,mts_aggregate_2,2017,46.55
mwi,sex_f,age_10yrbands_y25_34,mts_aggregate_2,2020,46.24
mwi,sex_f,age_10yrbands_y25_34,mts_aggregate_total,2005,82.13
mwi,sex_f,age_10yrbands_y25_34,mts_aggregate_total,2011,72.05
mwi,sex_f,age_10yrbands_y25_34,mts_aggregate_total,2017,48.88
mwi,sex_f,age_10yrbands_y25_34,mts_aggregate_total,2020,49.73
mwi,sex_f,age_10yrbands_y25_34,mts_aggregate_x,2005,3.09
mwi,sex_f,age_10yrbands_y25_34,mts_details_mrd,2005,82.19
mwi,sex_f,age_10yrbands_y25_34,mts_details_mrd,2011,70.95
mwi,sex_f,age_10yrbands_y25_34,mts_details_mrd,2017,46.55
mwi,sex_f,age_10yrbands_y25_34,mts_details_mrd,2020,46.24
mwi,sex_f,age_10yrbands_y25_34,mts_details_sep,2005,92.37
mwi,sex_f,age_10yrbands_y25_34,mts_details_sep,2011,82.28
mwi,sex_f,age_10yrbands_y25_34,mts_details_sep,2017,58.19
mwi,sex_f,age_10yrbands_y25_34,mts_details_sep,2020,65.43
mwi,sex_f,age_10yrbands_y25_34,mts_details_sgle,2005,70.17
mwi,sex_f,age_10yrbands_y25_34,mts_details_sgle,2011,58.54
mwi,sex_f,age_10yrbands_y25_34,mts_details_sgle,2017,47.13
mwi,sex_f,age_10yrbands_y25_34,mts_details_sgle,2020,45.07
mwi,sex_f,age_10yrbands_y25_34,mts_details_total,2005,82.13
mwi,sex_f,age_10yrbands_y25_34,mts_details_total,2011,72.05
mwi,sex_f,age_10yrbands_y25_34,mts_details_total,2017,48.88
mwi,sex_f,age_10yrbands_y25_34,mts_details_total,2020,49.73
mwi,sex_f,age_10yrbands_y25_34,mts_details_wid,2005,90.49
mwi,sex_f,age_10yrbands_y25_34,mts_details_wid,2011,74.81
mwi,sex_f,age_10yrbands_y25_34,mts_details_wid,2017,67.5
mwi,sex_f,age_10yrbands_y25_34,mts_details_wid,2020,60.27
mwi,sex_f,age_10yrbands_y25_34,mts_details_x,2005,3.09
mwi,sex_f,age_10yrbands_y35_44,mts_aggregate_1,2005,91.41
mwi,sex_f,age_10yrbands_y35_44,mts_aggregate_1,2011,83.31
mwi,sex_f,age_10yrbands_y35_44,mts_aggregate_1,2017,62.42
mwi,sex_f,age_10yrbands_y35_44,mts_aggregate_1,2020,63.2
mwi,sex_f,age_10yrbands_y35_44,mts_aggregate_2,2005,86.01
mwi,sex_f,age_10yrbands_y35_44,mts_aggregate_2,2011,76.65
mwi,sex_f,age_10yrbands_y35_44,mts_aggregate_2,2017,47.75
mwi,sex_f,age_10yrbands_y35_44,mts_aggregate_2,2020,48.05
mwi,sex_f,age_10yrbands_y35_44,mts_aggregate_total,2005,86.38
mwi,sex_f,age_10yrbands_y35_44,mts_aggregate_total,2011,78.07
mwi,sex_f,age_10yrbands_y35_44,mts_aggregate_total,2017,51.47
mwi,sex_f,age_10yrbands_y35_44,mts_aggregate_total,2020,52.08
mwi,sex_f,age_10yrbands_y35_44,mts_aggregate_x,2005,5.41
mwi,sex_f,age_10yrbands_y35_44,mts_details_mrd,2005,86.01
mwi,sex_f,age_10yrbands_y35_44,mts_details_mrd,2011,76.65
mwi,sex_f,age_10yrbands_y35_44,mts_details_mrd,2017,47.75
mwi,sex_f,age_10yrbands_y35_44,mts_details_mrd,2020,48.05
mwi,sex_f,age_10yrbands_y35_44,mts_details_sep,2005,92.52
mwi,sex_f,age_10yrbands_y35_44,mts_details_sep,2011,84.04
mwi,sex_f,age_10yrbands_y35_44,mts_details_sep,2017,64.02
mwi,sex_f,age_10yrbands_y35_44,mts_details_sep,2020,60.98
mwi,sex_f,age_10yrbands_y35_44,mts_details_sgle,2005,100
mwi,sex_f,age_10yrbands_y35_44,mts_details_sgle,2011,35.34
mwi,sex_f,age_10yrbands_y35_44,mts_details_sgle,2017,47.63
mwi,sex_f,age_10yrbands_y35_44,mts_details_sgle,2020,46.24
mwi,sex_f,age_10yrbands_y35_44,mts_details_total,2005,86.38
mwi,sex_f,age_10yrbands_y35_44,mts_details_total,2011,78.07
mwi,sex_f,age_10yrbands_y35_44,mts_details_total,2017,51.47
mwi,sex_f,age_10yrbands_y35_44,mts_details_total,2020,52.08
mwi,sex_f,age_10yrbands_y35_44,mts_details_wid,2005,89.64
mwi,sex_f,age_10yrbands_y35_44,mts_details_wid,2011,87.16
mwi,sex_f,age_10yrbands_y35_44,mts_details_wid,2017,61.76
mwi,sex_f,age_10yrbands_y35_44,mts_details_wid,2020,71.83
mwi,sex_f,age_10yrbands_y35_44,mts_details_x,2005,5.41
mwi,sex_f,age_10yrbands_y45_54,mts_aggregate_1,2005,90.27
mwi,sex_f,age_10yrbands_y45_54,mts_aggregate_1,2011,86.29
mwi,sex_f,age_10yrbands_y45_54,mts_aggregate_1,2017,52.87
mwi,sex_f,age_10yrbands_y45_54,mts_aggregate_1,2020,51.52
mwi,sex_f,age_10yrbands_y45_54,mts_aggregate_2,2005,88.95
mwi,sex_f,age_10yrbands_y45_54,mts_aggregate_2,2011,79.23
mwi,sex_f,age_10yrbands_y45_54,mts_aggregate_2,2017,38.53
mwi,sex_f,age_10yrbands_y45_54,mts_aggregate_2,2020,45.67
mwi,sex_f,age_10yrbands_y45_54,mts_aggregate_total,2005,88.47
mwi,sex_f,age_10yrbands_y45_54,mts_aggregate_total,2011,81.38
mwi,sex_f,age_10yrbands_y45_54,mts_aggregate_total,2017,43.51
mwi,sex_f,age_10yrbands_y45_54,mts_aggregate_total,2020,47.59
mwi,sex_f,age_10yrbands_y45_54,mts_aggregate_x,2005,3.22
mwi,sex_f,age_10yrbands_y45_54,mts_details_mrd,2005,88.95
mwi,sex_f,age_10yrbands_y45_54,mts_details_mrd,2011,79.23
mwi,sex_f,age_10yrbands_y45_54,mts_details_mrd,2017,38.53
mwi,sex_f,age_10yrbands_y45_54,mts_details_mrd,2020,45.67
mwi,sex_f,age_10yrbands_y45_54,mts_details_sep,2005,89.83
mwi,sex_f,age_10yrbands_y45_54,mts_details_sep,2011,87.93
mwi,sex_f,age_10yrbands_y45_54,mts_details_sep,2017,53.75
mwi,sex_f,age_10yrbands_y45_54,mts_details_sep,2020,58.44
mwi,sex_f,age_10yrbands_y45_54,mts_details_sgle,2005,56.52
mwi,sex_f,age_10yrbands_y45_54,mts_details_total,2005,88.47
mwi,sex_f,age_10yrbands_y45_54,mts_details_total,2011,81.38
mwi,sex_f,age_10yrbands_y45_54,mts_details_total,2017,43.51
mwi,sex_f,age_10yrbands_y45_54,mts_details_total,2020,47.59
mwi,sex_f,age_10yrbands_y45_54,mts_details_wid,2005,91.11
mwi,sex_f,age_10yrbands_y45_54,mts_details_wid,2011,85.1
mwi,sex_f,age_10yrbands_y45_54,mts_details_wid,2017,51.77
mwi,sex_f,age_10yrbands_y45_54,mts_details_wid,2020,45.72
mwi,sex_f,age_10yrbands_y45_54,mts_details_x,2005,3.22
mwi,sex_f,age_10yrbands_y55_64,mts_aggregate_1,2005,89.89
mwi,sex_f,age_10yrbands_y55_64,mts_aggregate_1,2011,71.17
mwi,sex_f,age_10yrbands_y55_64,mts_aggregate_1,2017,35.28
mwi,sex_f,age_10yrbands_y55_64,mts_aggregate_1,2020,43.83
mwi,sex_f,age_10yrbands_y55_64,mts_aggregate_2,2005,84.83
mwi,sex_f,age_10yrbands_y55_64,mts_aggregate_2,2011,73.73
mwi,sex_f,age_10yrbands_y55_64,mts_aggregate_2,2017,30.28
mwi,sex_f,age_10yrbands_y55_64,mts_aggregate_2,2020,39.34
mwi,sex_f,age_10yrbands_y55_64,mts_aggregate_total,2005,86.45
mwi,sex_f,age_10yrbands_y55_64,mts_aggregate_total,2011,72.54
mwi,sex_f,age_10yrbands_y55_64,mts_aggregate_total,2017,32.48
mwi,sex_f,age_10yrbands_y55_64,mts_aggregate_total,2020,41.38
mwi,sex_f,age_10yrbands_y55_64,mts_details_mrd,2005,84.83
mwi,sex_f,age_10yrbands_y55_64,mts_details_mrd,2011,73.73
mwi,sex_f,age_10yrbands_y55_64,mts_details_mrd,2017,30.28
mwi,sex_f,age_10yrbands_y55_64,mts_details_mrd,2020,39.34
mwi,sex_f,age_10yrbands_y55_64,mts_details_sep,2005,89.73
mwi,sex_f,age_10yrbands_y55_64,mts_details_sep,2011,66.72
mwi,sex_f,age_10yrbands_y55_64,mts_details_sep,2017,34.41
mwi,sex_f,age_10yrbands_y55_64,mts_details_sep,2020,44.8
mwi,sex_f,age_10yrbands_y55_64,mts_details_sgle,2005,81.31
mwi,sex_f,age_10yrbands_y55_64,mts_details_sgle,2011,100
mwi,sex_f,age_10yrbands_y55_64,mts_details_total,2005,86.45
mwi,sex_f,age_10yrbands_y55_64,mts_details_total,2011,72.54
mwi,sex_f,age_10yrbands_y55_64,mts_details_total,2017,32.48
mwi,sex_f,age_10yrbands_y55_64,mts_details_total,2020,41.38
mwi,sex_f,age_10yrbands_y55_64,mts_details_wid,2005,90.06
mwi,sex_f,age_10yrbands_y55_64,mts_details_wid,2011,72.07
mwi,sex_f,age_10yrbands_y55_64,mts_details_wid,2017,34.99
mwi,sex_f,age_10yrbands_y55_64,mts_details_wid,2020,44.17
mwi,sex_f,age_10yrbands_yge65,mts_aggregate_1,2005,75.9
mwi,sex_f,age_10yrbands_yge65,mts_aggregate_1,2011,56.62
mwi,sex_f,age_10yrbands_yge65,mts_aggregate_1,2017,20.3
mwi,sex_f,age_10yrbands_yge65,mts_aggregate_1,2020,20.27
mwi,sex_f,age_10yrbands_yge65,mts_aggregate_2,2005,83.35
mwi,sex_f,age_10yrbands_yge65,mts_aggregate_2,2011,68.38
mwi,sex_f,age_10yrbands_yge65,mts_aggregate_2,2017,23.81
mwi,sex_f,age_10yrbands_yge65,mts_aggregate_2,2020,23.47
mwi,sex_f,age_10yrbands_yge65,mts_aggregate_total,2005,76.77
mwi,sex_f,age_10yrbands_yge65,mts_aggregate_total,2011,59.91
mwi,sex_f,age_10yrbands_yge65,mts_aggregate_total,2017,21.37
mwi,sex_f,age_10yrbands_yge65,mts_aggregate_total,2020,21.19
mwi,sex_f,age_10yrbands_yge65,mts_details_mrd,2005,83.35
mwi,sex_f,age_10yrbands_yge65,mts_details_mrd,2011,68.38
mwi,sex_f,age_10yrbands_yge65,mts_details_mrd,2017,23.81
mwi,sex_f,age_10yrbands_yge65,mts_details_mrd,2020,23.47
mwi,sex_f,age_10yrbands_yge65,mts_details_sep,2005,90.13
mwi,sex_f,age_10yrbands_yge65,mts_details_sep,2011,73.21
mwi,sex_f,age_10yrbands_yge65,mts_details_sep,2017,18.32
mwi,sex_f,age_10yrbands_yge65,mts_details_sep,2020,28.9
mwi,sex_f,age_10yrbands_yge65,mts_details_sgle,2005,45.29
mwi,sex_f,age_10yrbands_yge65,mts_details_sgle,2011,62.79
mwi,sex_f,age_10yrbands_yge65,mts_details_sgle,2020,32.42
mwi,sex_f,age_10yrbands_yge65,mts_details_total,2005,76.77
mwi,sex_f,age_10yrbands_yge65,mts_details_total,2011,59.91
mwi,sex_f,age_10yrbands_yge65,mts_details_total,2017,21.37
mwi,sex_f,age_10yrbands_yge65,mts_details_total,2020,21.19
mwi,sex_f,age_10yrbands_yge65,mts_details_wid,2005,73.8
mwi,sex_f,age_10yrbands_yge65,mts_details_wid,2011,53.86
mwi,sex_f,age_10yrbands_yge65,mts_details_wid,2017,20.58
mwi,sex_f,age_10yrbands_yge65,mts_details_wid,2020,18.51
mwi,sex_f,age_aggregate_total,mts_aggregate_1,2005,74.68
mwi,sex_f,age_aggregate_total,mts_aggregate_1,2011,60.81
mwi,sex_f,age_aggregate_total,mts_aggregate_1,2017,34.28
mwi,sex_f,age_aggregate_total,mts_aggregate_1,2020,37.62
mwi,sex_f,age_aggregate_total,mts_aggregate_2,2005,82.2
mwi,sex_f,age_aggregate_total,mts_aggregate_2,2011,72
mwi,sex_f,age_aggregate_total,mts_aggregate_2,2017,41.45
mwi,sex_f,age_aggregate_total,mts_aggregate_2,2020,43.15
mwi,sex_f,age_aggregate_total,mts_aggregate_total,2005,77.49
mwi,sex_f,age_aggregate_total,mts_aggregate_total,2011,67.52
mwi,sex_f,age_aggregate_total,mts_aggregate_total,2017,38.32
mwi,sex_f,age_aggregate_total,mts_aggregate_total,2020,40.63
mwi,sex_f,age_aggregate_total,mts_aggregate_x,2005,4.1
mwi,sex_f,age_aggregate_total,mts_aggregate_x,2011,90.77
mwi,sex_f,age_aggregate_total,mts_details_mrd,2005,82.2
mwi,sex_f,age_aggregate_total,mts_details_mrd,2011,72
mwi,sex_f,age_aggregate_total,mts_details_mrd,2017,41.45
mwi,sex_f,age_aggregate_total,mts_details_mrd,2020,43.15
mwi,sex_f,age_aggregate_total,mts_details_sep,2005,90.67
mwi,sex_f,age_aggregate_total,mts_details_sep,2011,79.85
mwi,sex_f,age_aggregate_total,mts_details_sep,2017,53.1
mwi,sex_f,age_aggregate_total,mts_details_sep,2020,56.63
mwi,sex_f,age_aggregate_total,mts_details_sgle,2005,58.73
mwi,sex_f,age_aggregate_total,mts_details_sgle,2011,46.76
mwi,sex_f,age_aggregate_total,mts_details_sgle,2017,23.69
mwi,sex_f,age_aggregate_total,mts_details_sgle,2020,27.17
mwi,sex_f,age_aggregate_total,mts_details_total,2005,77.49
mwi,sex_f,age_aggregate_total,mts_details_total,2011,67.52
mwi,sex_f,age_aggregate_total,mts_details_total,2017,38.32
mwi,sex_f,age_aggregate_total,mts_details_total,2020,40.63
mwi,sex_f,age_aggregate_total,mts_details_wid,2005,83.44
mwi,sex_f,age_aggregate_total,mts_details_wid,2011,68.3
mwi,sex_f,age_aggregate_total,mts_details_wid,2017,35.84
mwi,sex_f,age_aggregate_total,mts_details_wid,2020,35.98
mwi,sex_f,age_aggregate_total,mts_details_x,2005,4.1
mwi,sex_f,age_aggregate_total,mts_details_x,2011,90.77
mwi,sex_f,age_aggregate_y15_24,mts_aggregate_1,2005,62.32
mwi,sex_f,age_aggregate_y15_24,mts_aggregate_1,2011,48.73
mwi,sex_f,age_aggregate_y15_24,mts_aggregate_1,2017,23.85
mwi,sex_f,age_aggregate_y15_24,mts_aggregate_1,2020,28.83
mwi,sex_f,age_aggregate_y15_24,mts_aggregate_2,2005,76.86
mwi,sex_f,age_aggregate_y15_24,mts_aggregate_2,2011,67.16
mwi,sex_f,age_aggregate_y15_24,mts_aggregate_2,2017,35.82
mwi,sex_f,age_aggregate_y15_24,mts_aggregate_2,2020,37.1
mwi,sex_f,age_aggregate_y15_24,mts_aggregate_total,2005,66.85
mwi,sex_f,age_aggregate_y15_24,mts_aggregate_total,2011,56.87
mwi,sex_f,age_aggregate_y15_24,mts_aggregate_total,2017,28.26
mwi,sex_f,age_aggregate_y15_24,mts_aggregate_total,2020,31.63
mwi,sex_f,age_aggregate_y15_24,mts_aggregate_x,2005,4.72
mwi,sex_f,age_aggregate_y15_24,mts_details_mrd,2005,76.86
mwi,sex_f,age_aggregate_y15_24,mts_details_mrd,2011,67.16
mwi,sex_f,age_aggregate_y15_24,mts_details_mrd,2017,35.82
mwi,sex_f,age_aggregate_y15_24,mts_details_mrd,2020,37.1
mwi,sex_f,age_aggregate_y15_24,mts_details_sep,2005,88.27
mwi,sex_f,age_aggregate_y15_24,mts_details_sep,2011,73.19
mwi,sex_f,age_aggregate_y15_24,mts_details_sep,2017,43.75
mwi,sex_f,age_aggregate_y15_24,mts_details_sep,2020,49.78
mwi,sex_f,age_aggregate_y15_24,mts_details_sgle,2005,58.05
mwi,sex_f,age_aggregate_y15_24,mts_details_sgle,2011,45.77
mwi,sex_f,age_aggregate_y15_24,mts_details_sgle,2017,21.76
mwi,sex_f,age_aggregate_y15_24,mts_details_sgle,2020,25.92
mwi,sex_f,age_aggregate_y15_24,mts_details_total,2005,66.85
mwi,sex_f,age_aggregate_y15_24,mts_details_total,2011,56.87
mwi,sex_f,age_aggregate_y15_24,mts_details_total,2017,28.26
mwi,sex_f,age_aggregate_y15_24,mts_details_total,2020,31.63
mwi,sex_f,age_aggregate_y15_24,mts_details_wid,2005,82.09
mwi,sex_f,age_aggregate_y15_24,mts_details_wid,2011,85.4
mwi,sex_f,age_aggregate_y15_24,mts_details_wid,2017,46.27
mwi,sex_f,age_aggregate_y15_24,mts_details_wid,2020,66.88
mwi,sex_f,age_aggregate_y15_24,mts_details_x,2005,4.72
mwi,sex_f,age_aggregate_y25_54,mts_aggregate_1,2005,89.8
mwi,sex_f,age_aggregate_y25_54,mts_aggregate_1,2011,80.28
mwi,sex_f,age_aggregate_y25_54,mts_aggregate_1,2017,57.54
mwi,sex_f,age_aggregate_y25_54,mts_aggregate_1,2020,59.26
mwi,sex_f,age_aggregate_y25_54,mts_aggregate_2,2005,84.55
mwi,sex_f,age_aggregate_y25_54,mts_aggregate_2,2011,73.97
mwi,sex_f,age_aggregate_y25_54,mts_aggregate_2,2017,45.58
mwi,sex_f,age_aggregate_y25_54,mts_aggregate_2,2020,46.76
mwi,sex_f,age_aggregate_y25_54,mts_aggregate_total,2005,84.69
mwi,sex_f,age_aggregate_y25_54,mts_aggregate_total,2011,75.45
mwi,sex_f,age_aggregate_y25_54,mts_aggregate_total,2017,48.7
mwi,sex_f,age_aggregate_y25_54,mts_aggregate_total,2020,50.11
mwi,sex_f,age_aggregate_y25_54,mts_aggregate_x,2005,3.66
mwi,sex_f,age_aggregate_y25_54,mts_details_mrd,2005,84.55
mwi,sex_f,age_aggregate_y25_54,mts_details_mrd,2011,73.97
mwi,sex_f,age_aggregate_y25_54,mts_details_mrd,2017,45.58
mwi,sex_f,age_aggregate_y25_54,mts_details_mrd,2020,46.76
mwi,sex_f,age_aggregate_y25_54,mts_details_sep,2005,91.83
mwi,sex_f,age_aggregate_y25_54,mts_details_sep,2011,83.72
mwi,sex_f,age_aggregate_y25_54,mts_details_sep,2017,59.43
mwi,sex_f,age_aggregate_y25_54,mts_details_sep,2020,62.57
mwi,sex_f,age_aggregate_y25_54,mts_details_sgle,2005,71.43
mwi,sex_f,age_aggregate_y25_54,mts_details_sgle,2011,56.6
mwi,sex_f,age_aggregate_y25_54,mts_details_sgle,2017,47.85
mwi,sex_f,age_aggregate_y25_54,mts_details_sgle,2020,44.99
mwi,sex_f,age_aggregate_y25_54,mts_details_total,2005,84.69
mwi,sex_f,age_aggregate_y25_54,mts_details_total,2011,75.45
mwi,sex_f,age_aggregate_y25_54,mts_details_total,2017,48.7
mwi,sex_f,age_aggregate_y25_54,mts_details_total,2020,50.11
mwi,sex_f,age_aggregate_y25_54,mts_details_wid,2005,90.49
mwi,sex_f,age_aggregate_y25_54,mts_details_wid,2011,83.38
mwi,sex_f,age_aggregate_y25_54,mts_details_wid,2017,57.5
mwi,sex_f,age_aggregate_y25_54,mts_details_wid,2020,56.8
mwi,sex_f,age_aggregate_y25_54,mts_details_x,2005,3.66
mwi,sex_f,age_aggregate_y55_64,mts_aggregate_1,2005,89.89
mwi,sex_f,age_aggregate_y55_64,mts_aggregate_1,2011,71.17
mwi,sex_f,age_aggregate_y55_64,mts_aggregate_1,2017,35.28
mwi,sex_f,age_aggregate_y55_64,mts_aggregate_1,2020,43.83
mwi,sex_f,age_aggregate_y55_64,mts_aggregate_2,2005,84.83
mwi,sex_f,age_aggregate_y55_64,mts_aggregate_2,2011,73.73
mwi,sex_f,age_aggregate_y55_64,mts_aggregate_2,2017,30.28
mwi,sex_f,age_aggregate_y55_64,mts_aggregate_2,2020,39.34
mwi,sex_f,age_aggregate_y55_64,mts_aggregate_total,2005,86.45
mwi,sex_f,age_aggregate_y55_64,mts_aggregate_total,2011,72.54
mwi,sex_f,age_aggregate_y55_64,mts_aggregate_total,2017,32.48
mwi,sex_f,age_aggregate_y55_64,mts_aggregate_total,2020,41.38
mwi,sex_f,age_aggregate_y55_64,mts_details_mrd,2005,84.83
mwi,sex_f,age_aggregate_y55_64,mts_details_mrd,2011,73.73
mwi,sex_f,age_aggregate_y55_64,mts_details_mrd,2017,30.28
mwi,sex_f,age_aggregate_y55_64,mts_details_mrd,2020,39.34
mwi,sex_f,age_aggregate_y55_64,mts_details_sep,2005,89.73
mwi,sex_f,age_aggregate_y55_64,mts_details_sep,2011,66.72
mwi,sex_f,age_aggregate_y55_64,mts_details_sep,2017,34.41
mwi,sex_f,age_aggregate_y55_64,mts_details_sep,2020,44.8
mwi,sex_f,age_aggregate_y55_64,mts_details_sgle,2005,81.31
mwi,sex_f,age_aggregate_y55_64,mts_details_sgle,2011,100
mwi,sex_f,age_aggregate_y55_64,mts_details_total,2005,86.45
mwi,sex_f,age_aggregate_y55_64,mts_details_total,2011,72.54
mwi,sex_f,age_aggregate_y55_64,mts_details_total,2017,32.48
mwi,sex_f,age_aggregate_y55_64,mts_details_total,2020,41.38
mwi,sex_f,age_aggregate_y55_64,mts_details_wid,2005,90.06
mwi,sex_f,age_aggregate_y55_64,mts_details_wid,2011,72.07
mwi,sex_f,age_aggregate_y55_64,mts_details_wid,2017,34.99
mwi,sex_f,age_aggregate_y55_64,mts_details_wid,2020,44.17
mwi,sex_f,age_aggregate_yge65,mts_aggregate_1,2005,75.9
mwi,sex_f,age_aggregate_yge65,mts_aggregate_1,2011,56.62
mwi,sex_f,age_aggregate_yge65,mts_aggregate_1,2017,20.3
mwi,sex_f,age_aggregate_yge65,mts_aggregate_1,2020,20.27
mwi,sex_f,age_aggregate_yge65,mts_aggregate_2,2005,83.35
mwi,sex_f,age_aggregate_yge65,mts_aggregate_2,2011,68.38
mwi,sex_f,age_aggregate_yge65,mts_aggregate_2,2017,23.81
mwi,sex_f,age_aggregate_yge65,mts_aggregate_2,2020,23.47
mwi,sex_f,age_aggregate_yge65,mts_aggregate_total,2005,76.77
mwi,sex_f,age_aggregate_yge65,mts_aggregate_total,2011,59.91
mwi,sex_f,age_aggregate_yge65,mts_aggregate_total,2017,21.37
mwi,sex_f,age_aggregate_yge65,mts_aggregate_total,2020,21.19
mwi,sex_f,age_aggregate_yge65,mts_details_mrd,2005,83.35
mwi,sex_f,age_aggregate_yge65,mts_details_mrd,2011,68.38
mwi,sex_f,age_aggregate_yge65,mts_details_mrd,2017,23.81
mwi,sex_f,age_aggregate_yge65,mts_details_mrd,2020,23.47
mwi,sex_f,age_aggregate_yge65,mts_details_sep,2005,90.13
mwi,sex_f,age_aggregate_yge65,mts_details_sep,2011,73.21
mwi,sex_f,age_aggregate_yge65,mts_details_sep,2017,18.32
mwi,sex_f,age_aggregate_yge65,mts_details_sep,2020,28.9
mwi,sex_f,age_aggregate_yge65,mts_details_sgle,2005,45.29
mwi,sex_f,age_aggregate_yge65,mts_details_sgle,2011,62.79
mwi,sex_f,age_aggregate_yge65,mts_details_sgle,2020,32.42
mwi,sex_f,age_aggregate_yge65,mts_details_total,2005,76.77
mwi,sex_f,age_aggregate_yge65,mts_details_total,2011,59.91
mwi,sex_f,age_aggregate_yge65,mts_details_total,2017,21.37
mwi,sex_f,age_aggregate_yge65,mts_details_total,2020,21.19
mwi,sex_f,age_aggregate_yge65,mts_details_wid,2005,73.8
mwi,sex_f,age_aggregate_yge65,mts_details_wid,2011,53.86
mwi,sex_f,age_aggregate_yge65,mts_details_wid,2017,20.58
mwi,sex_f,age_aggregate_yge65,mts_details_wid,2020,18.51
mwi,sex_f,age_ythadult_y15_24,mts_aggregate_1,2005,62.32
mwi,sex_f,age_ythadult_y15_24,mts_aggregate_1,2011,48.73
mwi,sex_f,age_ythadult_y15_24,mts_aggregate_1,2017,23.85
mwi,sex_f,age_ythadult_y15_24,mts_aggregate_1,2020,28.83
mwi,sex_f,age_ythadult_y15_24,mts_aggregate_2,2005,76.86
mwi,sex_f,age_ythadult_y15_24,mts_aggregate_2,2011,67.16
mwi,sex_f,age_ythadult_y15_24,mts_aggregate_2,2017,35.82
mwi,sex_f,age_ythadult_y15_24,mts_aggregate_2,2020,37.1
mwi,sex_f,age_ythadult_y15_24,mts_aggregate_total,2005,66.85
mwi,sex_f,age_ythadult_y15_24,mts_aggregate_total,2011,56.87
mwi,sex_f,age_ythadult_y15_24,mts_aggregate_total,2017,28.26
mwi,sex_f,age_ythadult_y15_24,mts_aggregate_total,2020,31.63
mwi,sex_f,age_ythadult_y15_24,mts_aggregate_x,2005,4.72
mwi,sex_f,age_ythadult_y15_24,mts_details_mrd,2005,76.86
mwi,sex_f,age_ythadult_y15_24,mts_details_mrd,2011,67.16
mwi,sex_f,age_ythadult_y15_24,mts_details_mrd,2017,35.82
mwi,sex_f,age_ythadult_y15_24,mts_details_mrd,2020,37.1
mwi,sex_f,age_ythadult_y15_24,mts_details_sep,2005,88.27
mwi,sex_f,age_ythadult_y15_24,mts_details_sep,2011,73.19
mwi,sex_f,age_ythadult_y15_24,mts_details_sep,2017,43.75
mwi,sex_f,age_ythadult_y15_24,mts_details_sep,2020,49.78
mwi,sex_f,age_ythadult_y15_24,mts_details_sgle,2005,58.05
mwi,sex_f,age_ythadult_y15_24,mts_details_sgle,2011,45.77
mwi,sex_f,age_ythadult_y15_24,mts_details_sgle,2017,21.76
mwi,sex_f,age_ythadult_y15_24,mts_details_sgle,2020,25.92
mwi,sex_f,age_ythadult_y15_24,mts_details_total,2005,66.85
mwi,sex_f,age_ythadult_y15_24,mts_details_total,2011,56.87
mwi,sex_f,age_ythadult_y15_24,mts_details_total,2017,28.26
mwi,sex_f,age_ythadult_y15_24,mts_details_total,2020,31.63
mwi,sex_f,age_ythadult_y15_24,mts_details_wid,2005,82.09
mwi,sex_f,age_ythadult_y15_24,mts_details_wid,2011,85.4
mwi,sex_f,age_ythadult_y15_24,mts_details_wid,2017,46.27
mwi,sex_f,age_ythadult_y15_24,mts_details_wid,2020,66.88
mwi,sex_f,age_ythadult_y15_24,mts_details_x,2005,4.72
mwi,sex_f,age_ythadult_y15_64,mts_aggregate_1,2005,74.48
mwi,sex_f,age_ythadult_y15_64,mts_aggregate_1,2011,61.47
mwi,sex_f,age_ythadult_y15_64,mts_aggregate_1,2017,36.42
mwi,sex_f,age_ythadult_y15_64,mts_aggregate_1,2020,40.23
mwi,sex_f,age_ythadult_y15_64,mts_aggregate_2,2005,82.16
mwi,sex_f,age_ythadult_y15_64,mts_aggregate_2,2011,72.13
mwi,sex_f,age_ythadult_y15_64,mts_aggregate_2,2017,42.29
mwi,sex_f,age_ythadult_y15_64,mts_aggregate_2,2020,44.05
mwi,sex_f,age_ythadult_y15_64,mts_aggregate_total,2005,77.54
mwi,sex_f,age_ythadult_y15_64,mts_aggregate_total,2011,68.14
mwi,sex_f,age_ythadult_y15_64,mts_aggregate_total,2017,39.86
mwi,sex_f,age_ythadult_y15_64,mts_aggregate_total,2020,42.4
mwi,sex_f,age_ythadult_y15_64,mts_details_mrd,2005,82.16
mwi,sex_f,age_ythadult_y15_64,mts_details_mrd,2011,72.13
mwi,sex_f,age_ythadult_y15_64,mts_details_mrd,2017,42.29
mwi,sex_f,age_ythadult_y15_64,mts_details_mrd,2020,44.05
mwi,sex_f,age_ythadult_y15_64,mts_details_sep,2005,90.71
mwi,sex_f,age_ythadult_y15_64,mts_details_sep,2011,80.38
mwi,sex_f,age_ythadult_y15_64,mts_details_sep,2017,54.91
mwi,sex_f,age_ythadult_y15_64,mts_details_sep,2020,58.45
mwi,sex_f,age_ythadult_y15_64,mts_details_sgle,2005,58.76
mwi,sex_f,age_ythadult_y15_64,mts_details_sgle,2011,46.69
mwi,sex_f,age_ythadult_y15_64,mts_details_sgle,2017,23.71
mwi,sex_f,age_ythadult_y15_64,mts_details_sgle,2020,27.14
mwi,sex_f,age_ythadult_y15_64,mts_details_total,2005,77.54
mwi,sex_f,age_ythadult_y15_64,mts_details_total,2011,68.14
mwi,sex_f,age_ythadult_y15_64,mts_details_total,2017,39.86
mwi,sex_f,age_ythadult_y15_64,mts_details_total,2020,42.4
mwi,sex_f,age_ythadult_y15_64,mts_details_wid,2005,90.02
mwi,sex_f,age_ythadult_y15_64,mts_details_wid,2011,79.17
mwi,sex_f,age_ythadult_y15_64,mts_details_wid,2017,49.71
mwi,sex_f,age_ythadult_y15_64,mts_details_wid,2020,52.33
mwi,sex_f,age_ythadult_yge15,mts_aggregate_1,2005,74.68
mwi,sex_f,age_ythadult_yge15,mts_aggregate_1,2011,60.81
mwi,sex_f,age_ythadult_yge15,mts_aggregate_1,2017,34.28
mwi,sex_f,age_ythadult_yge15,mts_aggregate_1,2020,37.62
mwi,sex_f,age_ythadult_yge15,mts_aggregate_2,2005,82.2
mwi,sex_f,age_ythadult_yge15,mts_aggregate_2,2011,72
mwi,sex_f,age_ythadult_yge15,mts_aggregate_2,2017,41.45
mwi,sex_f,age_ythadult_yge15,mts_aggregate_2,2020,43.15
mwi,sex_f,age_ythadult_yge15,mts_aggregate_total,2005,77.49
mwi,sex_f,age_ythadult_yge15,mts_aggregate_total,2011,67.52
mwi,sex_f,age_ythadult_yge15,mts_aggregate_total,2017,38.32
mwi,sex_f,age_ythadult_yge15,mts_aggregate_total,2020,40.63
mwi,sex_f,age_ythadult_yge15,mts_aggregate_x,2005,4.1
mwi,sex_f,age_ythadult_yge15,mts_aggregate_x,2011,90.77
mwi,sex_f,age_ythadult_yge15,mts_details_mrd,2005,82.2
mwi,sex_f,age_ythadult_yge15,mts_details_mrd,2011,72
mwi,sex_f,age_ythadult_yge15,mts_details_mrd,2017,41.45
mwi,sex_f,age_ythadult_yge15,mts_details_mrd,2020,43.15
mwi,sex_f,age_ythadult_yge15,mts_details_sep,2005,90.67
mwi,sex_f,age_ythadult_yge15,mts_details_sep,2011,79.85
mwi,sex_f,age_ythadult_yge15,mts_details_sep,2017,53.1
mwi,sex_f,age_ythadult_yge15,mts_details_sep,2020,56.63
mwi,sex_f,age_ythadult_yge15,mts_details_sgle,2005,58.73
mwi,sex_f,age_ythadult_yge15,mts_details_sgle,2011,46.76
mwi,sex_f,age_ythadult_yge15,mts_details_sgle,2017,23.69
mwi,sex_f,age_ythadult_yge15,mts_details_sgle,2020,27.17
mwi,sex_f,age_ythadult_yge15,mts_details_total,2005,77.49
mwi,sex_f,age_ythadult_yge15,mts_details_total,2011,67.52
mwi,sex_f,age_ythadult_yge15,mts_details_total,2017,38.32
mwi,sex_f,age_ythadult_yge15,mts_details_total,2020,40.63
mwi,sex_f,age_ythadult_yge15,mts_details_wid,2005,83.44
mwi,sex_f,age_ythadult_yge15,mts_details_wid,2011,68.3
mwi,sex_f,age_ythadult_yge15,mts_details_wid,2017,35.84
mwi,sex_f,age_ythadult_yge15,mts_details_wid,2020,35.98
mwi,sex_f,age_ythadult_yge15,mts_details_x,2005,4.1
mwi,sex_f,age_ythadult_yge15,mts_details_x,2011,90.77
mwi,sex_f,age_ythadult_yge25,mts_aggregate_1,2005,86.12
mwi,sex_f,age_ythadult_yge25,mts_aggregate_1,2011,72.57
mwi,sex_f,age_ythadult_yge25,mts_aggregate_1,2017,44.87
mwi,sex_f,age_ythadult_yge25,mts_aggregate_1,2020,46.83
mwi,sex_f,age_ythadult_yge25,mts_aggregate_2,2005,84.52
mwi,sex_f,age_ythadult_yge25,mts_aggregate_2,2011,73.69
mwi,sex_f,age_ythadult_yge25,mts_aggregate_2,2017,43.11
mwi,sex_f,age_ythadult_yge25,mts_aggregate_2,2020,44.84
mwi,sex_f,age_ythadult_yge25,mts_aggregate_total,2005,83.97
mwi,sex_f,age_ythadult_yge25,mts_aggregate_total,2011,73.34
mwi,sex_f,age_ythadult_yge25,mts_aggregate_total,2017,43.7
mwi,sex_f,age_ythadult_yge25,mts_aggregate_total,2020,45.53
mwi,sex_f,age_ythadult_yge25,mts_aggregate_x,2005,2.88
mwi,sex_f,age_ythadult_yge25,mts_details_mrd,2005,84.52
mwi,sex_f,age_ythadult_yge25,mts_details_mrd,2011,73.69
mwi,sex_f,age_ythadult_yge25,mts_details_mrd,2017,43.11
mwi,sex_f,age_ythadult_yge25,mts_details_mrd,2020,44.84
mwi,sex_f,age_ythadult_yge25,mts_details_sep,2005,91.37
mwi,sex_f,age_ythadult_yge25,mts_details_sep,2011,81.33
mwi,sex_f,age_ythadult_yge25,mts_details_sep,2017,55.12
mwi,sex_f,age_ythadult_yge25,mts_details_sep,2020,58.42
mwi,sex_f,age_ythadult_yge25,mts_details_sgle,2005,70.62
mwi,sex_f,age_ythadult_yge25,mts_details_sgle,2011,57.91
mwi,sex_f,age_ythadult_yge25,mts_details_sgle,2017,47.44
mwi,sex_f,age_ythadult_yge25,mts_details_sgle,2020,42.83
mwi,sex_f,age_ythadult_yge25,mts_details_total,2005,83.97
mwi,sex_f,age_ythadult_yge25,mts_details_total,2011,73.34
mwi,sex_f,age_ythadult_yge25,mts_details_total,2017,43.7
mwi,sex_f,age_ythadult_yge25,mts_details_total,2020,45.53
mwi,sex_f,age_ythadult_yge25,mts_details_wid,2005,83.47
mwi,sex_f,age_ythadult_yge25,mts_details_wid,2011,67.95
mwi,sex_f,age_ythadult_yge25,mts_details_wid,2017,35.75
mwi,sex_f,age_ythadult_yge25,mts_details_wid,2020,35.75
mwi,sex_f,age_ythadult_yge25,mts_details_x,2005,2.88
mwi,sex_m,age_10yrbands_total,mts_aggregate_1,2005,71.05
mwi,sex_m,age_10yrbands_total,mts_aggregate_1,2011,58.44
mwi,sex_m,age_10yrbands_total,mts_aggregate_1,2017,36.63
mwi,sex_m,age_10yrbands_total,mts_aggregate_1,2020,41.43
mwi,sex_m,age_10yrbands_total,mts_aggregate_2,2005,94.2
mwi,sex_m,age_10yrbands_total,mts_aggregate_2,2011,87.82
mwi,sex_m,age_10yrbands_total,mts_aggregate_2,2017,64.94
mwi,sex_m,age_10yrbands_total,mts_aggregate_2,2020,67.13
mwi,sex_m,age_10yrbands_total,mts_aggregate_total,2005,82.71
mwi,sex_m,age_10yrbands_total,mts_aggregate_total,2011,77.06
mwi,sex_m,age_10yrbands_total,mts_aggregate_total,2017,53.99
mwi,sex_m,age_10yrbands_total,mts_aggregate_total,2020,56.33
mwi,sex_m,age_10yrbands_total,mts_aggregate_x,2005,5.21
mwi,sex_m,age_10yrbands_total,mts_aggregate_x,2011,55.47
mwi,sex_m,age_10yrbands_total,mts_details_mrd,2005,94.2
mwi,sex_m,age_10yrbands_total,mts_details_mrd,2011,87.82
mwi,sex_m,age_10yrbands_total,mts_details_mrd,2017,64.94
mwi,sex_m,age_10yrbands_total,mts_details_mrd,2020,67.13
mwi,sex_m,age_10yrbands_total,mts_details_sep,2005,92.22
mwi,sex_m,age_10yrbands_total,mts_details_sep,2011,82.34
mwi,sex_m,age_10yrbands_total,mts_details_sep,2017,62.32
mwi,sex_m,age_10yrbands_total,mts_details_sep,2020,65.87
mwi,sex_m,age_10yrbands_total,mts_details_sgle,2005,68.68
mwi,sex_m,age_10yrbands_total,mts_details_sgle,2011,55.78
mwi,sex_m,age_10yrbands_total,mts_details_sgle,2017,33.82
mwi,sex_m,age_10yrbands_total,mts_details_sgle,2020,38.8
mwi,sex_m,age_10yrbands_total,mts_details_total,2005,82.71
mwi,sex_m,age_10yrbands_total,mts_details_total,2011,77.06
mwi,sex_m,age_10yrbands_total,mts_details_total,2017,53.99
mwi,sex_m,age_10yrbands_total,mts_details_total,2020,56.33
mwi,sex_m,age_10yrbands_total,mts_details_wid,2005,82.46
mwi,sex_m,age_10yrbands_total,mts_details_wid,2011,73.16
mwi,sex_m,age_10yrbands_total,mts_details_wid,2017,46.78
mwi,sex_m,age_10yrbands_total,mts_details_wid,2020,44.32
mwi,sex_m,age_10yrbands_total,mts_details_x,2005,5.21
mwi,sex_m,age_10yrbands_total,mts_details_x,2011,55.47
mwi,sex_m,age_10yrbands_y15_24,mts_aggregate_1,2005,67.79
mwi,sex_m,age_10yrbands_y15_24,mts_aggregate_1,2011,54.04
mwi,sex_m,age_10yrbands_y15_24,mts_aggregate_1,2017,31.6
mwi,sex_m,age_10yrbands_y15_24,mts_aggregate_1,2020,37.13
mwi,sex_m,age_10yrbands_y15_24,mts_aggregate_2,2005,94.97
mwi,sex_m,age_10yrbands_y15_24,mts_aggregate_2,2011,87.62
mwi,sex_m,age_10yrbands_y15_24,mts_aggregate_2,2017,69.41
mwi,sex_m,age_10yrbands_y15_24,mts_aggregate_2,2020,73.76
mwi,sex_m,age_10yrbands_y15_24,mts_aggregate_total,2005,68.41
mwi,sex_m,age_10yrbands_y15_24,mts_aggregate_total,2011,59.98
mwi,sex_m,age_10yrbands_y15_24,mts_aggregate_total,2017,37.61
mwi,sex_m,age_10yrbands_y15_24,mts_aggregate_total,2020,42.12
mwi,sex_m,age_10yrbands_y15_24,mts_aggregate_x,2005,6.8
mwi,sex_m,age_10yrbands_y15_24,mts_aggregate_x,2011,43.35
mwi,sex_m,age_10yrbands_y15_24,mts_details_mrd,2005,94.97
mwi,sex_m,age_10yrbands_y15_24,mts_details_mrd,2011,87.62
mwi,sex_m,age_10yrbands_y15_24,mts_details_mrd,2017,69.41
mwi,sex_m,age_10yrbands_y15_24,mts_details_mrd,2020,73.76
mwi,sex_m,age_10yrbands_y15_24,mts_details_sep,2005,83.48
mwi,sex_m,age_10yrbands_y15_24,mts_details_sep,2011,85.47
mwi,sex_m,age_10yrbands_y15_24,mts_details_sep,2017,62.79
mwi,sex_m,age_10yrbands_y15_24,mts_details_sep,2020,58.99
mwi,sex_m,age_10yrbands_y15_24,mts_details_sgle,2005,67.64
mwi,sex_m,age_10yrbands_y15_24,mts_details_sgle,2011,53.75
mwi,sex_m,age_10yrbands_y15_24,mts_details_sgle,2017,31.14
mwi,sex_m,age_10yrbands_y15_24,mts_details_sgle,2020,36.77
mwi,sex_m,age_10yrbands_y15_24,mts_details_total,2005,68.41
mwi,sex_m,age_10yrbands_y15_24,mts_details_total,2011,59.98
mwi,sex_m,age_10yrbands_y15_24,mts_details_total,2017,37.61
mwi,sex_m,age_10yrbands_y15_24,mts_details_total,2020,42.12
mwi,sex_m,age_10yrbands_y15_24,mts_details_wid,2005,56.41
mwi,sex_m,age_10yrbands_y15_24,mts_details_wid,2011,56.01
mwi,sex_m,age_10yrbands_y15_24,mts_details_wid,2017,54.4
mwi,sex_m,age_10yrbands_y15_24,mts_details_x,2005,6.8
mwi,sex_m,age_10yrbands_y15_24,mts_details_x,2011,43.35
mwi,sex_m,age_10yrbands_y25_34,mts_aggregate_1,2005,81.02
mwi,sex_m,age_10yrbands_y25_34,mts_aggregate_1,2011,71.41
mwi,sex_m,age_10yrbands_y25_34,mts_aggregate_1,2017,56.43
mwi,sex_m,age_10yrbands_y25_34,mts_aggregate_1,2020,58
mwi,sex_m,age_10yrbands_y25_34,mts_aggregate_2,2005,95.13
mwi,sex_m,age_10yrbands_y25_34,mts_aggregate_2,2011,89.59
mwi,sex_m,age_10yrbands_y25_34,mts_aggregate_2,2017,71.51
mwi,sex_m,age_10yrbands_y25_34,mts_aggregate_2,2020,74.2
mwi,sex_m,age_10yrbands_y25_34,mts_aggregate_total,2005,89.81
mwi,sex_m,age_10yrbands_y25_34,mts_aggregate_total,2011,86.1
mwi,sex_m,age_10yrbands_y25_34,mts_aggregate_total,2017,68.61
mwi,sex_m,age_10yrbands_y25_34,mts_aggregate_total,2020,70.55
mwi,sex_m,age_10yrbands_y25_34,mts_aggregate_x,2005,1.71
mwi,sex_m,age_10yrbands_y25_34,mts_details_mrd,2005,95.13
mwi,sex_m,age_10yrbands_y25_34,mts_details_mrd,2011,89.59
mwi,sex_m,age_10yrbands_y25_34,mts_details_mrd,2017,71.51
mwi,sex_m,age_10yrbands_y25_34,mts_details_mrd,2020,74.2
mwi,sex_m,age_10yrbands_y25_34,mts_details_sep,2005,94.91
mwi,sex_m,age_10yrbands_y25_34,mts_details_sep,2011,79.68
mwi,sex_m,age_10yrbands_y25_34,mts_details_sep,2017,62.52
mwi,sex_m,age_10yrbands_y25_34,mts_details_sep,2020,70.28
mwi,sex_m,age_10yrbands_y25_34,mts_details_sgle,2005,76.16
mwi,sex_m,age_10yrbands_y25_34,mts_details_sgle,2011,69.06
mwi,sex_m,age_10yrbands_y25_34,mts_details_sgle,2017,55.13
mwi,sex_m,age_10yrbands_y25_34,mts_details_sgle,2020,53.53
mwi,sex_m,age_10yrbands_y25_34,mts_details_total,2005,89.81
mwi,sex_m,age_10yrbands_y25_34,mts_details_total,2011,86.1
mwi,sex_m,age_10yrbands_y25_34,mts_details_total,2017,68.61
mwi,sex_m,age_10yrbands_y25_34,mts_details_total,2020,70.55
mwi,sex_m,age_10yrbands_y25_34,mts_details_wid,2005,100
mwi,sex_m,age_10yrbands_y25_34,mts_details_wid,2011,85.57
mwi,sex_m,age_10yrbands_y25_34,mts_details_wid,2020,83.59
mwi,sex_m,age_10yrbands_y25_34,mts_details_x,2005,1.71
mwi,sex_m,age_10yrbands_y35_44,mts_aggregate_1,2005,86.94
mwi,sex_m,age_10yrbands_y35_44,mts_aggregate_1,2011,80.98
mwi,sex_m,age_10yrbands_y35_44,mts_aggregate_1,2017,63.06
mwi,sex_m,age_10yrbands_y35_44,mts_aggregate_1,2020,64.63
mwi,sex_m,age_10yrbands_y35_44,mts_aggregate_2,2005,95.33
mwi,sex_m,age_10yrbands_y35_44,mts_aggregate_2,2011,88.2
mwi,sex_m,age_10yrbands_y35_44,mts_aggregate_2,2017,69.64
mwi,sex_m,age_10yrbands_y35_44,mts_aggregate_2,2020,69.87
mwi,sex_m,age_10yrbands_y35_44,mts_aggregate_total,2005,93.17
mwi,sex_m,age_10yrbands_y35_44,mts_aggregate_total,2011,87.74
mwi,sex_m,age_10yrbands_y35_44,mts_aggregate_total,2017,69.12
mwi,sex_m,age_10yrbands_y35_44,mts_aggregate_total,2020,69.4
mwi,sex_m,age_10yrbands_y35_44,mts_details_mrd,2005,95.33
mwi,sex_m,age_10yrbands_y35_44,mts_details_mrd,2011,88.2
mwi,sex_m,age_10yrbands_y35_44,mts_details_mrd,2017,69.64
mwi,sex_m,age_10yrbands_y35_44,mts_details_mrd,2020,69.87
mwi,sex_m,age_10yrbands_y35_44,mts_details_sep,2005,90.23
mwi,sex_m,age_10yrbands_y35_44,mts_details_sep,2011,89.74
mwi,sex_m,age_10yrbands_y35_44,mts_details_sep,2017,71.88
mwi,sex_m,age_10yrbands_y35_44,mts_details_sep,2020,67.6
mwi,sex_m,age_10yrbands_y35_44,mts_details_sgle,2005,72.12
mwi,sex_m,age_10yrbands_y35_44,mts_details_sgle,2011,65.13
mwi,sex_m,age_10yrbands_y35_44,mts_details_sgle,2017,45.51
mwi,sex_m,age_10yrbands_y35_44,mts_details_sgle,2020,58.27
mwi,sex_m,age_10yrbands_y35_44,mts_details_total,2005,93.17
mwi,sex_m,age_10yrbands_y35_44,mts_details_total,2011,87.74
mwi,sex_m,age_10yrbands_y35_44,mts_details_total,2017,69.12
mwi,sex_m,age_10yrbands_y35_44,mts_details_total,2020,69.4
mwi,sex_m,age_10yrbands_y35_44,mts_details_wid,2005,100
mwi,sex_m,age_10yrbands_y35_44,mts_details_wid,2011,93.16
mwi,sex_m,age_10yrbands_y35_44,mts_details_wid,2017,72.28
mwi,sex_m,age_10yrbands_y35_44,mts_details_wid,2020,81.28
mwi,sex_m,age_10yrbands_y45_54,mts_aggregate_1,2005,92.93
mwi,sex_m,age_10yrbands_y45_54,mts_aggregate_1,2011,77.53
mwi,sex_m,age_10yrbands_y45_54,mts_aggregate_1,2017,54.78
mwi,sex_m,age_10yrbands_y45_54,mts_aggregate_1,2020,63.05
mwi,sex_m,age_10yrbands_y45_54,mts_aggregate_2,2005,93.38
mwi,sex_m,age_10yrbands_y45_54,mts_aggregate_2,2011,90.39
mwi,sex_m,age_10yrbands_y45_54,mts_aggregate_2,2017,64.63
mwi,sex_m,age_10yrbands_y45_54,mts_aggregate_2,2020,66.29
mwi,sex_m,age_10yrbands_y45_54,mts_aggregate_total,2005,92.39
mwi,sex_m,age_10yrbands_y45_54,mts_aggregate_total,2011,89.56
mwi,sex_m,age_10yrbands_y45_54,mts_aggregate_total,2017,63.88
mwi,sex_m,age_10yrbands_y45_54,mts_aggregate_total,2020,66.05
mwi,sex_m,age_10yrbands_y45_54,mts_aggregate_x,2005,10.94
mwi,sex_m,age_10yrbands_y45_54,mts_details_mrd,2005,93.38
mwi,sex_m,age_10yrbands_y45_54,mts_details_mrd,2011,90.39
mwi,sex_m,age_10yrbands_y45_54,mts_details_mrd,2017,64.63
mwi,sex_m,age_10yrbands_y45_54,mts_details_mrd,2020,66.29
mwi,sex_m,age_10yrbands_y45_54,mts_details_sep,2005,94.21
mwi,sex_m,age_10yrbands_y45_54,mts_details_sep,2011,78.31
mwi,sex_m,age_10yrbands_y45_54,mts_details_sep,2017,56.29
mwi,sex_m,age_10yrbands_y45_54,mts_details_sep,2020,66.87
mwi,sex_m,age_10yrbands_y45_54,mts_details_sgle,2005,92.2
mwi,sex_m,age_10yrbands_y45_54,mts_details_sgle,2011,45.37
mwi,sex_m,age_10yrbands_y45_54,mts_details_sgle,2017,66.91
mwi,sex_m,age_10yrbands_y45_54,mts_details_sgle,2020,44.55
mwi,sex_m,age_10yrbands_y45_54,mts_details_total,2005,92.39
mwi,sex_m,age_10yrbands_y45_54,mts_details_total,2011,89.56
mwi,sex_m,age_10yrbands_y45_54,mts_details_total,2017,63.88
mwi,sex_m,age_10yrbands_y45_54,mts_details_total,2020,66.05
mwi,sex_m,age_10yrbands_y45_54,mts_details_wid,2005,90.77
mwi,sex_m,age_10yrbands_y45_54,mts_details_wid,2011,86.37
mwi,sex_m,age_10yrbands_y45_54,mts_details_wid,2017,37.94
mwi,sex_m,age_10yrbands_y45_54,mts_details_wid,2020,67.48
mwi,sex_m,age_10yrbands_y45_54,mts_details_x,2005,10.94
mwi,sex_m,age_10yrbands_y55_64,mts_aggregate_1,2005,90.4
mwi,sex_m,age_10yrbands_y55_64,mts_aggregate_1,2011,85.94
mwi,sex_m,age_10yrbands_y55_64,mts_aggregate_1,2017,68.77
mwi,sex_m,age_10yrbands_y55_64,mts_aggregate_1,2020,53.85
mwi,sex_m,age_10yrbands_y55_64,mts_aggregate_2,2005,93.97
mwi,sex_m,age_10yrbands_y55_64,mts_aggregate_2,2011,86.76
mwi,sex_m,age_10yrbands_y55_64,mts_aggregate_2,2017,55.01
mwi,sex_m,age_10yrbands_y55_64,mts_aggregate_2,2020,59.53
mwi,sex_m,age_10yrbands_y55_64,mts_aggregate_total,2005,92.97
mwi,sex_m,age_10yrbands_y55_64,mts_aggregate_total,2011,86.67
mwi,sex_m,age_10yrbands_y55_64,mts_aggregate_total,2017,56.04
mwi,sex_m,age_10yrbands_y55_64,mts_aggregate_total,2020,59.03
mwi,sex_m,age_10yrbands_y55_64,mts_details_mrd,2005,93.97
mwi,sex_m,age_10yrbands_y55_64,mts_details_mrd,2011,86.76
mwi,sex_m,age_10yrbands_y55_64,mts_details_mrd,2017,55.01
mwi,sex_m,age_10yrbands_y55_64,mts_details_mrd,2020,59.53
mwi,sex_m,age_10yrbands_y55_64,mts_details_sep,2005,94.43
mwi,sex_m,age_10yrbands_y55_64,mts_details_sep,2011,88.49
mwi,sex_m,age_10yrbands_y55_64,mts_details_sep,2017,68
mwi,sex_m,age_10yrbands_y55_64,mts_details_sep,2020,60.27
mwi,sex_m,age_10yrbands_y55_64,mts_details_sgle,2005,100
mwi,sex_m,age_10yrbands_y55_64,mts_details_total,2005,92.97
mwi,sex_m,age_10yrbands_y55_64,mts_details_total,2011,86.67
mwi,sex_m,age_10yrbands_y55_64,mts_details_total,2017,56.04
mwi,sex_m,age_10yrbands_y55_64,mts_details_total,2020,59.03
mwi,sex_m,age_10yrbands_y55_64,mts_details_wid,2005,85.63
mwi,sex_m,age_10yrbands_y55_64,mts_details_wid,2011,84.94
mwi,sex_m,age_10yrbands_y55_64,mts_details_wid,2017,76.12
mwi,sex_m,age_10yrbands_y55_64,mts_details_wid,2020,39.51
mwi,sex_m,age_10yrbands_yge65,mts_aggregate_1,2005,78.68
mwi,sex_m,age_10yrbands_yge65,mts_aggregate_1,2011,61.36
mwi,sex_m,age_10yrbands_yge65,mts_aggregate_1,2017,39.28
mwi,sex_m,age_10yrbands_yge65,mts_aggregate_1,2020,42.65
mwi,sex_m,age_10yrbands_yge65,mts_aggregate_2,2005,88.47
mwi,sex_m,age_10yrbands_yge65,mts_aggregate_2,2011,76.47
mwi,sex_m,age_10yrbands_yge65,mts_aggregate_2,2017,37.53
mwi,sex_m,age_10yrbands_yge65,mts_aggregate_2,2020,40.43
mwi,sex_m,age_10yrbands_yge65,mts_aggregate_total,2005,86.35
mwi,sex_m,age_10yrbands_yge65,mts_aggregate_total,2011,74.05
mwi,sex_m,age_10yrbands_yge65,mts_aggregate_total,2017,37.86
mwi,sex_m,age_10yrbands_yge65,mts_aggregate_total,2020,40.87
mwi,sex_m,age_10yrbands_yge65,mts_details_mrd,2005,88.47
mwi,sex_m,age_10yrbands_yge65,mts_details_mrd,2011,76.47
mwi,sex_m,age_10yrbands_yge65,mts_details_mrd,2017,37.53
mwi,sex_m,age_10yrbands_yge65,mts_details_mrd,2020,40.43
mwi,sex_m,age_10yrbands_yge65,mts_details_sep,2005,92.87
mwi,sex_m,age_10yrbands_yge65,mts_details_sep,2011,73.28
mwi,sex_m,age_10yrbands_yge65,mts_details_sep,2017,43.71
mwi,sex_m,age_10yrbands_yge65,mts_details_sep,2020,62.53
mwi,sex_m,age_10yrbands_yge65,mts_details_sgle,2005,70.65
mwi,sex_m,age_10yrbands_yge65,mts_details_total,2005,86.35
mwi,sex_m,age_10yrbands_yge65,mts_details_total,2011,74.05
mwi,sex_m,age_10yrbands_yge65,mts_details_total,2017,37.86
mwi,sex_m,age_10yrbands_yge65,mts_details_total,2020,40.87
mwi,sex_m,age_10yrbands_yge65,mts_details_wid,2005,70.75
mwi,sex_m,age_10yrbands_yge65,mts_details_wid,2011,58.26
mwi,sex_m,age_10yrbands_yge65,mts_details_wid,2017,38.59
mwi,sex_m,age_10yrbands_yge65,mts_details_wid,2020,35.47
mwi,sex_m,age_aggregate_total,mts_aggregate_1,2005,71.05
mwi,sex_m,age_aggregate_total,mts_aggregate_1,2011,58.44
mwi,sex_m,age_aggregate_total,mts_aggregate_1,2017,36.63
mwi,sex_m,age_aggregate_total,mts_aggregate_1,2020,41.43
mwi,sex_m,age_aggregate_total,mts_aggregate_2,2005,94.2
mwi,sex_m,age_aggregate_total,mts_aggregate_2,2011,87.82
mwi,sex_m,age_aggregate_total,mts_aggregate_2,2017,64.94
mwi,sex_m,age_aggregate_total,mts_aggregate_2,2020,67.13
mwi,sex_m,age_aggregate_total,mts_aggregate_total,2005,82.71
mwi,sex_m,age_aggregate_total,mts_aggregate_total,2011,77.06
mwi,sex_m,age_aggregate_total,mts_aggregate_total,2017,53.99
mwi,sex_m,age_aggregate_total,mts_aggregate_total,2020,56.33
mwi,sex_m,age_aggregate_total,mts_aggregate_x,2005,5.21
mwi,sex_m,age_aggregate_total,mts_aggregate_x,2011,55.47
mwi,sex_m,age_aggregate_total,mts_details_mrd,2005,94.2
mwi,sex_m,age_aggregate_total,mts_details_mrd,2011,87.82
mwi,sex_m,age_aggregate_total,mts_details_mrd,2017,64.94
mwi,sex_m,age_aggregate_total,mts_details_mrd,2020,67.13
mwi,sex_m,age_aggregate_total,mts_details_sep,2005,92.22
mwi,sex_m,age_aggregate_total,mts_details_sep,2011,82.34
mwi,sex_m,age_aggregate_total,mts_details_sep,2017,62.32
mwi,sex_m,age_aggregate_total,mts_details_sep,2020,65.87
mwi,sex_m,age_aggregate_total,mts_details_sgle,2005,68.68
mwi,sex_m,age_aggregate_total,mts_details_sgle,2011,55.78
mwi,sex_m,age_aggregate_total,mts_details_sgle,2017,33.82
mwi,sex_m,age_aggregate_total,mts_details_sgle,2020,38.8
mwi,sex_m,age_aggregate_total,mts_details_total,2005,82.71
mwi,sex_m,age_aggregate_total,mts_details_total,2011,77.06
mwi,sex_m,age_aggregate_total,mts_details_total,2017,53.99
mwi,sex_m,age_aggregate_total,mts_details_total,2020,56.33
mwi,sex_m,age_aggregate_total,mts_details_wid,2005,82.46
mwi,sex_m,age_aggregate_total,mts_details_wid,2011,73.16
mwi,sex_m,age_aggregate_total,mts_details_wid,2017,46.78
mwi,sex_m,age_aggregate_total,mts_details_wid,2020,44.32
mwi,sex_m,age_aggregate_total,mts_details_x,2005,5.21
mwi,sex_m,age_aggregate_total,mts_details_x,2011,55.47
mwi,sex_m,age_aggregate_y15_24,mts_aggregate_1,2005,67.79
mwi,sex_m,age_aggregate_y15_24,mts_aggregate_1,2011,54.04
mwi,sex_m,age_aggregate_y15_24,mts_aggregate_1,2017,31.6
mwi,sex_m,age_aggregate_y15_24,mts_aggregate_1,2020,37.13
mwi,sex_m,age_aggregate_y15_24,mts_aggregate_2,2005,94.97
mwi,sex_m,age_aggregate_y15_24,mts_aggregate_2,2011,87.62
mwi,sex_m,age_aggregate_y15_24,mts_aggregate_2,2017,69.41
mwi,sex_m,age_aggregate_y15_24,mts_aggregate_2,2020,73.76
mwi,sex_m,age_aggregate_y15_24,mts_aggregate_total,2005,68.41
mwi,sex_m,age_aggregate_y15_24,mts_aggregate_total,2011,59.98
mwi,sex_m,age_aggregate_y15_24,mts_aggregate_total,2017,37.61
mwi,sex_m,age_aggregate_y15_24,mts_aggregate_total,2020,42.12
mwi,sex_m,age_aggregate_y15_24,mts_aggregate_x,2005,6.8
mwi,sex_m,age_aggregate_y15_24,mts_aggregate_x,2011,43.35
mwi,sex_m,age_aggregate_y15_24,mts_details_mrd,2005,94.97
mwi,sex_m,age_aggregate_y15_24,mts_details_mrd,2011,87.62
mwi,sex_m,age_aggregate_y15_24,mts_details_mrd,2017,69.41
mwi,sex_m,age_aggregate_y15_24,mts_details_mrd,2020,73.76
mwi,sex_m,age_aggregate_y15_24,mts_details_sep,2005,83.48
mwi,sex_m,age_aggregate_y15_24,mts_details_sep,2011,85.47
mwi,sex_m,age_aggregate_y15_24,mts_details_sep,2017,62.79
mwi,sex_m,age_aggregate_y15_24,mts_details_sep,2020,58.99
mwi,sex_m,age_aggregate_y15_24,mts_details_sgle,2005,67.64
mwi,sex_m,age_aggregate_y15_24,mts_details_sgle,2011,53.75
mwi,sex_m,age_aggregate_y15_24,mts_details_sgle,2017,31.14
mwi,sex_m,age_aggregate_y15_24,mts_details_sgle,2020,36.77
mwi,sex_m,age_aggregate_y15_24,mts_details_total,2005,68.41
mwi,sex_m,age_aggregate_y15_24,mts_details_total,2011,59.98
mwi,sex_m,age_aggregate_y15_24,mts_details_total,2017,37.61
mwi,sex_m,age_aggregate_y15_24,mts_details_total,2020,42.12
mwi,sex_m,age_aggregate_y15_24,mts_details_wid,2005,56.41
mwi,sex_m,age_aggregate_y15_24,mts_details_wid,2011,56.01
mwi,sex_m,age_aggregate_y15_24,mts_details_wid,2017,54.4
mwi,sex_m,age_aggregate_y15_24,mts_details_x,2005,6.8
mwi,sex_m,age_aggregate_y15_24,mts_details_x,2011,43.35
mwi,sex_m,age_aggregate_y25_54,mts_aggregate_1,2005,83.33
mwi,sex_m,age_aggregate_y25_54,mts_aggregate_1,2011,73.53
mwi,sex_m,age_aggregate_y25_54,mts_aggregate_1,2017,57.71
mwi,sex_m,age_aggregate_y25_54,mts_aggregate_1,2020,59.95
mwi,sex_m,age_aggregate_y25_54,mts_aggregate_2,2005,94.83
mwi,sex_m,age_aggregate_y25_54,mts_aggregate_2,2011,89.28
mwi,sex_m,age_aggregate_y25_54,mts_aggregate_2,2017,69.26
mwi,sex_m,age_aggregate_y25_54,mts_aggregate_2,2020,70.81
mwi,sex_m,age_aggregate_y25_54,mts_aggregate_total,2005,91.26
mwi,sex_m,age_aggregate_y25_54,mts_aggregate_total,2011,87.27
mwi,sex_m,age_aggregate_y25_54,mts_aggregate_total,2017,67.79
mwi,sex_m,age_aggregate_y25_54,mts_aggregate_total,2020,69.22
mwi,sex_m,age_aggregate_y25_54,mts_aggregate_x,2005,2.27
mwi,sex_m,age_aggregate_y25_54,mts_details_mrd,2005,94.83
mwi,sex_m,age_aggregate_y25_54,mts_details_mrd,2011,89.28
mwi,sex_m,age_aggregate_y25_54,mts_details_mrd,2017,69.26
mwi,sex_m,age_aggregate_y25_54,mts_details_mrd,2020,70.81
mwi,sex_m,age_aggregate_y25_54,mts_details_sep,2005,93.51
mwi,sex_m,age_aggregate_y25_54,mts_details_sep,2011,82.4
mwi,sex_m,age_aggregate_y25_54,mts_details_sep,2017,64.3
mwi,sex_m,age_aggregate_y25_54,mts_details_sep,2020,68.75
mwi,sex_m,age_aggregate_y25_54,mts_details_sgle,2005,76.11
mwi,sex_m,age_aggregate_y25_54,mts_details_sgle,2011,68.3
mwi,sex_m,age_aggregate_y25_54,mts_details_sgle,2017,54.26
mwi,sex_m,age_aggregate_y25_54,mts_details_sgle,2020,53.89
mwi,sex_m,age_aggregate_y25_54,mts_details_total,2005,91.26
mwi,sex_m,age_aggregate_y25_54,mts_details_total,2011,87.27
mwi,sex_m,age_aggregate_y25_54,mts_details_total,2017,67.79
mwi,sex_m,age_aggregate_y25_54,mts_details_total,2020,69.22
mwi,sex_m,age_aggregate_y25_54,mts_details_wid,2005,97.07
mwi,sex_m,age_aggregate_y25_54,mts_details_wid,2011,88.24
mwi,sex_m,age_aggregate_y25_54,mts_details_wid,2017,56.83
mwi,sex_m,age_aggregate_y25_54,mts_details_wid,2020,73.63
mwi,sex_m,age_aggregate_y25_54,mts_details_x,2005,2.27
mwi,sex_m,age_aggregate_y55_64,mts_aggregate_1,2005,90.4
mwi,sex_m,age_aggregate_y55_64,mts_aggregate_1,2011,85.94
mwi,sex_m,age_aggregate_y55_64,mts_aggregate_1,2017,68.77
mwi,sex_m,age_aggregate_y55_64,mts_aggregate_1,2020,53.85
mwi,sex_m,age_aggregate_y55_64,mts_aggregate_2,2005,93.97
mwi,sex_m,age_aggregate_y55_64,mts_aggregate_2,2011,86.76
mwi,sex_m,age_aggregate_y55_64,mts_aggregate_2,2017,55.01
mwi,sex_m,age_aggregate_y55_64,mts_aggregate_2,2020,59.53
mwi,sex_m,age_aggregate_y55_64,mts_aggregate_total,2005,92.97
mwi,sex_m,age_aggregate_y55_64,mts_aggregate_total,2011,86.67
mwi,sex_m,age_aggregate_y55_64,mts_aggregate_total,2017,56.04
mwi,sex_m,age_aggregate_y55_64,mts_aggregate_total,2020,59.03
mwi,sex_m,age_aggregate_y55_64,mts_details_mrd,2005,93.97
mwi,sex_m,age_aggregate_y55_64,mts_details_mrd,2011,86.76
mwi,sex_m,age_aggregate_y55_64,mts_details_mrd,2017,55.01
mwi,sex_m,age_aggregate_y55_64,mts_details_mrd,2020,59.53
mwi,sex_m,age_aggregate_y55_64,mts_details_sep,2005,94.43
mwi,sex_m,age_aggregate_y55_64,mts_details_sep,2011,88.49
mwi,sex_m,age_aggregate_y55_64,mts_details_sep,2017,68
mwi,sex_m,age_aggregate_y55_64,mts_details_sep,2020,60.27
mwi,sex_m,age_aggregate_y55_64,mts_details_sgle,2005,100
mwi,sex_m,age_aggregate_y55_64,mts_details_total,2005,92.97
mwi,sex_m,age_aggregate_y55_64,mts_details_total,2011,86.67
mwi,sex_m,age_aggregate_y55_64,mts_details_total,2017,56.04
mwi,sex_m,age_aggregate_y55_64,mts_details_total,2020,59.03
mwi,sex_m,age_aggregate_y55_64,mts_details_wid,2005,85.63
mwi,sex_m,age_aggregate_y55_64,mts_details_wid,2011,84.94
mwi,sex_m,age_aggregate_y55_64,mts_details_wid,2017,76.12
mwi,sex_m,age_aggregate_y55_64,mts_details_wid,2020,39.51
mwi,sex_m,age_aggregate_yge65,mts_aggregate_1,2005,78.68
mwi,sex_m,age_aggregate_yge65,mts_aggregate_1,2011,61.36
mwi,sex_m,age_aggregate_yge65,mts_aggregate_1,2017,39.28
mwi,sex_m,age_aggregate_yge65,mts_aggregate_1,2020,42.65
mwi,sex_m,age_aggregate_yge65,mts_aggregate_2,2005,88.47
mwi,sex_m,age_aggregate_yge65,mts_aggregate_2,2011,76.47
mwi,sex_m,age_aggregate_yge65,mts_aggregate_2,2017,37.53
mwi,sex_m,age_aggregate_yge65,mts_aggregate_2,2020,40.43
mwi,sex_m,age_aggregate_yge65,mts_aggregate_total,2005,86.35
mwi,sex_m,age_aggregate_yge65,mts_aggregate_total,2011,74.05
mwi,sex_m,age_aggregate_yge65,mts_aggregate_total,2017,37.86
mwi,sex_m,age_aggregate_yge65,mts_aggregate_total,2020,40.87
mwi,sex_m,age_aggregate_yge65,mts_details_mrd,2005,88.47
mwi,sex_m,age_aggregate_yge65,mts_details_mrd,2011,76.47
mwi,sex_m,age_aggregate_yge65,mts_details_mrd,2017,37.53
mwi,sex_m,age_aggregate_yge65,mts_details_mrd,2020,40.43
mwi,sex_m,age_aggregate_yge65,mts_details_sep,2005,92.87
mwi,sex_m,age_aggregate_yge65,mts_details_sep,2011,73.28
mwi,sex_m,age_aggregate_yge65,mts_details_sep,2017,43.71
mwi,sex_m,age_aggregate_yge65,mts_details_sep,2020,62.53
mwi,sex_m,age_aggregate_yge65,mts_details_sgle,2005,70.65
mwi,sex_m,age_aggregate_yge65,mts_details_total,2005,86.35
mwi,sex_m,age_aggregate_yge65,mts_details_total,2011,74.05
mwi,sex_m,age_aggregate_yge65,mts_details_total,2017,37.86
mwi,sex_m,age_aggregate_yge65,mts_details_total,2020,40.87
mwi,sex_m,age_aggregate_yge65,mts_details_wid,2005,70.75
mwi,sex_m,age_aggregate_yge65,mts_details_wid,2011,58.26
mwi,sex_m,age_aggregate_yge65,mts_details_wid,2017,38.59
mwi,sex_m,age_aggregate_yge65,mts_details_wid,2020,35.47
mwi,sex_m,age_ythadult_y15_24,mts_aggregate_1,2005,67.79
mwi,sex_m,age_ythadult_y15_24,mts_aggregate_1,2011,54.04
mwi,sex_m,age_ythadult_y15_24,mts_aggregate_1,2017,31.6
mwi,sex_m,age_ythadult_y15_24,mts_aggregate_1,2020,37.13
mwi,sex_m,age_ythadult_y15_24,mts_aggregate_2,2005,94.97
mwi,sex_m,age_ythadult_y15_24,mts_aggregate_2,2011,87.62
mwi,sex_m,age_ythadult_y15_24,mts_aggregate_2,2017,69.41
mwi,sex_m,age_ythadult_y15_24,mts_aggregate_2,2020,73.76
mwi,sex_m,age_ythadult_y15_24,mts_aggregate_total,2005,68.41
mwi,sex_m,age_ythadult_y15_24,mts_aggregate_total,2011,59.98
mwi,sex_m,age_ythadult_y15_24,mts_aggregate_total,2017,37.61
mwi,sex_m,age_ythadult_y15_24,mts_aggregate_total,2020,42.12
mwi,sex_m,age_ythadult_y15_24,mts_aggregate_x,2005,6.8
mwi,sex_m,age_ythadult_y15_24,mts_aggregate_x,2011,43.35
mwi,sex_m,age_ythadult_y15_24,mts_details_mrd,2005,94.97
mwi,sex_m,age_ythadult_y15_24,mts_details_mrd,2011,87.62
mwi,sex_m,age_ythadult_y15_24,mts_details_mrd,2017,69.41
mwi,sex_m,age_ythadult_y15_24,mts_details_mrd,2020,73.76
mwi,sex_m,age_ythadult_y15_24,mts_details_sep,2005,83.48
mwi,sex_m,age_ythadult_y15_24,mts_details_sep,2011,85.47
mwi,sex_m,age_ythadult_y15_24,mts_details_sep,2017,62.79
mwi,sex_m,age_ythadult_y15_24,mts_details_sep,2020,58.99
mwi,sex_m,age_ythadult_y15_24,mts_details_sgle,2005,67.64
mwi,sex_m,age_ythadult_y15_24,mts_details_sgle,2011,53.75
mwi,sex_m,age_ythadult_y15_24,mts_details_sgle,2017,31.14
mwi,sex_m,age_ythadult_y15_24,mts_details_sgle,2020,36.77
mwi,sex_m,age_ythadult_y15_24,mts_details_total,2005,68.41
mwi,sex_m,age_ythadult_y15_24,mts_details_total,2011,59.98
mwi,sex_m,age_ythadult_y15_24,mts_details_total,2017,37.61
mwi,sex_m,age_ythadult_y15_24,mts_details_total,2020,42.12
mwi,sex_m,age_ythadult_y15_24,mts_details_wid,2005,56.41
mwi,sex_m,age_ythadult_y15_24,mts_details_wid,2011,56.01
mwi,sex_m,age_ythadult_y15_24,mts_details_wid,2017,54.4
mwi,sex_m,age_ythadult_y15_24,mts_details_x,2005,6.8
mwi,sex_m,age_ythadult_y15_24,mts_details_x,2011,43.35
mwi,sex_m,age_ythadult_y15_64,mts_aggregate_1,2005,70.84
mwi,sex_m,age_ythadult_y15_64,mts_aggregate_1,2011,58.36
mwi,sex_m,age_ythadult_y15_64,mts_aggregate_1,2017,36.54
mwi,sex_m,age_ythadult_y15_64,mts_aggregate_1,2020,41.39
mwi,sex_m,age_ythadult_y15_64,mts_aggregate_2,2005,94.74
mwi,sex_m,age_ythadult_y15_64,mts_aggregate_2,2011,88.87
mwi,sex_m,age_ythadult_y15_64,mts_aggregate_2,2017,67.83
mwi,sex_m,age_ythadult_y15_64,mts_aggregate_2,2020,69.88
mwi,sex_m,age_ythadult_y15_64,mts_aggregate_total,2005,82.46
mwi,sex_m,age_ythadult_y15_64,mts_aggregate_total,2011,77.27
mwi,sex_m,age_ythadult_y15_64,mts_aggregate_total,2017,55.24
mwi,sex_m,age_ythadult_y15_64,mts_aggregate_total,2020,57.45
mwi,sex_m,age_ythadult_y15_64,mts_details_mrd,2005,94.74
mwi,sex_m,age_ythadult_y15_64,mts_details_mrd,2011,88.87
mwi,sex_m,age_ythadult_y15_64,mts_details_mrd,2017,67.83
mwi,sex_m,age_ythadult_y15_64,mts_details_mrd,2020,69.88
mwi,sex_m,age_ythadult_y15_64,mts_details_sep,2005,92.13
mwi,sex_m,age_ythadult_y15_64,mts_details_sep,2011,83.41
mwi,sex_m,age_ythadult_y15_64,mts_details_sep,2017,64.46
mwi,sex_m,age_ythadult_y15_64,mts_details_sep,2020,66.26
mwi,sex_m,age_ythadult_y15_64,mts_details_sgle,2005,68.68
mwi,sex_m,age_ythadult_y15_64,mts_details_sgle,2011,55.8
mwi,sex_m,age_ythadult_y15_64,mts_details_sgle,2017,33.84
mwi,sex_m,age_ythadult_y15_64,mts_details_sgle,2020,38.83
mwi,sex_m,age_ythadult_y15_64,mts_details_total,2005,82.46
mwi,sex_m,age_ythadult_y15_64,mts_details_total,2011,77.27
mwi,sex_m,age_ythadult_y15_64,mts_details_total,2017,55.24
mwi,sex_m,age_ythadult_y15_64,mts_details_total,2020,57.45
mwi,sex_m,age_ythadult_y15_64,mts_details_wid,2005,89.89
mwi,sex_m,age_ythadult_y15_64,mts_details_wid,2011,85.35
mwi,sex_m,age_ythadult_y15_64,mts_details_wid,2017,61.21
mwi,sex_m,age_ythadult_y15_64,mts_details_wid,2020,58.77
mwi,sex_m,age_ythadult_yge15,mts_aggregate_1,2005,71.05
mwi,sex_m,age_ythadult_yge15,mts_aggregate_1,2011,58.44
mwi,sex_m,age_ythadult_yge15,mts_aggregate_1,2017,36.63
mwi,sex_m,age_ythadult_yge15,mts_aggregate_1,2020,41.43
mwi,sex_m,age_ythadult_yge15,mts_aggregate_2,2005,94.2
mwi,sex_m,age_ythadult_yge15,mts_aggregate_2,2011,87.82
mwi,sex_m,age_ythadult_yge15,mts_aggregate_2,2017,64.94
mwi,sex_m,age_ythadult_yge15,mts_aggregate_2,2020,67.13
mwi,sex_m,age_ythadult_yge15,mts_aggregate_total,2005,82.71
mwi,sex_m,age_ythadult_yge15,mts_aggregate_total,2011,77.06
mwi,sex_m,age_ythadult_yge15,mts_aggregate_total,2017,53.99
mwi,sex_m,age_ythadult_yge15,mts_aggregate_total,2020,56.33
mwi,sex_m,age_ythadult_yge15,mts_aggregate_x,2005,5.21
mwi,sex_m,age_ythadult_yge15,mts_aggregate_x,2011,55.47
mwi,sex_m,age_ythadult_yge15,mts_details_mrd,2005,94.2
mwi,sex_m,age_ythadult_yge15,mts_details_mrd,2011,87.82
mwi,sex_m,age_ythadult_yge15,mts_details_mrd,2017,64.94
mwi,sex_m,age_ythadult_yge15,mts_details_mrd,2020,67.13
mwi,sex_m,age_ythadult_yge15,mts_details_sep,2005,92.22
mwi,sex_m,age_ythadult_yge15,mts_details_sep,2011,82.34
mwi,sex_m,age_ythadult_yge15,mts_details_sep,2017,62.32
mwi,sex_m,age_ythadult_yge15,mts_details_sep,2020,65.87
mwi,sex_m,age_ythadult_yge15,mts_details_sgle,2005,68.68
mwi,sex_m,age_ythadult_yge15,mts_details_sgle,2011,55.78
mwi,sex_m,age_ythadult_yge15,mts_details_sgle,2017,33.82
mwi,sex_m,age_ythadult_yge15,mts_details_sgle,2020,38.8
mwi,sex_m,age_ythadult_yge15,mts_details_total,2005,82.71
mwi,sex_m,age_ythadult_yge15,mts_details_total,2011,77.06
mwi,sex_m,age_ythadult_yge15,mts_details_total,2017,53.99
mwi,sex_m,age_ythadult_yge15,mts_details_total,2020,56.33
mwi,sex_m,age_ythadult_yge15,mts_details_wid,2005,82.46
mwi,sex_m,age_ythadult_yge15,mts_details_wid,2011,73.16
mwi,sex_m,age_ythadult_yge15,mts_details_wid,2017,46.78
mwi,sex_m,age_ythadult_yge15,mts_details_wid,2020,44.32
mwi,sex_m,age_ythadult_yge15,mts_details_x,2005,5.21
mwi,sex_m,age_ythadult_yge15,mts_details_x,2011,55.47
mwi,sex_m,age_ythadult_yge25,mts_aggregate_1,2005,83.13
mwi,sex_m,age_ythadult_yge25,mts_aggregate_1,2011,72.97
mwi,sex_m,age_ythadult_yge25,mts_aggregate_1,2017,55.34
mwi,sex_m,age_ythadult_yge25,mts_aggregate_1,2020,57.03
mwi,sex_m,age_ythadult_yge25,mts_aggregate_2,2005,94.1
mwi,sex_m,age_ythadult_yge25,mts_aggregate_2,2011,87.84
mwi,sex_m,age_ythadult_yge25,mts_aggregate_2,2017,64.48
mwi,sex_m,age_ythadult_yge25,mts_aggregate_2,2020,66.48
mwi,sex_m,age_ythadult_yge25,mts_aggregate_total,2005,90.97
mwi,sex_m,age_ythadult_yge25,mts_aggregate_total,2011,85.92
mwi,sex_m,age_ythadult_yge25,mts_aggregate_total,2017,63.3
mwi,sex_m,age_ythadult_yge25,mts_aggregate_total,2020,65.09
mwi,sex_m,age_ythadult_yge25,mts_aggregate_x,2005,2.08
mwi,sex_m,age_ythadult_yge25,mts_details_mrd,2005,94.1
mwi,sex_m,age_ythadult_yge25,mts_details_mrd,2011,87.84
mwi,sex_m,age_ythadult_yge25,mts_details_mrd,2017,64.48
mwi,sex_m,age_ythadult_yge25,mts_details_mrd,2020,66.48
mwi,sex_m,age_ythadult_yge25,mts_details_sep,2005,93.49
mwi,sex_m,age_ythadult_yge25,mts_details_sep,2011,82.01
mwi,sex_m,age_ythadult_yge25,mts_details_sep,2017,62.25
mwi,sex_m,age_ythadult_yge25,mts_details_sep,2020,67.08
mwi,sex_m,age_ythadult_yge25,mts_details_sgle,2005,76.23
mwi,sex_m,age_ythadult_yge25,mts_details_sgle,2011,68.09
mwi,sex_m,age_ythadult_yge25,mts_details_sgle,2017,53.93
mwi,sex_m,age_ythadult_yge25,mts_details_sgle,2020,53.48
mwi,sex_m,age_ythadult_yge25,mts_details_total,2005,90.97
mwi,sex_m,age_ythadult_yge25,mts_details_total,2011,85.92
mwi,sex_m,age_ythadult_yge25,mts_details_total,2017,63.3
mwi,sex_m,age_ythadult_yge25,mts_details_total,2020,65.09
mwi,sex_m,age_ythadult_yge25,mts_details_wid,2005,84.41
mwi,sex_m,age_ythadult_yge25,mts_details_wid,2011,73.65
mwi,sex_m,age_ythadult_yge25,mts_details_wid,2017,46.36
mwi,sex_m,age_ythadult_yge25,mts_details_wid,2020,45.06
mwi,sex_m,age_ythadult_yge25,mts_details_x,2005,2.08
mwi,sex_t,age_10yrbands_total,mts_aggregate_1,2005,72.97
mwi,sex_t,age_10yrbands_total,mts_aggregate_1,2011,59.73
mwi,sex_t,age_10yrbands_total,mts_aggregate_1,2017,35.31
mwi,sex_t,age_10yrbands_total,mts_aggregate_1,2020,39.33
mwi,sex_t,age_10yrbands_total,mts_aggregate_2,2005,88.15
mwi,sex_t,age_10yrbands_total,mts_aggregate_2,2011,79.82
mwi,sex_t,age_10yrbands_total,mts_aggregate_2,2017,52.92
mwi,sex_t,age_10yrbands_total,mts_aggregate_2,2020,54.75
mwi,sex_t,age_10yrbands_total,mts_aggregate_total,2005,80.05
mwi,sex_t,age_10yrbands_total,mts_aggregate_total,2011,72.11
mwi,sex_t,age_10yrbands_total,mts_aggregate_total,2017,45.64
mwi,sex_t,age_10yrbands_total,mts_aggregate_total,2020,47.98
mwi,sex_t,age_10yrbands_total,mts_aggregate_x,2005,4.77
mwi,sex_t,age_10yrbands_total,mts_aggregate_x,2011,69.66
mwi,sex_t,age_10yrbands_total,mts_details_mrd,2005,88.15
mwi,sex_t,age_10yrbands_total,mts_details_mrd,2011,79.82
mwi,sex_t,age_10yrbands_total,mts_details_mrd,2017,52.92
mwi,sex_t,age_10yrbands_total,mts_details_mrd,2020,54.75
mwi,sex_t,age_10yrbands_total,mts_details_sep,2005,90.98
mwi,sex_t,age_10yrbands_total,mts_details_sep,2011,80.34
mwi,sex_t,age_10yrbands_total,mts_details_sep,2017,54.91
mwi,sex_t,age_10yrbands_total,mts_details_sep,2020,58.52
mwi,sex_t,age_10yrbands_total,mts_details_sgle,2005,65.15
mwi,sex_t,age_10yrbands_total,mts_details_sgle,2011,52.24
mwi,sex_t,age_10yrbands_total,mts_details_sgle,2017,29.57
mwi,sex_t,age_10yrbands_total,mts_details_sgle,2020,34.08
mwi,sex_t,age_10yrbands_total,mts_details_total,2005,80.05
mwi,sex_t,age_10yrbands_total,mts_details_total,2011,72.11
mwi,sex_t,age_10yrbands_total,mts_details_total,2017,45.64
mwi,sex_t,age_10yrbands_total,mts_details_total,2020,47.98
mwi,sex_t,age_10yrbands_total,mts_details_wid,2005,83.33
mwi,sex_t,age_10yrbands_total,mts_details_wid,2011,68.89
mwi,sex_t,age_10yrbands_total,mts_details_wid,2017,37.05
mwi,sex_t,age_10yrbands_total,mts_details_wid,2020,36.89
mwi,sex_t,age_10yrbands_total,mts_details_x,2005,4.77
mwi,sex_t,age_10yrbands_total,mts_details_x,2011,69.66
mwi,sex_t,age_10yrbands_y15_24,mts_aggregate_1,2005,65.57
mwi,sex_t,age_10yrbands_y15_24,mts_aggregate_1,2011,51.74
mwi,sex_t,age_10yrbands_y15_24,mts_aggregate_1,2017,28.1
mwi,sex_t,age_10yrbands_y15_24,mts_aggregate_1,2020,33.43
mwi,sex_t,age_10yrbands_y15_24,mts_aggregate_2,2005,81.49
mwi,sex_t,age_10yrbands_y15_24,mts_aggregate_2,2011,72.59
mwi,sex_t,age_10yrbands_y15_24,mts_aggregate_2,2017,45.31
mwi,sex_t,age_10yrbands_y15_24,mts_aggregate_2,2020,47.25
mwi,sex_t,age_10yrbands_y15_24,mts_aggregate_total,2005,67.6
mwi,sex_t,age_10yrbands_y15_24,mts_aggregate_total,2011,58.34
mwi,sex_t,age_10yrbands_y15_24,mts_aggregate_total,2017,32.72
mwi,sex_t,age_10yrbands_y15_24,mts_aggregate_total,2020,36.75
mwi,sex_t,age_10yrbands_y15_24,mts_aggregate_x,2005,5.97
mwi,sex_t,age_10yrbands_y15_24,mts_aggregate_x,2011,64.29
mwi,sex_t,age_10yrbands_y15_24,mts_details_mrd,2005,81.49
mwi,sex_t,age_10yrbands_y15_24,mts_details_mrd,2011,72.59
mwi,sex_t,age_10yrbands_y15_24,mts_details_mrd,2017,45.31
mwi,sex_t,age_10yrbands_y15_24,mts_details_mrd,2020,47.25
mwi,sex_t,age_10yrbands_y15_24,mts_details_sep,2005,87.69
mwi,sex_t,age_10yrbands_y15_24,mts_details_sep,2011,74.6
mwi,sex_t,age_10yrbands_y15_24,mts_details_sep,2017,46.52
mwi,sex_t,age_10yrbands_y15_24,mts_details_sep,2020,51.21
mwi,sex_t,age_10yrbands_y15_24,mts_details_sgle,2005,64.07
mwi,sex_t,age_10yrbands_y15_24,mts_details_sgle,2011,50.49
mwi,sex_t,age_10yrbands_y15_24,mts_details_sgle,2017,27.1
mwi,sex_t,age_10yrbands_y15_24,mts_details_sgle,2020,32.23
mwi,sex_t,age_10yrbands_y15_24,mts_details_total,2005,67.6
mwi,sex_t,age_10yrbands_y15_24,mts_details_total,2011,58.34
mwi,sex_t,age_10yrbands_y15_24,mts_details_total,2017,32.72
mwi,sex_t,age_10yrbands_y15_24,mts_details_total,2020,36.75
mwi,sex_t,age_10yrbands_y15_24,mts_details_wid,2005,74.81
mwi,sex_t,age_10yrbands_y15_24,mts_details_wid,2011,80.59
mwi,sex_t,age_10yrbands_y15_24,mts_details_wid,2017,49.82
mwi,sex_t,age_10yrbands_y15_24,mts_details_wid,2020,51.67
mwi,sex_t,age_10yrbands_y15_24,mts_details_x,2005,5.97
mwi,sex_t,age_10yrbands_y15_24,mts_details_x,2011,64.29
mwi,sex_t,age_10yrbands_y25_34,mts_aggregate_1,2005,84.86
mwi,sex_t,age_10yrbands_y25_34,mts_aggregate_1,2011,73.93
mwi,sex_t,age_10yrbands_y25_34,mts_aggregate_1,2017,56.58
mwi,sex_t,age_10yrbands_y25_34,mts_aggregate_1,2020,59.45
mwi,sex_t,age_10yrbands_y25_34,mts_aggregate_2,2005,88.85
mwi,sex_t,age_10yrbands_y25_34,mts_aggregate_2,2011,80.01
mwi,sex_t,age_10yrbands_y25_34,mts_aggregate_2,2017,57.81
mwi,sex_t,age_10yrbands_y25_34,mts_aggregate_2,2020,59.09
mwi,sex_t,age_10yrbands_y25_34,mts_aggregate_total,2005,86.06
mwi,sex_t,age_10yrbands_y25_34,mts_aggregate_total,2011,78.75
mwi,sex_t,age_10yrbands_y25_34,mts_aggregate_total,2017,57.55
mwi,sex_t,age_10yrbands_y25_34,mts_aggregate_total,2020,59.17
mwi,sex_t,age_10yrbands_y25_34,mts_aggregate_x,2005,2.15
mwi,sex_t,age_10yrbands_y25_34,mts_details_mrd,2005,88.85
mwi,sex_t,age_10yrbands_y25_34,mts_details_mrd,2011,80.01
mwi,sex_t,age_10yrbands_y25_34,mts_details_mrd,2017,57.81
mwi,sex_t,age_10yrbands_y25_34,mts_details_mrd,2020,59.09
mwi,sex_t,age_10yrbands_y25_34,mts_details_sep,2005,92.97
mwi,sex_t,age_10yrbands_y25_34,mts_details_sep,2011,81.79
mwi,sex_t,age_10yrbands_y25_34,mts_details_sep,2017,58.85
mwi,sex_t,age_10yrbands_y25_34,mts_details_sep,2020,66.45
mwi,sex_t,age_10yrbands_y25_34,mts_details_sgle,2005,75
mwi,sex_t,age_10yrbands_y25_34,mts_details_sgle,2011,66.29
mwi,sex_t,age_10yrbands_y25_34,mts_details_sgle,2017,52.72
mwi,sex_t,age_10yrbands_y25_34,mts_details_sgle,2020,51.18
mwi,sex_t,age_10yrbands_y25_34,mts_details_total,2005,86.06
mwi,sex_t,age_10yrbands_y25_34,mts_details_total,2011,78.75
mwi,sex_t,age_10yrbands_y25_34,mts_details_total,2017,57.55
mwi,sex_t,age_10yrbands_y25_34,mts_details_total,2020,59.17
mwi,sex_t,age_10yrbands_y25_34,mts_details_wid,2005,91.76
mwi,sex_t,age_10yrbands_y25_34,mts_details_wid,2011,75.91
mwi,sex_t,age_10yrbands_y25_34,mts_details_wid,2017,66.49
mwi,sex_t,age_10yrbands_y25_34,mts_details_wid,2020,63.04
mwi,sex_t,age_10yrbands_y25_34,mts_details_x,2005,2.15
mwi,sex_t,age_10yrbands_y35_44,mts_aggregate_1,2005,90.3
mwi,sex_t,age_10yrbands_y35_44,mts_aggregate_1,2011,82.74
mwi,sex_t,age_10yrbands_y35_44,mts_aggregate_1,2017,62.57
mwi,sex_t,age_10yrbands_y35_44,mts_aggregate_1,2020,63.53
mwi,sex_t,age_10yrbands_y35_44,mts_aggregate_2,2005,91.09
mwi,sex_t,age_10yrbands_y35_44,mts_aggregate_2,2011,83.11
mwi,sex_t,age_10yrbands_y35_44,mts_aggregate_2,2017,59.56
mwi,sex_t,age_10yrbands_y35_44,mts_aggregate_2,2020,59.4
mwi,sex_t,age_10yrbands_y35_44,mts_aggregate_total,2005,89.77
mwi,sex_t,age_10yrbands_y35_44,mts_aggregate_total,2011,83.07
mwi,sex_t,age_10yrbands_y35_44,mts_aggregate_total,2017,60.07
mwi,sex_t,age_10yrbands_y35_44,mts_aggregate_total,2020,60.16
mwi,sex_t,age_10yrbands_y35_44,mts_aggregate_x,2005,2.22
mwi,sex_t,age_10yrbands_y35_44,mts_details_mrd,2005,91.09
mwi,sex_t,age_10yrbands_y35_44,mts_details_mrd,2011,83.11
mwi,sex_t,age_10yrbands_y35_44,mts_details_mrd,2017,59.56
mwi,sex_t,age_10yrbands_y35_44,mts_details_mrd,2020,59.4
mwi,sex_t,age_10yrbands_y35_44,mts_details_sep,2005,92.05
mwi,sex_t,age_10yrbands_y35_44,mts_details_sep,2011,85.26
mwi,sex_t,age_10yrbands_y35_44,mts_details_sep,2017,65.57
mwi,sex_t,age_10yrbands_y35_44,mts_details_sep,2020,62.26
mwi,sex_t,age_10yrbands_y35_44,mts_details_sgle,2005,75.6
mwi,sex_t,age_10yrbands_y35_44,mts_details_sgle,2011,57.94
mwi,sex_t,age_10yrbands_y35_44,mts_details_sgle,2017,46.3
mwi,sex_t,age_10yrbands_y35_44,mts_details_sgle,2020,55.27
mwi,sex_t,age_10yrbands_y35_44,mts_details_total,2005,89.77
mwi,sex_t,age_10yrbands_y35_44,mts_details_total,2011,83.07
mwi,sex_t,age_10yrbands_y35_44,mts_details_total,2017,60.07
mwi,sex_t,age_10yrbands_y35_44,mts_details_total,2020,60.16
mwi,sex_t,age_10yrbands_y35_44,mts_details_wid,2005,91.3
mwi,sex_t,age_10yrbands_y35_44,mts_details_wid,2011,87.8
mwi,sex_t,age_10yrbands_y35_44,mts_details_wid,2017,62.94
mwi,sex_t,age_10yrbands_y35_44,mts_details_wid,2020,72.32
mwi,sex_t,age_10yrbands_y35_44,mts_details_x,2005,2.22
mwi,sex_t,age_10yrbands_y45_54,mts_aggregate_1,2005,90.69
mwi,sex_t,age_10yrbands_y45_54,mts_aggregate_1,2011,84.73
mwi,sex_t,age_10yrbands_y45_54,mts_aggregate_1,2017,53.2
mwi,sex_t,age_10yrbands_y45_54,mts_aggregate_1,2020,53.51
mwi,sex_t,age_10yrbands_y45_54,mts_aggregate_2,2005,91.43
mwi,sex_t,age_10yrbands_y45_54,mts_aggregate_2,2011,85.7
mwi,sex_t,age_10yrbands_y45_54,mts_aggregate_2,2017,53.56
mwi,sex_t,age_10yrbands_y45_54,mts_aggregate_2,2020,57.1
mwi,sex_t,age_10yrbands_y45_54,mts_aggregate_total,2005,90.34
mwi,sex_t,age_10yrbands_y45_54,mts_aggregate_total,2011,85.52
mwi,sex_t,age_10yrbands_y45_54,mts_aggregate_total,2017,53.48
mwi,sex_t,age_10yrbands_y45_54,mts_aggregate_total,2020,56.35
mwi,sex_t,age_10yrbands_y45_54,mts_aggregate_x,2005,7.1
mwi,sex_t,age_10yrbands_y45_54,mts_details_mrd,2005,91.43
mwi,sex_t,age_10yrbands_y45_54,mts_details_mrd,2011,85.7
mwi,sex_t,age_10yrbands_y45_54,mts_details_mrd,2017,53.56
mwi,sex_t,age_10yrbands_y45_54,mts_details_mrd,2020,57.1
mwi,sex_t,age_10yrbands_y45_54,mts_details_sep,2005,90.71
mwi,sex_t,age_10yrbands_y45_54,mts_details_sep,2011,85.99
mwi,sex_t,age_10yrbands_y45_54,mts_details_sep,2017,54.41
mwi,sex_t,age_10yrbands_y45_54,mts_details_sep,2020,60.16
mwi,sex_t,age_10yrbands_y45_54,mts_details_sgle,2005,82.6
mwi,sex_t,age_10yrbands_y45_54,mts_details_sgle,2011,45.37
mwi,sex_t,age_10yrbands_y45_54,mts_details_sgle,2017,70.2
mwi,sex_t,age_10yrbands_y45_54,mts_details_sgle,2020,42.46
mwi,sex_t,age_10yrbands_y45_54,mts_details_total,2005,90.34
mwi,sex_t,age_10yrbands_y45_54,mts_details_total,2011,85.52
mwi,sex_t,age_10yrbands_y45_54,mts_details_total,2017,53.48
mwi,sex_t,age_10yrbands_y45_54,mts_details_total,2020,56.35
mwi,sex_t,age_10yrbands_y45_54,mts_details_wid,2005,91.08
mwi,sex_t,age_10yrbands_y45_54,mts_details_wid,2011,85.27
mwi,sex_t,age_10yrbands_y45_54,mts_details_wid,2017,51.02
mwi,sex_t,age_10yrbands_y45_54,mts_details_wid,2020,47.7
mwi,sex_t,age_10yrbands_y45_54,mts_details_x,2005,7.1
mwi,sex_t,age_10yrbands_y55_64,mts_aggregate_1,2005,89.95
mwi,sex_t,age_10yrbands_y55_64,mts_aggregate_1,2011,73.53
mwi,sex_t,age_10yrbands_y55_64,mts_aggregate_1,2017,39.68
mwi,sex_t,age_10yrbands_y55_64,mts_aggregate_1,2020,45.28
mwi,sex_t,age_10yrbands_y55_64,mts_aggregate_2,2005,90.61
mwi,sex_t,age_10yrbands_y55_64,mts_aggregate_2,2011,81.34
mwi,sex_t,age_10yrbands_y55_64,mts_aggregate_2,2017,44.95
mwi,sex_t,age_10yrbands_y55_64,mts_aggregate_2,2020,51.28
mwi,sex_t,age_10yrbands_y55_64,mts_aggregate_total,2005,89.67
mwi,sex_t,age_10yrbands_y55_64,mts_aggregate_total,2011,79.01
mwi,sex_t,age_10yrbands_y55_64,mts_aggregate_total,2017,43.53
mwi,sex_t,age_10yrbands_y55_64,mts_aggregate_total,2020,49.57
mwi,sex_t,age_10yrbands_y55_64,mts_details_mrd,2005,90.61
mwi,sex_t,age_10yrbands_y55_64,mts_details_mrd,2011,81.34
mwi,sex_t,age_10yrbands_y55_64,mts_details_mrd,2017,44.95
mwi,sex_t,age_10yrbands_y55_64,mts_details_mrd,2020,51.28
mwi,sex_t,age_10yrbands_y55_64,mts_details_sep,2005,90.36
mwi,sex_t,age_10yrbands_y55_64,mts_details_sep,2011,72.29
mwi,sex_t,age_10yrbands_y55_64,mts_details_sep,2017,43.39
mwi,sex_t,age_10yrbands_y55_64,mts_details_sep,2020,48.73
mwi,sex_t,age_10yrbands_y55_64,mts_details_sgle,2005,91.73
mwi,sex_t,age_10yrbands_y55_64,mts_details_sgle,2011,88.8
mwi,sex_t,age_10yrbands_y55_64,mts_details_sgle,2017,60.01
mwi,sex_t,age_10yrbands_y55_64,mts_details_total,2005,89.67
mwi,sex_t,age_10yrbands_y55_64,mts_details_total,2011,79.01
mwi,sex_t,age_10yrbands_y55_64,mts_details_total,2017,43.53
mwi,sex_t,age_10yrbands_y55_64,mts_details_total,2020,49.57
mwi,sex_t,age_10yrbands_y55_64,mts_details_wid,2005,89.68
mwi,sex_t,age_10yrbands_y55_64,mts_details_wid,2011,73.59
mwi,sex_t,age_10yrbands_y55_64,mts_details_wid,2017,37.41
mwi,sex_t,age_10yrbands_y55_64,mts_details_wid,2020,43.83
mwi,sex_t,age_10yrbands_yge65,mts_aggregate_1,2005,76.32
mwi,sex_t,age_10yrbands_yge65,mts_aggregate_1,2011,57.33
mwi,sex_t,age_10yrbands_yge65,mts_aggregate_1,2017,23.48
mwi,sex_t,age_10yrbands_yge65,mts_aggregate_1,2020,23.98
mwi,sex_t,age_10yrbands_yge65,mts_aggregate_2,2005,87.04
mwi,sex_t,age_10yrbands_yge65,mts_aggregate_2,2011,74.06
mwi,sex_t,age_10yrbands_yge65,mts_aggregate_2,2017,32.96
mwi,sex_t,age_10yrbands_yge65,mts_aggregate_2,2020,34.77
mwi,sex_t,age_10yrbands_yge65,mts_aggregate_total,2005,81.13
mwi,sex_t,age_10yrbands_yge65,mts_aggregate_total,2011,66.13
mwi,sex_t,age_10yrbands_yge65,mts_aggregate_total,2017,28.46
mwi,sex_t,age_10yrbands_yge65,mts_aggregate_total,2020,29.38
mwi,sex_t,age_10yrbands_yge65,mts_details_mrd,2005,87.04
mwi,sex_t,age_10yrbands_yge65,mts_details_mrd,2011,74.06
mwi,sex_t,age_10yrbands_yge65,mts_details_mrd,2017,32.96
mwi,sex_t,age_10yrbands_yge65,mts_details_mrd,2020,34.77
mwi,sex_t,age_10yrbands_yge65,mts_details_sep,2005,90.98
mwi,sex_t,age_10yrbands_yge65,mts_details_sep,2011,73.22
mwi,sex_t,age_10yrbands_yge65,mts_details_sep,2017,26.89
mwi,sex_t,age_10yrbands_yge65,mts_details_sep,2020,39.07
mwi,sex_t,age_10yrbands_yge65,mts_details_sgle,2005,56.75
mwi,sex_t,age_10yrbands_yge65,mts_details_sgle,2011,54.25
mwi,sex_t,age_10yrbands_yge65,mts_details_sgle,2020,28.36
mwi,sex_t,age_10yrbands_yge65,mts_details_total,2005,81.13
mwi,sex_t,age_10yrbands_yge65,mts_details_total,2011,66.13
mwi,sex_t,age_10yrbands_yge65,mts_details_total,2017,28.46
mwi,sex_t,age_10yrbands_yge65,mts_details_total,2020,29.38
mwi,sex_t,age_10yrbands_yge65,mts_details_wid,2005,73.45
mwi,sex_t,age_10yrbands_yge65,mts_details_wid,2011,54.42
mwi,sex_t,age_10yrbands_yge65,mts_details_wid,2017,23.16
mwi,sex_t,age_10yrbands_yge65,mts_details_wid,2020,20.82
mwi,sex_t,age_aggregate_total,mts_aggregate_1,2005,72.97
mwi,sex_t,age_aggregate_total,mts_aggregate_1,2011,59.73
mwi,sex_t,age_aggregate_total,mts_aggregate_1,2017,35.31
mwi,sex_t,age_aggregate_total,mts_aggregate_1,2020,39.33
mwi,sex_t,age_aggregate_total,mts_aggregate_2,2005,88.15
mwi,sex_t,age_aggregate_total,mts_aggregate_2,2011,79.82
mwi,sex_t,age_aggregate_total,mts_aggregate_2,2017,52.92
mwi,sex_t,age_aggregate_total,mts_aggregate_2,2020,54.75
mwi,sex_t,age_aggregate_total,mts_aggregate_total,2005,80.05
mwi,sex_t,age_aggregate_total,mts_aggregate_total,2011,72.11
mwi,sex_t,age_aggregate_total,mts_aggregate_total,2017,45.64
mwi,sex_t,age_aggregate_total,mts_aggregate_total,2020,47.98
mwi,sex_t,age_aggregate_total,mts_aggregate_x,2005,4.77
mwi,sex_t,age_aggregate_total,mts_aggregate_x,2011,69.66
mwi,sex_t,age_aggregate_total,mts_details_mrd,2005,88.15
mwi,sex_t,age_aggregate_total,mts_details_mrd,2011,79.82
mwi,sex_t,age_aggregate_total,mts_details_mrd,2017,52.92
mwi,sex_t,age_aggregate_total,mts_details_mrd,2020,54.75
mwi,sex_t,age_aggregate_total,mts_details_sep,2005,90.98
mwi,sex_t,age_aggregate_total,mts_details_sep,2011,80.34
mwi,sex_t,age_aggregate_total,mts_details_sep,2017,54.91
mwi,sex_t,age_aggregate_total,mts_details_sep,2020,58.52
mwi,sex_t,age_aggregate_total,mts_details_sgle,2005,65.15
mwi,sex_t,age_aggregate_total,mts_details_sgle,2011,52.24
mwi,sex_t,age_aggregate_total,mts_details_sgle,2017,29.57
mwi,sex_t,age_aggregate_total,mts_details_sgle,2020,34.08
mwi,sex_t,age_aggregate_total,mts_details_total,2005,80.05
mwi,sex_t,age_aggregate_total,mts_details_total,2011,72.11
mwi,sex_t,age_aggregate_total,mts_details_total,2017,45.64
mwi,sex_t,age_aggregate_total,mts_details_total,2020,47.98
mwi,sex_t,age_aggregate_total,mts_details_wid,2005,83.33
mwi,sex_t,age_aggregate_total,mts_details_wid,2011,68.89
mwi,sex_t,age_aggregate_total,mts_details_wid,2017,37.05
mwi,sex_t,age_aggregate_total,mts_details_wid,2020,36.89
mwi,sex_t,age_aggregate_total,mts_details_x,2005,4.77
mwi,sex_t,age_aggregate_total,mts_details_x,2011,69.66
mwi,sex_t,age_aggregate_y15_24,mts_aggregate_1,2005,65.57
mwi,sex_t,age_aggregate_y15_24,mts_aggregate_1,2011,51.74
mwi,sex_t,age_aggregate_y15_24,mts_aggregate_1,2017,28.1
mwi,sex_t,age_aggregate_y15_24,mts_aggregate_1,2020,33.43
mwi,sex_t,age_aggregate_y15_24,mts_aggregate_2,2005,81.49
mwi,sex_t,age_aggregate_y15_24,mts_aggregate_2,2011,72.59
mwi,sex_t,age_aggregate_y15_24,mts_aggregate_2,2017,45.31
mwi,sex_t,age_aggregate_y15_24,mts_aggregate_2,2020,47.25
mwi,sex_t,age_aggregate_y15_24,mts_aggregate_total,2005,67.6
mwi,sex_t,age_aggregate_y15_24,mts_aggregate_total,2011,58.34
mwi,sex_t,age_aggregate_y15_24,mts_aggregate_total,2017,32.72
mwi,sex_t,age_aggregate_y15_24,mts_aggregate_total,2020,36.75
mwi,sex_t,age_aggregate_y15_24,mts_aggregate_x,2005,5.97
mwi,sex_t,age_aggregate_y15_24,mts_aggregate_x,2011,64.29
mwi,sex_t,age_aggregate_y15_24,mts_details_mrd,2005,81.49
mwi,sex_t,age_aggregate_y15_24,mts_details_mrd,2011,72.59
mwi,sex_t,age_aggregate_y15_24,mts_details_mrd,2017,45.31
mwi,sex_t,age_aggregate_y15_24,mts_details_mrd,2020,47.25
mwi,sex_t,age_aggregate_y15_24,mts_details_sep,2005,87.69
mwi,sex_t,age_aggregate_y15_24,mts_details_sep,2011,74.6
mwi,sex_t,age_aggregate_y15_24,mts_details_sep,2017,46.52
mwi,sex_t,age_aggregate_y15_24,mts_details_sep,2020,51.21
mwi,sex_t,age_aggregate_y15_24,mts_details_sgle,2005,64.07
mwi,sex_t,age_aggregate_y15_24,mts_details_sgle,2011,50.49
mwi,sex_t,age_aggregate_y15_24,mts_details_sgle,2017,27.1
mwi,sex_t,age_aggregate_y15_24,mts_details_sgle,2020,32.23
mwi,sex_t,age_aggregate_y15_24,mts_details_total,2005,67.6
mwi,sex_t,age_aggregate_y15_24,mts_details_total,2011,58.34
mwi,sex_t,age_aggregate_y15_24,mts_details_total,2017,32.72
mwi,sex_t,age_aggregate_y15_24,mts_details_total,2020,36.75
mwi,sex_t,age_aggregate_y15_24,mts_details_wid,2005,74.81
mwi,sex_t,age_aggregate_y15_24,mts_details_wid,2011,80.59
mwi,sex_t,age_aggregate_y15_24,mts_details_wid,2017,49.82
mwi,sex_t,age_aggregate_y15_24,mts_details_wid,2020,51.67
mwi,sex_t,age_aggregate_y15_24,mts_details_x,2005,5.97
mwi,sex_t,age_aggregate_y15_24,mts_details_x,2011,64.29
mwi,sex_t,age_aggregate_y25_54,mts_aggregate_1,2005,87.56
mwi,sex_t,age_aggregate_y25_54,mts_aggregate_1,2011,77.93
mwi,sex_t,age_aggregate_y25_54,mts_aggregate_1,2017,57.59
mwi,sex_t,age_aggregate_y25_54,mts_aggregate_1,2020,59.48
mwi,sex_t,age_aggregate_y25_54,mts_aggregate_2,2005,90.02
mwi,sex_t,age_aggregate_y25_54,mts_aggregate_2,2011,82.03
mwi,sex_t,age_aggregate_y25_54,mts_aggregate_2,2017,57.59
mwi,sex_t,age_aggregate_y25_54,mts_aggregate_2,2020,58.79
mwi,sex_t,age_aggregate_y25_54,mts_aggregate_total,2005,87.99
mwi,sex_t,age_aggregate_y25_54,mts_aggregate_total,2011,81.29
mwi,sex_t,age_aggregate_y25_54,mts_aggregate_total,2017,57.59
mwi,sex_t,age_aggregate_y25_54,mts_aggregate_total,2020,58.94
mwi,sex_t,age_aggregate_y25_54,mts_aggregate_x,2005,2.78
mwi,sex_t,age_aggregate_y25_54,mts_details_mrd,2005,90.02
mwi,sex_t,age_aggregate_y25_54,mts_details_mrd,2011,82.03
mwi,sex_t,age_aggregate_y25_54,mts_details_mrd,2017,57.59
mwi,sex_t,age_aggregate_y25_54,mts_details_mrd,2020,58.79
mwi,sex_t,age_aggregate_y25_54,mts_details_sep,2005,92.2
mwi,sex_t,age_aggregate_y25_54,mts_details_sep,2011,83.46
mwi,sex_t,age_aggregate_y25_54,mts_details_sep,2017,60.35
mwi,sex_t,age_aggregate_y25_54,mts_details_sep,2020,63.82
mwi,sex_t,age_aggregate_y25_54,mts_details_sgle,2005,75.23
mwi,sex_t,age_aggregate_y25_54,mts_details_sgle,2011,65.28
mwi,sex_t,age_aggregate_y25_54,mts_details_sgle,2017,52.28
mwi,sex_t,age_aggregate_y25_54,mts_details_sgle,2020,51.48
mwi,sex_t,age_aggregate_y25_54,mts_details_total,2005,87.99
mwi,sex_t,age_aggregate_y25_54,mts_details_total,2011,81.29
mwi,sex_t,age_aggregate_y25_54,mts_details_total,2017,57.59
mwi,sex_t,age_aggregate_y25_54,mts_details_total,2020,58.94
mwi,sex_t,age_aggregate_y25_54,mts_details_wid,2005,91.31
mwi,sex_t,age_aggregate_y25_54,mts_details_wid,2011,83.94
mwi,sex_t,age_aggregate_y25_54,mts_details_wid,2017,57.45
mwi,sex_t,age_aggregate_y25_54,mts_details_wid,2020,58.17
mwi,sex_t,age_aggregate_y25_54,mts_details_x,2005,2.78
mwi,sex_t,age_aggregate_y55_64,mts_aggregate_1,2005,89.95
mwi,sex_t,age_aggregate_y55_64,mts_aggregate_1,2011,73.53
mwi,sex_t,age_aggregate_y55_64,mts_aggregate_1,2017,39.68
mwi,sex_t,age_aggregate_y55_64,mts_aggregate_1,2020,45.28
mwi,sex_t,age_aggregate_y55_64,mts_aggregate_2,2005,90.61
mwi,sex_t,age_aggregate_y55_64,mts_aggregate_2,2011,81.34
mwi,sex_t,age_aggregate_y55_64,mts_aggregate_2,2017,44.95
mwi,sex_t,age_aggregate_y55_64,mts_aggregate_2,2020,51.28
mwi,sex_t,age_aggregate_y55_64,mts_aggregate_total,2005,89.67
mwi,sex_t,age_aggregate_y55_64,mts_aggregate_total,2011,79.01
mwi,sex_t,age_aggregate_y55_64,mts_aggregate_total,2017,43.53
mwi,sex_t,age_aggregate_y55_64,mts_aggregate_total,2020,49.57
mwi,sex_t,age_aggregate_y55_64,mts_details_mrd,2005,90.61
mwi,sex_t,age_aggregate_y55_64,mts_details_mrd,2011,81.34
mwi,sex_t,age_aggregate_y55_64,mts_details_mrd,2017,44.95
mwi,sex_t,age_aggregate_y55_64,mts_details_mrd,2020,51.28
mwi,sex_t,age_aggregate_y55_64,mts_details_sep,2005,90.36
mwi,sex_t,age_aggregate_y55_64,mts_details_sep,2011,72.29
mwi,sex_t,age_aggregate_y55_64,mts_details_sep,2017,43.39
mwi,sex_t,age_aggregate_y55_64,mts_details_sep,2020,48.73
mwi,sex_t,age_aggregate_y55_64,mts_details_sgle,2005,91.73
mwi,sex_t,age_aggregate_y55_64,mts_details_sgle,2011,88.8
mwi,sex_t,age_aggregate_y55_64,mts_details_sgle,2017,60.01
mwi,sex_t,age_aggregate_y55_64,mts_details_total,2005,89.67
mwi,sex_t,age_aggregate_y55_64,mts_details_total,2011,79.01
mwi,sex_t,age_aggregate_y55_64,mts_details_total,2017,43.53
mwi,sex_t,age_aggregate_y55_64,mts_details_total,2020,49.57
mwi,sex_t,age_aggregate_y55_64,mts_details_wid,2005,89.68
mwi,sex_t,age_aggregate_y55_64,mts_details_wid,2011,73.59
mwi,sex_t,age_aggregate_y55_64,mts_details_wid,2017,37.41
mwi,sex_t,age_aggregate_y55_64,mts_details_wid,2020,43.83
mwi,sex_t,age_aggregate_yge65,mts_aggregate_1,2005,76.32
mwi,sex_t,age_aggregate_yge65,mts_aggregate_1,2011,57.33
mwi,sex_t,age_aggregate_yge65,mts_aggregate_1,2017,23.48
mwi,sex_t,age_aggregate_yge65,mts_aggregate_1,2020,23.98
mwi,sex_t,age_aggregate_yge65,mts_aggregate_2,2005,87.04
mwi,sex_t,age_aggregate_yge65,mts_aggregate_2,2011,74.06
mwi,sex_t,age_aggregate_yge65,mts_aggregate_2,2017,32.96
mwi,sex_t,age_aggregate_yge65,mts_aggregate_2,2020,34.77
mwi,sex_t,age_aggregate_yge65,mts_aggregate_total,2005,81.13
mwi,sex_t,age_aggregate_yge65,mts_aggregate_total,2011,66.13
mwi,sex_t,age_aggregate_yge65,mts_aggregate_total,2017,28.46
mwi,sex_t,age_aggregate_yge65,mts_aggregate_total,2020,29.38
mwi,sex_t,age_aggregate_yge65,mts_details_mrd,2005,87.04
mwi,sex_t,age_aggregate_yge65,mts_details_mrd,2011,74.06
mwi,sex_t,age_aggregate_yge65,mts_details_mrd,2017,32.96
mwi,sex_t,age_aggregate_yge65,mts_details_mrd,2020,34.77
mwi,sex_t,age_aggregate_yge65,mts_details_sep,2005,90.98
mwi,sex_t,age_aggregate_yge65,mts_details_sep,2011,73.22
mwi,sex_t,age_aggregate_yge65,mts_details_sep,2017,26.89
mwi,sex_t,age_aggregate_yge65,mts_details_sep,2020,39.07
mwi,sex_t,age_aggregate_yge65,mts_details_sgle,2005,56.75
mwi,sex_t,age_aggregate_yge65,mts_details_sgle,2011,54.25
mwi,sex_t,age_aggregate_yge65,mts_details_sgle,2020,28.36
mwi,sex_t,age_aggregate_yge65,mts_details_total,2005,81.13
mwi,sex_t,age_aggregate_yge65,mts_details_total,2011,66.13
mwi,sex_t,age_aggregate_yge65,mts_details_total,2017,28.46
mwi,sex_t,age_aggregate_yge65,mts_details_total,2020,29.38
mwi,sex_t,age_aggregate_yge65,mts_details_wid,2005,73.45
mwi,sex_t,age_aggregate_yge65,mts_details_wid,2011,54.42
mwi,sex_t,age_aggregate_yge65,mts_details_wid,2017,23.16
mwi,sex_t,age_aggregate_yge65,mts_details_wid,2020,20.82
mwi,sex_t,age_ythadult_y15_24,mts_aggregate_1,2005,65.57
mwi,sex_t,age_ythadult_y15_24,mts_aggregate_1,2011,51.74
mwi,sex_t,age_ythadult_y15_24,mts_aggregate_1,2017,28.1
mwi,sex_t,age_ythadult_y15_24,mts_aggregate_1,2020,33.43
mwi,sex_t,age_ythadult_y15_24,mts_aggregate_2,2005,81.49
mwi,sex_t,age_ythadult_y15_24,mts_aggregate_2,2011,72.59
mwi,sex_t,age_ythadult_y15_24,mts_aggregate_2,2017,45.31
mwi,sex_t,age_ythadult_y15_24,mts_aggregate_2,2020,47.25
mwi,sex_t,age_ythadult_y15_24,mts_aggregate_total,2005,67.6
mwi,sex_t,age_ythadult_y15_24,mts_aggregate_total,2011,58.34
mwi,sex_t,age_ythadult_y15_24,mts_aggregate_total,2017,32.72
mwi,sex_t,age_ythadult_y15_24,mts_aggregate_total,2020,36.75
mwi,sex_t,age_ythadult_y15_24,mts_aggregate_x,2005,5.97
mwi,sex_t,age_ythadult_y15_24,mts_aggregate_x,2011,64.29
mwi,sex_t,age_ythadult_y15_24,mts_details_mrd,2005,81.49
mwi,sex_t,age_ythadult_y15_24,mts_details_mrd,2011,72.59
mwi,sex_t,age_ythadult_y15_24,mts_details_mrd,2017,45.31
mwi,sex_t,age_ythadult_y15_24,mts_details_mrd,2020,47.25
mwi,sex_t,age_ythadult_y15_24,mts_details_sep,2005,87.69
mwi,sex_t,age_ythadult_y15_24,mts_details_sep,2011,74.6
mwi,sex_t,age_ythadult_y15_24,mts_details_sep,2017,46.52
mwi,sex_t,age_ythadult_y15_24,mts_details_sep,2020,51.21
mwi,sex_t,age_ythadult_y15_24,mts_details_sgle,2005,64.07
mwi,sex_t,age_ythadult_y15_24,mts_details_sgle,2011,50.49
mwi,sex_t,age_ythadult_y15_24,mts_details_sgle,2017,27.1
mwi,sex_t,age_ythadult_y15_24,mts_details_sgle,2020,32.23
mwi,sex_t,age_ythadult_y15_24,mts_details_total,2005,67.6
mwi,sex_t,age_ythadult_y15_24,mts_details_total,2011,58.34
mwi,sex_t,age_ythadult_y15_24,mts_details_total,2017,32.72
mwi,sex_t,age_ythadult_y15_24,mts_details_total,2020,36.75
mwi,sex_t,age_ythadult_y15_24,mts_details_wid,2005,74.81
mwi,sex_t,age_ythadult_y15_24,mts_details_wid,2011,80.59
mwi,sex_t,age_ythadult_y15_24,mts_details_wid,2017,49.82
mwi,sex_t,age_ythadult_y15_24,mts_details_wid,2020,51.67
mwi,sex_t,age_ythadult_y15_24,mts_details_x,2005,5.97
mwi,sex_t,age_ythadult_y15_24,mts_details_x,2011,64.29
mwi,sex_t,age_ythadult_y15_64,mts_aggregate_1,2005,72.65
mwi,sex_t,age_ythadult_y15_64,mts_aggregate_1,2011,59.95
mwi,sex_t,age_ythadult_y15_64,mts_aggregate_1,2017,36.47
mwi,sex_t,age_ythadult_y15_64,mts_aggregate_1,2020,40.78
mwi,sex_t,age_ythadult_y15_64,mts_aggregate_2,2005,88.22
mwi,sex_t,age_ythadult_y15_64,mts_aggregate_2,2011,80.19
mwi,sex_t,age_ythadult_y15_64,mts_aggregate_2,2017,54.42
mwi,sex_t,age_ythadult_y15_64,mts_aggregate_2,2020,56.21
mwi,sex_t,age_ythadult_y15_64,mts_aggregate_total,2005,79.97
mwi,sex_t,age_ythadult_y15_64,mts_aggregate_total,2011,72.56
mwi,sex_t,age_ythadult_y15_64,mts_aggregate_total,2017,47.09
mwi,sex_t,age_ythadult_y15_64,mts_aggregate_total,2020,49.51
mwi,sex_t,age_ythadult_y15_64,mts_details_mrd,2005,88.22
mwi,sex_t,age_ythadult_y15_64,mts_details_mrd,2011,80.19
mwi,sex_t,age_ythadult_y15_64,mts_details_mrd,2017,54.42
mwi,sex_t,age_ythadult_y15_64,mts_details_mrd,2020,56.21
mwi,sex_t,age_ythadult_y15_64,mts_details_sep,2005,90.98
mwi,sex_t,age_ythadult_y15_64,mts_details_sep,2011,80.95
mwi,sex_t,age_ythadult_y15_64,mts_details_sep,2017,56.69
mwi,sex_t,age_ythadult_y15_64,mts_details_sep,2020,59.98
mwi,sex_t,age_ythadult_y15_64,mts_details_sgle,2005,65.16
mwi,sex_t,age_ythadult_y15_64,mts_details_sgle,2011,52.24
mwi,sex_t,age_ythadult_y15_64,mts_details_sgle,2017,29.6
mwi,sex_t,age_ythadult_y15_64,mts_details_sgle,2020,34.1
mwi,sex_t,age_ythadult_y15_64,mts_details_total,2005,79.97
mwi,sex_t,age_ythadult_y15_64,mts_details_total,2011,72.56
mwi,sex_t,age_ythadult_y15_64,mts_details_total,2017,47.09
mwi,sex_t,age_ythadult_y15_64,mts_details_total,2020,49.51
mwi,sex_t,age_ythadult_y15_64,mts_details_wid,2005,90
mwi,sex_t,age_ythadult_y15_64,mts_details_wid,2011,79.9
mwi,sex_t,age_ythadult_y15_64,mts_details_wid,2017,50.62
mwi,sex_t,age_ythadult_y15_64,mts_details_wid,2020,52.86
mwi,sex_t,age_ythadult_yge15,mts_aggregate_1,2005,72.97
mwi,sex_t,age_ythadult_yge15,mts_aggregate_1,2011,59.73
mwi,sex_t,age_ythadult_yge15,mts_aggregate_1,2017,35.31
mwi,sex_t,age_ythadult_yge15,mts_aggregate_1,2020,39.33
mwi,sex_t,age_ythadult_yge15,mts_aggregate_2,2005,88.15
mwi,sex_t,age_ythadult_yge15,mts_aggregate_2,2011,79.82
mwi,sex_t,age_ythadult_yge15,mts_aggregate_2,2017,52.92
mwi,sex_t,age_ythadult_yge15,mts_aggregate_2,2020,54.75
mwi,sex_t,age_ythadult_yge15,mts_aggregate_total,2005,80.05
mwi,sex_t,age_ythadult_yge15,mts_aggregate_total,2011,72.11
mwi,sex_t,age_ythadult_yge15,mts_aggregate_total,2017,45.64
mwi,sex_t,age_ythadult_yge15,mts_aggregate_total,2020,47.98
mwi,sex_t,age_ythadult_yge15,mts_aggregate_x,2005,4.77
mwi,sex_t,age_ythadult_yge15,mts_aggregate_x,2011,69.66
mwi,sex_t,age_ythadult_yge15,mts_details_mrd,2005,88.15
mwi,sex_t,age_ythadult_yge15,mts_details_mrd,2011,79.82
mwi,sex_t,age_ythadult_yge15,mts_details_mrd,2017,52.92
mwi,sex_t,age_ythadult_yge15,mts_details_mrd,2020,54.75
mwi,sex_t,age_ythadult_yge15,mts_details_sep,2005,90.98
mwi,sex_t,age_ythadult_yge15,mts_details_sep,2011,80.34
mwi,sex_t,age_ythadult_yge15,mts_details_sep,2017,54.91
mwi,sex_t,age_ythadult_yge15,mts_details_sep,2020,58.52
mwi,sex_t,age_ythadult_yge15,mts_details_sgle,2005,65.15
mwi,sex_t,age_ythadult_yge15,mts_details_sgle,2011,52.24
mwi,sex_t,age_ythadult_yge15,mts_details_sgle,2017,29.57
mwi,sex_t,age_ythadult_yge15,mts_details_sgle,2020,34.08
mwi,sex_t,age_ythadult_yge15,mts_details_total,2005,80.05
mwi,sex_t,age_ythadult_yge15,mts_details_total,2011,72.11
mwi,sex_t,age_ythadult_yge15,mts_details_total,2017,45.64
mwi,sex_t,age_ythadult_yge15,mts_details_total,2020,47.98
mwi,sex_t,age_ythadult_yge15,mts_details_wid,2005,83.33
mwi,sex_t,age_ythadult_yge15,mts_details_wid,2011,68.89
mwi,sex_t,age_ythadult_yge15,mts_details_wid,2017,37.05
mwi,sex_t,age_ythadult_yge15,mts_details_wid,2020,36.89
mwi,sex_t,age_ythadult_yge15,mts_details_x,2005,4.77
mwi,sex_t,age_ythadult_yge15,mts_details_x,2011,69.66
mwi,sex_t,age_ythadult_yge25,mts_aggregate_1,2005,85.32
mwi,sex_t,age_ythadult_yge25,mts_aggregate_1,2011,72.69
mwi,sex_t,age_ythadult_yge25,mts_aggregate_1,2017,47.48
mwi,sex_t,age_ythadult_yge25,mts_aggregate_1,2020,49.53
mwi,sex_t,age_ythadult_yge25,mts_aggregate_2,2005,89.86
mwi,sex_t,age_ythadult_yge25,mts_aggregate_2,2011,81.39
mwi,sex_t,age_ythadult_yge25,mts_aggregate_2,2017,54.4
mwi,sex_t,age_ythadult_yge25,mts_aggregate_2,2020,56.14
mwi,sex_t,age_ythadult_yge25,mts_aggregate_total,2005,87.44
mwi,sex_t,age_ythadult_yge25,mts_aggregate_total,2011,79.44
mwi,sex_t,age_ythadult_yge25,mts_aggregate_total,2017,52.75
mwi,sex_t,age_ythadult_yge25,mts_aggregate_total,2020,54.47
mwi,sex_t,age_ythadult_yge25,mts_aggregate_x,2005,2.4
mwi,sex_t,age_ythadult_yge25,mts_details_mrd,2005,89.86
mwi,sex_t,age_ythadult_yge25,mts_details_mrd,2011,81.39
mwi,sex_t,age_ythadult_yge25,mts_details_mrd,2017,54.4
mwi,sex_t,age_ythadult_yge25,mts_details_mrd,2020,56.14
mwi,sex_t,age_ythadult_yge25,mts_details_sep,2005,91.84
mwi,sex_t,age_ythadult_yge25,mts_details_sep,2011,81.47
mwi,sex_t,age_ythadult_yge25,mts_details_sep,2017,56.59
mwi,sex_t,age_ythadult_yge25,mts_details_sep,2020,60.29
mwi,sex_t,age_ythadult_yge25,mts_details_sgle,2005,75.13
mwi,sex_t,age_ythadult_yge25,mts_details_sgle,2011,65.33
mwi,sex_t,age_ythadult_yge25,mts_details_sgle,2017,51.88
mwi,sex_t,age_ythadult_yge25,mts_details_sgle,2020,50.34
mwi,sex_t,age_ythadult_yge25,mts_details_total,2005,87.44
mwi,sex_t,age_ythadult_yge25,mts_details_total,2011,79.44
mwi,sex_t,age_ythadult_yge25,mts_details_total,2017,52.75
mwi,sex_t,age_ythadult_yge25,mts_details_total,2020,54.47
mwi,sex_t,age_ythadult_yge25,mts_details_wid,2005,83.58
mwi,sex_t,age_ythadult_yge25,mts_details_wid,2011,68.64
mwi,sex_t,age_ythadult_yge25,mts_details_wid,2017,36.88
mwi,sex_t,age_ythadult_yge25,mts_details_wid,2020,36.75
mwi,sex_t,age_ythadult_yge25,mts_details_x,2005,2.4
