ref_area,sex,classif1,time,emp_temp_sex_eco_nb
rus,sex_f,eco_aggregate_agr,1997,2242
rus,sex_f,eco_aggregate_agr,1998,2076
rus,sex_f,eco_aggregate_agr,1999,3749.4089
rus,sex_f,eco_aggregate_agr,2000,3690.8789
rus,sex_f,eco_aggregate_agr,2001,2947.6862
rus,sex_f,eco_aggregate_agr,2002,2918.5652
rus,sex_f,eco_aggregate_agr,2003,2661.6706
rus,sex_f,eco_aggregate_agr,2005,2670.518
rus,sex_f,eco_aggregate_agr,2006,2629.361
rus,sex_f,eco_aggregate_agr,2007,2425
rus,sex_f,eco_aggregate_agr,2008,2304.928
rus,sex_f,eco_aggregate_agr,2009,2150.665
rus,sex_f,eco_aggregate_agr,2010,1914.045
rus,sex_f,eco_aggregate_agr,2011,1981.112
rus,sex_f,eco_aggregate_agr,2012,1898.153
rus,sex_f,eco_aggregate_agr,2013,1887.308
rus,sex_f,eco_aggregate_agr,2014,1801.815
rus,sex_f,eco_aggregate_agr,2015,1800.006
rus,sex_f,eco_aggregate_agr,2016,1766.91
rus,sex_f,eco_aggregate_agr,2017,1418.1335
rus,sex_f,eco_aggregate_agr,2018,1408.7076
rus,sex_f,eco_aggregate_agr,2019,1403.014
rus,sex_f,eco_aggregate_con,1997,873
rus,sex_f,eco_aggregate_con,1998,798
rus,sex_f,eco_aggregate_con,1999,821.4953
rus,sex_f,eco_aggregate_con,2000,753.2711
rus,sex_f,eco_aggregate_con,2001,781.9913
rus,sex_f,eco_aggregate_con,2002,824.4602
rus,sex_f,eco_aggregate_con,2003,816.3904
rus,sex_f,eco_aggregate_con,2005,863.4333
rus,sex_f,eco_aggregate_con,2006,861.6299
rus,sex_f,eco_aggregate_con,2007,885.5
rus,sex_f,eco_aggregate_con,2008,922.8915
rus,sex_f,eco_aggregate_con,2009,858.493
rus,sex_f,eco_aggregate_con,2010,808.608
rus,sex_f,eco_aggregate_con,2011,774.9903
rus,sex_f,eco_aggregate_con,2012,785.9468
rus,sex_f,eco_aggregate_con,2013,789.3586
rus,sex_f,eco_aggregate_con,2014,773.8848
rus,sex_f,eco_aggregate_con,2015,767.265
rus,sex_f,eco_aggregate_con,2016,715.3664
rus,sex_f,eco_aggregate_con,2017,722.794
rus,sex_f,eco_aggregate_con,2018,680.062
rus,sex_f,eco_aggregate_con,2019,632.8599
rus,sex_f,eco_aggregate_man,1997,5065
rus,sex_f,eco_aggregate_man,1998,4793
rus,sex_f,eco_aggregate_man,1999,5158.957
rus,sex_f,eco_aggregate_man,2000,5420.386
rus,sex_f,eco_aggregate_man,2001,5700.488
rus,sex_f,eco_aggregate_man,2002,5858.682
rus,sex_f,eco_aggregate_man,2003,5500.49
rus,sex_f,eco_aggregate_man,2005,5226.779
rus,sex_f,eco_aggregate_man,2006,5145.612
rus,sex_f,eco_aggregate_man,2007,5251.75
rus,sex_f,eco_aggregate_man,2008,4684.071
rus,sex_f,eco_aggregate_man,2009,4232.064
rus,sex_f,eco_aggregate_man,2010,4235.145
rus,sex_f,eco_aggregate_man,2011,4165.022
rus,sex_f,eco_aggregate_man,2012,4142.487
rus,sex_f,eco_aggregate_man,2013,4073.247
rus,sex_f,eco_aggregate_man,2014,3981.702
rus,sex_f,eco_aggregate_man,2015,3892.92
rus,sex_f,eco_aggregate_man,2016,3906.208
rus,sex_f,eco_aggregate_man,2017,3899.2866
rus,sex_f,eco_aggregate_man,2018,3926.6945
rus,sex_f,eco_aggregate_man,2019,3859.082
rus,sex_f,eco_aggregate_mel,1997,675
rus,sex_f,eco_aggregate_mel,1998,709
rus,sex_f,eco_aggregate_mel,1999,760.9882
rus,sex_f,eco_aggregate_mel,2000,846.9508
rus,sex_f,eco_aggregate_mel,2001,871.4721
rus,sex_f,eco_aggregate_mel,2002,828.6443
rus,sex_f,eco_aggregate_mel,2003,918.9246
rus,sex_f,eco_aggregate_mel,2005,908.2901
rus,sex_f,eco_aggregate_mel,2006,921.7601
rus,sex_f,eco_aggregate_mel,2007,907
rus,sex_f,eco_aggregate_mel,2008,952.5599
rus,sex_f,eco_aggregate_mel,2009,1023.858
rus,sex_f,eco_aggregate_mel,2010,1033.3363
rus,sex_f,eco_aggregate_mel,2011,1004.7697
rus,sex_f,eco_aggregate_mel,2012,1058.246
rus,sex_f,eco_aggregate_mel,2013,1037.1364
rus,sex_f,eco_aggregate_mel,2014,1028.2751
rus,sex_f,eco_aggregate_mel,2015,995.2736
rus,sex_f,eco_aggregate_mel,2016,1011.3123
rus,sex_f,eco_aggregate_mel,2017,927.5061
rus,sex_f,eco_aggregate_mel,2018,944.9507
rus,sex_f,eco_aggregate_mel,2019,921.0128
rus,sex_f,eco_aggregate_mkt,1997,7997
rus,sex_f,eco_aggregate_mkt,1998,7849
rus,sex_f,eco_aggregate_mkt,1999,8124.6134
rus,sex_f,eco_aggregate_mkt,2000,8741.6191
rus,sex_f,eco_aggregate_mkt,2001,9481.1479
rus,sex_f,eco_aggregate_mkt,2002,10172.235
rus,sex_f,eco_aggregate_mkt,2003,10879.0471
rus,sex_f,eco_aggregate_mkt,2005,11984.1961
rus,sex_f,eco_aggregate_mkt,2006,12389.5512
rus,sex_f,eco_aggregate_mkt,2007,12571.75
rus,sex_f,eco_aggregate_mkt,2008,12848.8055
rus,sex_f,eco_aggregate_mkt,2009,12560.311
rus,sex_f,eco_aggregate_mkt,2010,12663.5195
rus,sex_f,eco_aggregate_mkt,2011,13132.6243
rus,sex_f,eco_aggregate_mkt,2012,13264.9808
rus,sex_f,eco_aggregate_mkt,2013,13337.9543
rus,sex_f,eco_aggregate_mkt,2014,13476.7715
rus,sex_f,eco_aggregate_mkt,2015,13649.3413
rus,sex_f,eco_aggregate_mkt,2016,13555.6642
rus,sex_f,eco_aggregate_mkt,2017,13722.5703
rus,sex_f,eco_aggregate_mkt,2018,13844.5702
rus,sex_f,eco_aggregate_mkt,2019,13659.2691
rus,sex_f,eco_aggregate_pub,1997,11614
rus,sex_f,eco_aggregate_pub,1998,11624
rus,sex_f,eco_aggregate_pub,1999,11759.1114
rus,sex_f,eco_aggregate_pub,2000,12043.1919
rus,sex_f,eco_aggregate_pub,2001,11835.9585
rus,sex_f,eco_aggregate_pub,2002,12042.1611
rus,sex_f,eco_aggregate_pub,2003,11809.5262
rus,sex_f,eco_aggregate_pub,2005,12101.4769
rus,sex_f,eco_aggregate_pub,2006,12414.0163
rus,sex_f,eco_aggregate_pub,2007,12879.5
rus,sex_f,eco_aggregate_pub,2008,13187.3044
rus,sex_f,eco_aggregate_pub,2009,13513.9019
rus,sex_f,eco_aggregate_pub,2010,13712.7635
rus,sex_f,eco_aggregate_pub,2011,13765.697
rus,sex_f,eco_aggregate_pub,2012,13925.1131
rus,sex_f,eco_aggregate_pub,2013,13788.2295
rus,sex_f,eco_aggregate_pub,2014,13871.1803
rus,sex_f,eco_aggregate_pub,2015,14082.3161
rus,sex_f,eco_aggregate_pub,2016,14236.1719
rus,sex_f,eco_aggregate_pub,2017,14437.4233
rus,sex_f,eco_aggregate_pub,2018,14467.3822
rus,sex_f,eco_aggregate_pub,2019,14545.3851
rus,sex_f,eco_aggregate_total,1997,28467
rus,sex_f,eco_aggregate_total,1998,27851
rus,sex_f,eco_aggregate_total,1999,30374.57
rus,sex_f,eco_aggregate_total,2000,31496.3
rus,sex_f,eco_aggregate_total,2001,31618.74
rus,sex_f,eco_aggregate_total,2002,32644.75
rus,sex_f,eco_aggregate_total,2003,32586.05
rus,sex_f,eco_aggregate_total,2005,33754.69
rus,sex_f,eco_aggregate_total,2006,34361.93
rus,sex_f,eco_aggregate_total,2007,34920.5
rus,sex_f,eco_aggregate_total,2008,34900.56
rus,sex_f,eco_aggregate_total,2009,34339.29
rus,sex_f,eco_aggregate_total,2010,34367.42
rus,sex_f,eco_aggregate_total,2011,34824.21
rus,sex_f,eco_aggregate_total,2012,35074.93
rus,sex_f,eco_aggregate_total,2013,34913.23
rus,sex_f,eco_aggregate_total,2014,34933.63
rus,sex_f,eco_aggregate_total,2015,35187.12
rus,sex_f,eco_aggregate_total,2016,35191.63
rus,sex_f,eco_aggregate_total,2017,35127.7138
rus,sex_f,eco_aggregate_total,2018,35272.3672
rus,sex_f,eco_aggregate_total,2019,35020.62
rus,sex_f,eco_isic3_a,1997,2214
rus,sex_f,eco_isic3_a,1998,2057
rus,sex_f,eco_isic3_a,1999,3723.978
rus,sex_f,eco_isic3_a,2000,3657.344
rus,sex_f,eco_isic3_a,2001,2904.751
rus,sex_f,eco_isic3_a,2002,2891.762
rus,sex_f,eco_isic3_a,2003,2626.539
rus,sex_f,eco_isic3_a,2007,2425
rus,sex_f,eco_isic3_b,1997,28
rus,sex_f,eco_isic3_b,1998,19
rus,sex_f,eco_isic3_b,1999,25.4309
rus,sex_f,eco_isic3_b,2000,33.5349
rus,sex_f,eco_isic3_b,2001,42.9352
rus,sex_f,eco_isic3_b,2002,26.8032
rus,sex_f,eco_isic3_b,2003,35.1316
rus,sex_f,eco_isic3_c,1997,250
rus,sex_f,eco_isic3_c,1998,250
rus,sex_f,eco_isic3_c,1999,281.8849
rus,sex_f,eco_isic3_c,2000,332.3806
rus,sex_f,eco_isic3_c,2001,313.4906
rus,sex_f,eco_isic3_c,2002,287.3702
rus,sex_f,eco_isic3_c,2003,287.9018
rus,sex_f,eco_isic3_c,2007,280
rus,sex_f,eco_isic3_d,1997,5065
rus,sex_f,eco_isic3_d,1998,4793
rus,sex_f,eco_isic3_d,1999,5158.957
rus,sex_f,eco_isic3_d,2000,5420.386
rus,sex_f,eco_isic3_d,2001,5700.488
rus,sex_f,eco_isic3_d,2002,5858.682
rus,sex_f,eco_isic3_d,2003,5500.49
rus,sex_f,eco_isic3_d,2007,5251.75
rus,sex_f,eco_isic3_e,1997,425
rus,sex_f,eco_isic3_e,1998,459
rus,sex_f,eco_isic3_e,1999,479.1033
rus,sex_f,eco_isic3_e,2000,514.5702
rus,sex_f,eco_isic3_e,2001,557.9815
rus,sex_f,eco_isic3_e,2002,541.2741
rus,sex_f,eco_isic3_e,2003,631.0228
rus,sex_f,eco_isic3_e,2007,627
rus,sex_f,eco_isic3_f,1997,873
rus,sex_f,eco_isic3_f,1998,798
rus,sex_f,eco_isic3_f,1999,821.4953
rus,sex_f,eco_isic3_f,2000,753.2711
rus,sex_f,eco_isic3_f,2001,781.9913
rus,sex_f,eco_isic3_f,2002,824.4602
rus,sex_f,eco_isic3_f,2003,816.3904
rus,sex_f,eco_isic3_f,2007,885.5
rus,sex_f,eco_isic3_g,1997,4178
rus,sex_f,eco_isic3_g,1998,4176
rus,sex_f,eco_isic3_g,1999,4337.855
rus,sex_f,eco_isic3_g,2000,4746.953
rus,sex_f,eco_isic3_g,2001,5156.584
rus,sex_f,eco_isic3_g,2002,5574.551
rus,sex_f,eco_isic3_g,2003,5801.16
rus,sex_f,eco_isic3_g,2007,7845
rus,sex_f,eco_isic3_h,1997,561
rus,sex_f,eco_isic3_h,1998,567
rus,sex_f,eco_isic3_h,1999,670.2881
rus,sex_f,eco_isic3_h,2000,761.798
rus,sex_f,eco_isic3_h,2001,828.1005
rus,sex_f,eco_isic3_h,2002,921.464
rus,sex_f,eco_isic3_h,2003,995.0067
rus,sex_f,eco_isic3_i,1997,1711
rus,sex_f,eco_isic3_i,1998,1608
rus,sex_f,eco_isic3_i,1999,1707.138
rus,sex_f,eco_isic3_i,2000,1689.651
rus,sex_f,eco_isic3_i,2001,1781.542
rus,sex_f,eco_isic3_i,2002,1826.36
rus,sex_f,eco_isic3_i,2003,1804.566
rus,sex_f,eco_isic3_i,2007,1979.5
rus,sex_f,eco_isic3_j,1997,626
rus,sex_f,eco_isic3_j,1998,581
rus,sex_f,eco_isic3_j,1999,551.4416
rus,sex_f,eco_isic3_j,2000,570.2249
rus,sex_f,eco_isic3_j,2001,600.0674
rus,sex_f,eco_isic3_j,2002,601.809
rus,sex_f,eco_isic3_j,2003,546.6204
rus,sex_f,eco_isic3_j,2007,2747.25
rus,sex_f,eco_isic3_k,1997,921
rus,sex_f,eco_isic3_k,1998,917
rus,sex_f,eco_isic3_k,1999,857.8907
rus,sex_f,eco_isic3_k,2000,972.9922
rus,sex_f,eco_isic3_k,2001,1114.854
rus,sex_f,eco_isic3_k,2002,1248.051
rus,sex_f,eco_isic3_k,2003,1731.694
rus,sex_f,eco_isic3_l,1997,1515
rus,sex_f,eco_isic3_l,1998,1552
rus,sex_f,eco_isic3_l,1999,1509.407
rus,sex_f,eco_isic3_l,2000,1660.36
rus,sex_f,eco_isic3_l,2001,1594.867
rus,sex_f,eco_isic3_l,2002,1572.928
rus,sex_f,eco_isic3_l,2003,1769.317
rus,sex_f,eco_isic3_l,2007,1827.5
rus,sex_f,eco_isic3_m,1997,4583
rus,sex_f,eco_isic3_m,1998,4553
rus,sex_f,eco_isic3_m,1999,4689.143
rus,sex_f,eco_isic3_m,2000,4723.349
rus,sex_f,eco_isic3_m,2001,4536.573
rus,sex_f,eco_isic3_m,2002,4763.966
rus,sex_f,eco_isic3_m,2003,4841.047
rus,sex_f,eco_isic3_m,2007,5151.5
rus,sex_f,eco_isic3_n,1997,3416
rus,sex_f,eco_isic3_n,1998,3421
rus,sex_f,eco_isic3_n,1999,3547.081
rus,sex_f,eco_isic3_n,2000,3571.114
rus,sex_f,eco_isic3_n,2001,3756.564
rus,sex_f,eco_isic3_n,2002,3734.716
rus,sex_f,eco_isic3_n,2003,3799.632
rus,sex_f,eco_isic3_n,2007,4212.5
rus,sex_f,eco_isic3_o,1997,2100
rus,sex_f,eco_isic3_o,1998,2085
rus,sex_f,eco_isic3_o,1999,1997.111
rus,sex_f,eco_isic3_o,2000,2078.393
rus,sex_f,eco_isic3_o,2001,1939.029
rus,sex_f,eco_isic3_o,2002,1962.916
rus,sex_f,eco_isic3_o,2003,1387.871
rus,sex_f,eco_isic3_o,2007,1688
rus,sex_f,eco_isic3_p,1998,12
rus,sex_f,eco_isic3_p,1999,15.5617
rus,sex_f,eco_isic3_p,2000,9.351
rus,sex_f,eco_isic3_p,2001,8.2977
rus,sex_f,eco_isic3_p,2002,6.7561
rus,sex_f,eco_isic3_p,2003,9.3782
rus,sex_f,eco_isic3_q,1998,1
rus,sex_f,eco_isic3_q,1999,0.8078
rus,sex_f,eco_isic3_q,2000,0.6248
rus,sex_f,eco_isic3_q,2001,0.6278
rus,sex_f,eco_isic3_q,2002,0.879
rus,sex_f,eco_isic3_q,2003,2.281
rus,sex_f,eco_isic3_total,1997,28467
rus,sex_f,eco_isic3_total,1998,27851
rus,sex_f,eco_isic3_total,1999,30374.57
rus,sex_f,eco_isic3_total,2000,31496.3
rus,sex_f,eco_isic3_total,2001,31618.74
rus,sex_f,eco_isic3_total,2002,32644.75
rus,sex_f,eco_isic3_total,2003,32586.05
rus,sex_f,eco_isic3_total,2007,34920.5
rus,sex_f,eco_isic4_a,2005,2670.518
rus,sex_f,eco_isic4_a,2006,2629.361
rus,sex_f,eco_isic4_a,2008,2304.928
rus,sex_f,eco_isic4_a,2009,2150.665
rus,sex_f,eco_isic4_a,2010,1914.045
rus,sex_f,eco_isic4_a,2011,1981.112
rus,sex_f,eco_isic4_a,2012,1898.153
rus,sex_f,eco_isic4_a,2013,1887.308
rus,sex_f,eco_isic4_a,2014,1801.815
rus,sex_f,eco_isic4_a,2015,1800.006
rus,sex_f,eco_isic4_a,2016,1766.91
rus,sex_f,eco_isic4_a,2017,1418.1335
rus,sex_f,eco_isic4_a,2018,1408.7076
rus,sex_f,eco_isic4_a,2019,1403.014
rus,sex_f,eco_isic4_b,2005,270.2187
rus,sex_f,eco_isic4_b,2006,265.1658
rus,sex_f,eco_isic4_b,2008,293.2339
rus,sex_f,eco_isic4_b,2009,277.5653
rus,sex_f,eco_isic4_b,2010,287.9947
rus,sex_f,eco_isic4_b,2011,287.3954
rus,sex_f,eco_isic4_b,2012,291.3987
rus,sex_f,eco_isic4_b,2013,299.7339
rus,sex_f,eco_isic4_b,2014,294.3486
rus,sex_f,eco_isic4_b,2015,278.3826
rus,sex_f,eco_isic4_b,2016,294.4726
rus,sex_f,eco_isic4_b,2017,271.7863
rus,sex_f,eco_isic4_b,2018,291.1082
rus,sex_f,eco_isic4_b,2019,290.4532
rus,sex_f,eco_isic4_c,2005,5226.779
rus,sex_f,eco_isic4_c,2006,5145.612
rus,sex_f,eco_isic4_c,2008,4684.071
rus,sex_f,eco_isic4_c,2009,4232.064
rus,sex_f,eco_isic4_c,2010,4235.145
rus,sex_f,eco_isic4_c,2011,4165.022
rus,sex_f,eco_isic4_c,2012,4142.487
rus,sex_f,eco_isic4_c,2013,4073.247
rus,sex_f,eco_isic4_c,2014,3981.702
rus,sex_f,eco_isic4_c,2015,3892.92
rus,sex_f,eco_isic4_c,2016,3906.208
rus,sex_f,eco_isic4_c,2017,3899.2866
rus,sex_f,eco_isic4_c,2018,3926.6945
rus,sex_f,eco_isic4_c,2019,3859.082
rus,sex_f,eco_isic4_d,2005,509.3765
rus,sex_f,eco_isic4_d,2006,523.0661
rus,sex_f,eco_isic4_d,2008,488.0713
rus,sex_f,eco_isic4_d,2009,531.7155
rus,sex_f,eco_isic4_d,2010,529.9853
rus,sex_f,eco_isic4_d,2011,519.0813
rus,sex_f,eco_isic4_d,2012,545.1288
rus,sex_f,eco_isic4_d,2013,530.0333
rus,sex_f,eco_isic4_d,2014,527.2648
rus,sex_f,eco_isic4_d,2015,508.2239
rus,sex_f,eco_isic4_d,2016,502.6135
rus,sex_f,eco_isic4_d,2017,487.8142
rus,sex_f,eco_isic4_d,2018,493.2887
rus,sex_f,eco_isic4_d,2019,474.8297
rus,sex_f,eco_isic4_e,2005,128.6949
rus,sex_f,eco_isic4_e,2006,133.5282
rus,sex_f,eco_isic4_e,2008,171.2547
rus,sex_f,eco_isic4_e,2009,214.5772
rus,sex_f,eco_isic4_e,2010,215.3563
rus,sex_f,eco_isic4_e,2011,198.293
rus,sex_f,eco_isic4_e,2012,221.7185
rus,sex_f,eco_isic4_e,2013,207.3692
rus,sex_f,eco_isic4_e,2014,206.6617
rus,sex_f,eco_isic4_e,2015,208.6671
rus,sex_f,eco_isic4_e,2016,214.2262
rus,sex_f,eco_isic4_e,2017,167.9056
rus,sex_f,eco_isic4_e,2018,160.5539
rus,sex_f,eco_isic4_e,2019,155.7299
rus,sex_f,eco_isic4_f,2005,863.4333
rus,sex_f,eco_isic4_f,2006,861.6299
rus,sex_f,eco_isic4_f,2008,922.8915
rus,sex_f,eco_isic4_f,2009,858.493
rus,sex_f,eco_isic4_f,2010,808.608
rus,sex_f,eco_isic4_f,2011,774.9903
rus,sex_f,eco_isic4_f,2012,785.9468
rus,sex_f,eco_isic4_f,2013,789.3586
rus,sex_f,eco_isic4_f,2014,773.8848
rus,sex_f,eco_isic4_f,2015,767.265
rus,sex_f,eco_isic4_f,2016,715.3664
rus,sex_f,eco_isic4_f,2017,722.794
rus,sex_f,eco_isic4_f,2018,680.062
rus,sex_f,eco_isic4_f,2019,632.8599
rus,sex_f,eco_isic4_g,2005,6302.387
rus,sex_f,eco_isic4_g,2006,6477.811
rus,sex_f,eco_isic4_g,2008,6584.387
rus,sex_f,eco_isic4_g,2009,6556.84
rus,sex_f,eco_isic4_g,2010,6734.669
rus,sex_f,eco_isic4_g,2011,6954.148
rus,sex_f,eco_isic4_g,2012,7062.278
rus,sex_f,eco_isic4_g,2013,6988.372
rus,sex_f,eco_isic4_g,2014,6926.542
rus,sex_f,eco_isic4_g,2015,7006.416
rus,sex_f,eco_isic4_g,2016,6980.538
rus,sex_f,eco_isic4_g,2017,7096.4114
rus,sex_f,eco_isic4_g,2018,7132.8489
rus,sex_f,eco_isic4_g,2019,6889.757
rus,sex_f,eco_isic4_h,2005,1596.521
rus,sex_f,eco_isic4_h,2006,1551.08
rus,sex_f,eco_isic4_h,2008,1492.109
rus,sex_f,eco_isic4_h,2009,1487.49
rus,sex_f,eco_isic4_h,2010,1463.024
rus,sex_f,eco_isic4_h,2011,1466.957
rus,sex_f,eco_isic4_h,2012,1446.225
rus,sex_f,eco_isic4_h,2013,1423.713
rus,sex_f,eco_isic4_h,2014,1445.776
rus,sex_f,eco_isic4_h,2015,1425.522
rus,sex_f,eco_isic4_h,2016,1429.965
rus,sex_f,eco_isic4_h,2017,1405.0039
rus,sex_f,eco_isic4_h,2018,1445.8889
rus,sex_f,eco_isic4_h,2019,1406.692
rus,sex_f,eco_isic4_i,2005,1006.06
rus,sex_f,eco_isic4_i,2006,1109.554
rus,sex_f,eco_isic4_i,2008,1162.418
rus,sex_f,eco_isic4_i,2009,1131.671
rus,sex_f,eco_isic4_i,2010,1062.994
rus,sex_f,eco_isic4_i,2011,1143.006
rus,sex_f,eco_isic4_i,2012,1179.795
rus,sex_f,eco_isic4_i,2013,1240.278
rus,sex_f,eco_isic4_i,2014,1313.745
rus,sex_f,eco_isic4_i,2015,1363.31
rus,sex_f,eco_isic4_i,2016,1348.833
rus,sex_f,eco_isic4_i,2017,1351.7869
rus,sex_f,eco_isic4_i,2018,1382.8153
rus,sex_f,eco_isic4_i,2019,1395.699
rus,sex_f,eco_isic4_j,2005,546.3567
rus,sex_f,eco_isic4_j,2006,564.0489
rus,sex_f,eco_isic4_j,2008,581.1091
rus,sex_f,eco_isic4_j,2009,534.376
rus,sex_f,eco_isic4_j,2010,534.2454
rus,sex_f,eco_isic4_j,2011,555.7254
rus,sex_f,eco_isic4_j,2012,548.0439
rus,sex_f,eco_isic4_j,2013,508.9832
rus,sex_f,eco_isic4_j,2014,514.4146
rus,sex_f,eco_isic4_j,2015,494.0546
rus,sex_f,eco_isic4_j,2016,513.8951
rus,sex_f,eco_isic4_j,2017,476.0755
rus,sex_f,eco_isic4_j,2018,449.1243
rus,sex_f,eco_isic4_j,2019,447.073
rus,sex_f,eco_isic4_k,2005,623.5021
rus,sex_f,eco_isic4_k,2006,715.3256
rus,sex_f,eco_isic4_k,2008,919.2447
rus,sex_f,eco_isic4_k,2009,840.3464
rus,sex_f,eco_isic4_k,2010,891.6916
rus,sex_f,eco_isic4_k,2011,956.5772
rus,sex_f,eco_isic4_k,2012,986.302
rus,sex_f,eco_isic4_k,2013,1064.75
rus,sex_f,eco_isic4_k,2014,1093.936
rus,sex_f,eco_isic4_k,2015,1057.459
rus,sex_f,eco_isic4_k,2016,1083.664
rus,sex_f,eco_isic4_k,2017,1110.7218
rus,sex_f,eco_isic4_k,2018,1123.9861
rus,sex_f,eco_isic4_k,2019,1118.83
rus,sex_f,eco_isic4_l,2005,696.5167
rus,sex_f,eco_isic4_l,2006,674.3135
rus,sex_f,eco_isic4_l,2008,667.5961
rus,sex_f,eco_isic4_l,2009,637.1945
rus,sex_f,eco_isic4_l,2010,625.8178
rus,sex_f,eco_isic4_l,2011,638.5659
rus,sex_f,eco_isic4_l,2012,616.909
rus,sex_f,eco_isic4_l,2013,631.413
rus,sex_f,eco_isic4_l,2014,610.2984
rus,sex_f,eco_isic4_l,2015,641.6584
rus,sex_f,eco_isic4_l,2016,600.6879
rus,sex_f,eco_isic4_l,2017,568.8935
rus,sex_f,eco_isic4_l,2018,538.3619
rus,sex_f,eco_isic4_l,2019,541.2719
rus,sex_f,eco_isic4_m,2005,949.1896
rus,sex_f,eco_isic4_m,2006,1022.315
rus,sex_f,eco_isic4_m,2008,1069.266
rus,sex_f,eco_isic4_m,2009,1035.645
rus,sex_f,eco_isic4_m,2010,1022.238
rus,sex_f,eco_isic4_m,2011,1057.045
rus,sex_f,eco_isic4_m,2012,1058.31
rus,sex_f,eco_isic4_m,2013,1077.801
rus,sex_f,eco_isic4_m,2014,1143.381
rus,sex_f,eco_isic4_m,2015,1206.359
rus,sex_f,eco_isic4_m,2016,1210.039
rus,sex_f,eco_isic4_m,2017,1154.9149
rus,sex_f,eco_isic4_m,2018,1189.4234
rus,sex_f,eco_isic4_m,2019,1226.024
rus,sex_f,eco_isic4_n,2005,263.663
rus,sex_f,eco_isic4_n,2006,275.1032
rus,sex_f,eco_isic4_n,2008,372.6756
rus,sex_f,eco_isic4_n,2009,336.7481
rus,sex_f,eco_isic4_n,2010,328.8397
rus,sex_f,eco_isic4_n,2011,360.5998
rus,sex_f,eco_isic4_n,2012,367.1179
rus,sex_f,eco_isic4_n,2013,402.6441
rus,sex_f,eco_isic4_n,2014,428.6785
rus,sex_f,eco_isic4_n,2015,454.5623
rus,sex_f,eco_isic4_n,2016,388.0422
rus,sex_f,eco_isic4_n,2017,558.7625
rus,sex_f,eco_isic4_n,2018,582.1214
rus,sex_f,eco_isic4_n,2019,633.9222
rus,sex_f,eco_isic4_o,2005,1842.283
rus,sex_f,eco_isic4_o,2006,1916.94
rus,sex_f,eco_isic4_o,2008,2124.043
rus,sex_f,eco_isic4_o,2009,2164.376
rus,sex_f,eco_isic4_o,2010,2270.239
rus,sex_f,eco_isic4_o,2011,2229.166
rus,sex_f,eco_isic4_o,2012,2227.181
rus,sex_f,eco_isic4_o,2013,2154.867
rus,sex_f,eco_isic4_o,2014,2115.677
rus,sex_f,eco_isic4_o,2015,2181.667
rus,sex_f,eco_isic4_o,2016,2150.304
rus,sex_f,eco_isic4_o,2017,2115.5071
rus,sex_f,eco_isic4_o,2018,2087.9693
rus,sex_f,eco_isic4_o,2019,2111.157
rus,sex_f,eco_isic4_p,2005,5010.878
rus,sex_f,eco_isic4_p,2006,5027.951
rus,sex_f,eco_isic4_p,2008,5231.31
rus,sex_f,eco_isic4_p,2009,5295.257
rus,sex_f,eco_isic4_p,2010,5346.498
rus,sex_f,eco_isic4_p,2011,5306.626
rus,sex_f,eco_isic4_p,2012,5391.43
rus,sex_f,eco_isic4_p,2013,5333.555
rus,sex_f,eco_isic4_p,2014,5405.484
rus,sex_f,eco_isic4_p,2015,5470.083
rus,sex_f,eco_isic4_p,2016,5575.953
rus,sex_f,eco_isic4_p,2017,5625.8402
rus,sex_f,eco_isic4_p,2018,5661.9672
rus,sex_f,eco_isic4_p,2019,5614.573
rus,sex_f,eco_isic4_q,2005,3826.657
rus,sex_f,eco_isic4_q,2006,3936.95
rus,sex_f,eco_isic4_q,2008,4137.83
rus,sex_f,eco_isic4_q,2009,4317.54
rus,sex_f,eco_isic4_q,2010,4347.028
rus,sex_f,eco_isic4_q,2011,4397.841
rus,sex_f,eco_isic4_q,2012,4494.75
rus,sex_f,eco_isic4_q,2013,4396.917
rus,sex_f,eco_isic4_q,2014,4354.751
rus,sex_f,eco_isic4_q,2015,4419.725
rus,sex_f,eco_isic4_q,2016,4450.432
rus,sex_f,eco_isic4_q,2017,4519.931
rus,sex_f,eco_isic4_q,2018,4550.4777
rus,sex_f,eco_isic4_q,2019,4542.361
rus,sex_f,eco_isic4_r,2005,734.2784
rus,sex_f,eco_isic4_r,2006,758.6866
rus,sex_f,eco_isic4_r,2008,781.7604
rus,sex_f,eco_isic4_r,2009,785.4009
rus,sex_f,eco_isic4_r,2010,789.7475
rus,sex_f,eco_isic4_r,2011,829.079
rus,sex_f,eco_isic4_r,2012,825.8251
rus,sex_f,eco_isic4_r,2013,831.3724
rus,sex_f,eco_isic4_r,2014,838.9324
rus,sex_f,eco_isic4_r,2015,794.4662
rus,sex_f,eco_isic4_r,2016,827.188
rus,sex_f,eco_isic4_r,2017,866.274
rus,sex_f,eco_isic4_r,2018,892.1666
rus,sex_f,eco_isic4_r,2019,955.1177
rus,sex_f,eco_isic4_s,2005,664.9052
rus,sex_f,eco_isic4_s,2006,753.5782
rus,sex_f,eco_isic4_s,2008,876.1483
rus,sex_f,eco_isic4_s,2009,932.4121
rus,sex_f,eco_isic4_s,2010,946.5872
rus,sex_f,eco_isic4_s,2011,986.3824
rus,sex_f,eco_isic4_s,2012,972.5737
rus,sex_f,eco_isic4_s,2013,1056.549
rus,sex_f,eco_isic4_s,2014,1146.937
rus,sex_f,eco_isic4_s,2015,1199.601
rus,sex_f,eco_isic4_s,2016,1216.415
rus,sex_f,eco_isic4_s,2017,1292.8322
rus,sex_f,eco_isic4_s,2018,1262.4884
rus,sex_f,eco_isic4_s,2019,1314.409
rus,sex_f,eco_isic4_t,2005,21.3289
rus,sex_f,eco_isic4_t,2006,18.6809
rus,sex_f,eco_isic4_t,2008,35.1086
rus,sex_f,eco_isic4_t,2009,17.9108
rus,sex_f,eco_isic4_t,2010,12.1311
rus,sex_f,eco_isic4_t,2011,15.9445
rus,sex_f,eco_isic4_t,2012,11.3526
rus,sex_f,eco_isic4_t,2013,13.7373
rus,sex_f,eco_isic4_t,2014,9.2132
rus,sex_f,eco_isic4_t,2015,15.7901
rus,sex_f,eco_isic4_t,2016,15.5452
rus,sex_f,eco_isic4_t,2017,16.5312
rus,sex_f,eco_isic4_t,2018,12.2267
rus,sex_f,eco_isic4_t,2019,6.8564
rus,sex_f,eco_isic4_total,2005,33754.69
rus,sex_f,eco_isic4_total,2006,34361.93
rus,sex_f,eco_isic4_total,2008,34900.56
rus,sex_f,eco_isic4_total,2009,34339.29
rus,sex_f,eco_isic4_total,2010,34367.42
rus,sex_f,eco_isic4_total,2011,34824.21
rus,sex_f,eco_isic4_total,2012,35074.93
rus,sex_f,eco_isic4_total,2013,34913.23
rus,sex_f,eco_isic4_total,2014,34933.63
rus,sex_f,eco_isic4_total,2015,35187.12
rus,sex_f,eco_isic4_total,2016,35191.63
rus,sex_f,eco_isic4_total,2017,35127.7138
rus,sex_f,eco_isic4_total,2018,35272.3672
rus,sex_f,eco_isic4_total,2019,35020.62
rus,sex_f,eco_isic4_u,2005,1.1464
rus,sex_f,eco_isic4_u,2006,1.2296
rus,sex_f,eco_isic4_u,2008,1.1041
rus,sex_f,eco_isic4_u,2009,1.0051
rus,sex_f,eco_isic4_u,2010,0.5327
rus,sex_f,eco_isic4_u,2011,0.658
rus,sex_f,eco_isic4_u,2012,2.0007
rus,sex_f,eco_isic4_u,2013,1.2318
rus,sex_f,eco_isic4_u,2014,0.1857
rus,sex_f,eco_isic4_u,2015,0.9838
rus,sex_f,eco_isic4_u,2016,0.3346
rus,sex_f,eco_isic4_u,2019,0.911
rus,sex_f,eco_sector_agr,1997,2242
rus,sex_f,eco_sector_agr,1998,2076
rus,sex_f,eco_sector_agr,1999,3749.4089
rus,sex_f,eco_sector_agr,2000,3690.8789
rus,sex_f,eco_sector_agr,2001,2947.6862
rus,sex_f,eco_sector_agr,2002,2918.5652
rus,sex_f,eco_sector_agr,2003,2661.6706
rus,sex_f,eco_sector_agr,2005,2670.518
rus,sex_f,eco_sector_agr,2006,2629.361
rus,sex_f,eco_sector_agr,2007,2425
rus,sex_f,eco_sector_agr,2008,2304.928
rus,sex_f,eco_sector_agr,2009,2150.665
rus,sex_f,eco_sector_agr,2010,1914.045
rus,sex_f,eco_sector_agr,2011,1981.112
rus,sex_f,eco_sector_agr,2012,1898.153
rus,sex_f,eco_sector_agr,2013,1887.308
rus,sex_f,eco_sector_agr,2014,1801.815
rus,sex_f,eco_sector_agr,2015,1800.006
rus,sex_f,eco_sector_agr,2016,1766.91
rus,sex_f,eco_sector_agr,2017,1418.1335
rus,sex_f,eco_sector_agr,2018,1408.7076
rus,sex_f,eco_sector_agr,2019,1403.014
rus,sex_f,eco_sector_ind,1997,6613
rus,sex_f,eco_sector_ind,1998,6300
rus,sex_f,eco_sector_ind,1999,6741.4405
rus,sex_f,eco_sector_ind,2000,7020.6079
rus,sex_f,eco_sector_ind,2001,7353.9514
rus,sex_f,eco_sector_ind,2002,7511.7865
rus,sex_f,eco_sector_ind,2003,7235.805
rus,sex_f,eco_sector_ind,2005,6998.5024
rus,sex_f,eco_sector_ind,2006,6929.002
rus,sex_f,eco_sector_ind,2007,7044.25
rus,sex_f,eco_sector_ind,2008,6559.5224
rus,sex_f,eco_sector_ind,2009,6114.415
rus,sex_f,eco_sector_ind,2010,6077.0893
rus,sex_f,eco_sector_ind,2011,5944.782
rus,sex_f,eco_sector_ind,2012,5986.6798
rus,sex_f,eco_sector_ind,2013,5899.742
rus,sex_f,eco_sector_ind,2014,5783.8619
rus,sex_f,eco_sector_ind,2015,5655.4586
rus,sex_f,eco_sector_ind,2016,5632.8867
rus,sex_f,eco_sector_ind,2017,5549.5867
rus,sex_f,eco_sector_ind,2018,5551.7072
rus,sex_f,eco_sector_ind,2019,5412.9547
rus,sex_f,eco_sector_nag,1997,26225
rus,sex_f,eco_sector_nag,1998,25775
rus,sex_f,eco_sector_nag,2007,32496.25
rus,sex_f,eco_sector_nag,2017,33709.5802
rus,sex_f,eco_sector_nag,2018,33863.6596
rus,sex_f,eco_sector_ser,1997,19611
rus,sex_f,eco_sector_ser,1998,19473
rus,sex_f,eco_sector_ser,1999,19883.7248
rus,sex_f,eco_sector_ser,2000,20784.811
rus,sex_f,eco_sector_ser,2001,21317.1064
rus,sex_f,eco_sector_ser,2002,22214.3961
rus,sex_f,eco_sector_ser,2003,22688.5733
rus,sex_f,eco_sector_ser,2005,24085.673
rus,sex_f,eco_sector_ser,2006,24803.5675
rus,sex_f,eco_sector_ser,2007,25451.25
rus,sex_f,eco_sector_ser,2008,26036.1099
rus,sex_f,eco_sector_ser,2009,26074.2129
rus,sex_f,eco_sector_ser,2010,26376.283
rus,sex_f,eco_sector_ser,2011,26898.3213
rus,sex_f,eco_sector_ser,2012,27190.0939
rus,sex_f,eco_sector_ser,2013,27126.1838
rus,sex_f,eco_sector_ser,2014,27347.9518
rus,sex_f,eco_sector_ser,2015,27731.6574
rus,sex_f,eco_sector_ser,2016,27791.8361
rus,sex_f,eco_sector_ser,2017,28159.9936
rus,sex_f,eco_sector_ser,2018,28311.9524
rus,sex_f,eco_sector_ser,2019,28204.6542
rus,sex_f,eco_sector_total,1997,28467
rus,sex_f,eco_sector_total,1998,27851
rus,sex_f,eco_sector_total,1999,30374.57
rus,sex_f,eco_sector_total,2000,31496.3
rus,sex_f,eco_sector_total,2001,31618.74
rus,sex_f,eco_sector_total,2002,32644.75
rus,sex_f,eco_sector_total,2003,32586.05
rus,sex_f,eco_sector_total,2005,33754.69
rus,sex_f,eco_sector_total,2006,34361.93
rus,sex_f,eco_sector_total,2007,34920.5
rus,sex_f,eco_sector_total,2008,34900.56
rus,sex_f,eco_sector_total,2009,34339.29
rus,sex_f,eco_sector_total,2010,34367.42
rus,sex_f,eco_sector_total,2011,34824.21
rus,sex_f,eco_sector_total,2012,35074.93
rus,sex_f,eco_sector_total,2013,34913.23
rus,sex_f,eco_sector_total,2014,34933.63
rus,sex_f,eco_sector_total,2015,35187.12
rus,sex_f,eco_sector_total,2016,35191.63
rus,sex_f,eco_sector_total,2017,35127.7138
rus,sex_f,eco_sector_total,2018,35272.3672
rus,sex_f,eco_sector_total,2019,35020.62
rus,sex_m,eco_aggregate_agr,1997,5054
rus,sex_m,eco_aggregate_agr,1998,4758
rus,sex_m,eco_aggregate_agr,1999,5697.3757
rus,sex_m,eco_aggregate_agr,2000,5739.3776
rus,sex_m,eco_aggregate_agr,2001,4896.3137
rus,sex_m,eco_aggregate_agr,2002,4637.7558
rus,sex_m,eco_aggregate_agr,2003,4503.4962
rus,sex_m,eco_aggregate_agr,2005,4259.138
rus,sex_m,eco_aggregate_agr,2006,4201.498
rus,sex_m,eco_aggregate_agr,2007,3921
rus,sex_m,eco_aggregate_agr,2008,3753.46
rus,sex_m,eco_aggregate_agr,2009,3588.302
rus,sex_m,eco_aggregate_agr,2010,3503.914
rus,sex_m,eco_aggregate_agr,2011,3465.09
rus,sex_m,eco_aggregate_agr,2012,3343.355
rus,sex_m,eco_aggregate_agr,2013,3104.572
rus,sex_m,eco_aggregate_agr,2014,3008.778
rus,sex_m,eco_aggregate_agr,2015,3052.76
rus,sex_m,eco_aggregate_agr,2016,3096.25
rus,sex_m,eco_aggregate_agr,2017,2849.9122
rus,sex_m,eco_aggregate_agr,2018,2858.0594
rus,sex_m,eco_aggregate_agr,2019,2793.041
rus,sex_m,eco_aggregate_con,1997,2928
rus,sex_m,eco_aggregate_con,1998,2646
rus,sex_m,eco_aggregate_con,1999,2640.506
rus,sex_m,eco_aggregate_con,2000,2575.343
rus,sex_m,eco_aggregate_con,2001,2644.164
rus,sex_m,eco_aggregate_con,2002,2798.667
rus,sex_m,eco_aggregate_con,2003,3264.711
rus,sex_m,eco_aggregate_con,2005,3705.907
rus,sex_m,eco_aggregate_con,2006,3620.954
rus,sex_m,eco_aggregate_con,2007,4047.25
rus,sex_m,eco_aggregate_con,2008,4482.645
rus,sex_m,eco_aggregate_con,2009,4053.308
rus,sex_m,eco_aggregate_con,2010,4244.822
rus,sex_m,eco_aggregate_con,2011,4331.387
rus,sex_m,eco_aggregate_con,2012,4534.238
rus,sex_m,eco_aggregate_con,2013,4602.705
rus,sex_m,eco_aggregate_con,2014,4644.883
rus,sex_m,eco_aggregate_con,2015,4708.015
rus,sex_m,eco_aggregate_con,2016,4485.835
rus,sex_m,eco_aggregate_con,2017,4540.5109
rus,sex_m,eco_aggregate_con,2018,4449.1299
rus,sex_m,eco_aggregate_con,2019,4333.034
rus,sex_m,eco_aggregate_man,1997,6511
rus,sex_m,eco_aggregate_man,1998,6143
rus,sex_m,eco_aggregate_man,1999,6800.759
rus,sex_m,eco_aggregate_man,2000,7248.621
rus,sex_m,eco_aggregate_man,2001,7408.958
rus,sex_m,eco_aggregate_man,2002,7585.969
rus,sex_m,eco_aggregate_man,2003,7167.055
rus,sex_m,eco_aggregate_man,2005,6860.881
rus,sex_m,eco_aggregate_man,2006,6945.56
rus,sex_m,eco_aggregate_man,2007,7073
rus,sex_m,eco_aggregate_man,2008,6684.549
rus,sex_m,eco_aggregate_man,2009,6089.577
rus,sex_m,eco_aggregate_man,2010,6168.165
rus,sex_m,eco_aggregate_man,2011,6194.206
rus,sex_m,eco_aggregate_man,2012,6343.748
rus,sex_m,eco_aggregate_man,2013,6257.726
rus,sex_m,eco_aggregate_man,2014,6184.551
rus,sex_m,eco_aggregate_man,2015,6221.079
rus,sex_m,eco_aggregate_man,2016,6254.39
rus,sex_m,eco_aggregate_man,2017,6353.3278
rus,sex_m,eco_aggregate_man,2018,6291.191
rus,sex_m,eco_aggregate_man,2019,6399.195
rus,sex_m,eco_aggregate_mel,1997,1960
rus,sex_m,eco_aggregate_mel,1998,1941
rus,sex_m,eco_aggregate_mel,1999,2072.8145
rus,sex_m,eco_aggregate_mel,2000,2182.8417
rus,sex_m,eco_aggregate_mel,2001,2245.08
rus,sex_m,eco_aggregate_mel,2002,2213.3584
rus,sex_m,eco_aggregate_mel,2003,2387.0153
rus,sex_m,eco_aggregate_mel,2005,2431.565
rus,sex_m,eco_aggregate_mel,2006,2501.5408
rus,sex_m,eco_aggregate_mel,2007,2433
rus,sex_m,eco_aggregate_mel,2008,2626.7778
rus,sex_m,eco_aggregate_mel,2009,2829.0558
rus,sex_m,eco_aggregate_mel,2010,2922.7234
rus,sex_m,eco_aggregate_mel,2011,2980.9516
rus,sex_m,eco_aggregate_mel,2012,3034.3591
rus,sex_m,eco_aggregate_mel,2013,3081.8992
rus,sex_m,eco_aggregate_mel,2014,3130.7884
rus,sex_m,eco_aggregate_mel,2015,3148.3079
rus,sex_m,eco_aggregate_mel,2016,3184.1077
rus,sex_m,eco_aggregate_mel,2017,3059.3985
rus,sex_m,eco_aggregate_mel,2018,3152.1873
rus,sex_m,eco_aggregate_mel,2019,3121.7967
rus,sex_m,eco_aggregate_mkt,1997,8089
rus,sex_m,eco_aggregate_mkt,1998,8072
rus,sex_m,eco_aggregate_mkt,1999,8347.4773
rus,sex_m,eco_aggregate_mkt,2000,8674.9419
rus,sex_m,eco_aggregate_mkt,2001,9353.9379
rus,sex_m,eco_aggregate_mkt,2002,9967.4929
rus,sex_m,eco_aggregate_mkt,2003,10651.9726
rus,sex_m,eco_aggregate_mkt,2005,11424.7349
rus,sex_m,eco_aggregate_mkt,2006,11632.5481
rus,sex_m,eco_aggregate_mkt,2007,12100.25
rus,sex_m,eco_aggregate_mkt,2008,12280.837
rus,sex_m,eco_aggregate_mkt,2009,12017.0052
rus,sex_m,eco_aggregate_mkt,2010,12195.1148
rus,sex_m,eco_aggregate_mkt,2011,12703.1929
rus,sex_m,eco_aggregate_mkt,2012,12872.6301
rus,sex_m,eco_aggregate_mkt,2013,13144.5144
rus,sex_m,eco_aggregate_mkt,2014,13361.2902
rus,sex_m,eco_aggregate_mkt,2015,13576.7156
rus,sex_m,eco_aggregate_mkt,2016,13625.4551
rus,sex_m,eco_aggregate_mkt,2017,13904.0781
rus,sex_m,eco_aggregate_mkt,2018,14050.1235
rus,sex_m,eco_aggregate_mkt,2019,14041.3878
rus,sex_m,eco_aggregate_pub,1997,7012
rus,sex_m,eco_aggregate_pub,1998,7054
rus,sex_m,eco_aggregate_pub,1999,7011.3372
rus,sex_m,eco_aggregate_pub,2000,7152.9831
rus,sex_m,eco_aggregate_pub,2001,6955.7134
rus,sex_m,eco_aggregate_pub,2002,6810.869
rus,sex_m,eco_aggregate_pub,2003,5779.1087
rus,sex_m,eco_aggregate_pub,2005,5902.0726
rus,sex_m,eco_aggregate_pub,2006,5904.7061
rus,sex_m,eco_aggregate_pub,2007,6075.75
rus,sex_m,eco_aggregate_pub,2008,6274.2327
rus,sex_m,eco_aggregate_pub,2009,6493.9176
rus,sex_m,eco_aggregate_pub,2010,6531.5534
rus,sex_m,eco_aggregate_pub,2011,6357.5694
rus,sex_m,eco_aggregate_pub,2012,6342.1587
rus,sex_m,eco_aggregate_pub,2013,6286.809
rus,sex_m,eco_aggregate_pub,2014,6275.1255
rus,sex_m,eco_aggregate_pub,2015,6429.6229
rus,sex_m,eco_aggregate_pub,2016,6554.9574
rus,sex_m,eco_aggregate_pub,2017,6480.9947
rus,sex_m,eco_aggregate_pub,2018,6458.5816
rus,sex_m,eco_aggregate_pub,2019,6224.0036
rus,sex_m,eco_aggregate_total,1997,31554
rus,sex_m,eco_aggregate_total,1998,30613
rus,sex_m,eco_aggregate_total,1999,32570.27
rus,sex_m,eco_aggregate_total,2000,33574.11
rus,sex_m,eco_aggregate_total,2001,33504.17
rus,sex_m,eco_aggregate_total,2002,34014.11
rus,sex_m,eco_aggregate_total,2003,33753.36
rus,sex_m,eco_aggregate_total,2005,34584.3
rus,sex_m,eco_aggregate_total,2006,34806.8
rus,sex_m,eco_aggregate_total,2007,35650.25
rus,sex_m,eco_aggregate_total,2008,36102.5
rus,sex_m,eco_aggregate_total,2009,35071.16
rus,sex_m,eco_aggregate_total,2010,35566.29
rus,sex_m,eco_aggregate_total,2011,36032.4
rus,sex_m,eco_aggregate_total,2012,36470.49
rus,sex_m,eco_aggregate_total,2013,36478.23
rus,sex_m,eco_aggregate_total,2014,36605.41
rus,sex_m,eco_aggregate_total,2015,37136.5
rus,sex_m,eco_aggregate_total,2016,37201
rus,sex_m,eco_aggregate_total,2017,37188.2222
rus,sex_m,eco_aggregate_total,2018,37259.2727
rus,sex_m,eco_aggregate_total,2019,36912.46
rus,sex_m,eco_isic3_a,1997,4874
rus,sex_m,eco_isic3_a,1998,4632
rus,sex_m,eco_isic3_a,1999,5572.407
rus,sex_m,eco_isic3_a,2000,5585.202
rus,sex_m,eco_isic3_a,2001,4732.356
rus,sex_m,eco_isic3_a,2002,4506.128
rus,sex_m,eco_isic3_a,2003,4331.336
rus,sex_m,eco_isic3_a,2007,3921
rus,sex_m,eco_isic3_b,1997,180
rus,sex_m,eco_isic3_b,1998,126
rus,sex_m,eco_isic3_b,1999,124.9687
rus,sex_m,eco_isic3_b,2000,154.1756
rus,sex_m,eco_isic3_b,2001,163.9577
rus,sex_m,eco_isic3_b,2002,131.6278
rus,sex_m,eco_isic3_b,2003,172.1602
rus,sex_m,eco_isic3_c,1997,878
rus,sex_m,eco_isic3_c,1998,784
rus,sex_m,eco_isic3_c,1999,896.6535
rus,sex_m,eco_isic3_c,2000,961.4837
rus,sex_m,eco_isic3_c,2001,1029.865
rus,sex_m,eco_isic3_c,2002,921.3904
rus,sex_m,eco_isic3_c,2003,952.9003
rus,sex_m,eco_isic3_c,2007,1043.5
rus,sex_m,eco_isic3_d,1997,6511
rus,sex_m,eco_isic3_d,1998,6143
rus,sex_m,eco_isic3_d,1999,6800.759
rus,sex_m,eco_isic3_d,2000,7248.621
rus,sex_m,eco_isic3_d,2001,7408.958
rus,sex_m,eco_isic3_d,2002,7585.969
rus,sex_m,eco_isic3_d,2003,7167.055
rus,sex_m,eco_isic3_d,2007,7073
rus,sex_m,eco_isic3_e,1997,1082
rus,sex_m,eco_isic3_e,1998,1157
rus,sex_m,eco_isic3_e,1999,1176.161
rus,sex_m,eco_isic3_e,2000,1221.358
rus,sex_m,eco_isic3_e,2001,1215.215
rus,sex_m,eco_isic3_e,2002,1291.968
rus,sex_m,eco_isic3_e,2003,1434.115
rus,sex_m,eco_isic3_e,2007,1389.5
rus,sex_m,eco_isic3_f,1997,2928
rus,sex_m,eco_isic3_f,1998,2646
rus,sex_m,eco_isic3_f,1999,2640.506
rus,sex_m,eco_isic3_f,2000,2575.343
rus,sex_m,eco_isic3_f,2001,2644.164
rus,sex_m,eco_isic3_f,2002,2798.667
rus,sex_m,eco_isic3_f,2003,3264.711
rus,sex_m,eco_isic3_f,2007,4047.25
rus,sex_m,eco_isic3_g,1997,2961
rus,sex_m,eco_isic3_g,1998,2950
rus,sex_m,eco_isic3_g,1999,3094.716
rus,sex_m,eco_isic3_g,2000,3267.763
rus,sex_m,eco_isic3_g,2001,3592.499
rus,sex_m,eco_isic3_g,2002,3841.185
rus,sex_m,eco_isic3_g,2003,3837.306
rus,sex_m,eco_isic3_g,2007,4594.25
rus,sex_m,eco_isic3_h,1997,124
rus,sex_m,eco_isic3_h,1998,133
rus,sex_m,eco_isic3_h,1999,183.0662
rus,sex_m,eco_isic3_h,2000,180.9709
rus,sex_m,eco_isic3_h,2001,194.822
rus,sex_m,eco_isic3_h,2002,220.8705
rus,sex_m,eco_isic3_h,2003,265.3173
rus,sex_m,eco_isic3_i,1997,3805
rus,sex_m,eco_isic3_i,1998,3719
rus,sex_m,eco_isic3_i,1999,3798.262
rus,sex_m,eco_isic3_i,2000,3794.085
rus,sex_m,eco_isic3_i,2001,4031.569
rus,sex_m,eco_isic3_i,2002,4133.362
rus,sex_m,eco_isic3_i,2003,4195.56
rus,sex_m,eco_isic3_i,2007,4593.5
rus,sex_m,eco_isic3_j,1997,260
rus,sex_m,eco_isic3_j,1998,252
rus,sex_m,eco_isic3_j,1999,281.5635
rus,sex_m,eco_isic3_j,2000,272.776
rus,sex_m,eco_isic3_j,2001,257.2139
rus,sex_m,eco_isic3_j,2002,265.7494
rus,sex_m,eco_isic3_j,2003,271.2583
rus,sex_m,eco_isic3_j,2007,2912.5
rus,sex_m,eco_isic3_k,1997,939
rus,sex_m,eco_isic3_k,1998,1018
rus,sex_m,eco_isic3_k,1999,989.8696
rus,sex_m,eco_isic3_k,2000,1159.347
rus,sex_m,eco_isic3_k,2001,1277.834
rus,sex_m,eco_isic3_k,2002,1506.326
rus,sex_m,eco_isic3_k,2003,2082.531
rus,sex_m,eco_isic3_l,1997,2714
rus,sex_m,eco_isic3_l,1998,2723
rus,sex_m,eco_isic3_l,1999,3102.554
rus,sex_m,eco_isic3_l,2000,3163.668
rus,sex_m,eco_isic3_l,2001,3174.667
rus,sex_m,eco_isic3_l,2002,3045.014
rus,sex_m,eco_isic3_l,2003,2986.828
rus,sex_m,eco_isic3_l,2007,3076
rus,sex_m,eco_isic3_m,1997,1104
rus,sex_m,eco_isic3_m,1998,1156
rus,sex_m,eco_isic3_m,1999,1195.441
rus,sex_m,eco_isic3_m,2000,1187.708
rus,sex_m,eco_isic3_m,2001,1135.963
rus,sex_m,eco_isic3_m,2002,1164.83
rus,sex_m,eco_isic3_m,2003,1191.447
rus,sex_m,eco_isic3_m,2007,1268
rus,sex_m,eco_isic3_n,1997,760
rus,sex_m,eco_isic3_n,1998,768
rus,sex_m,eco_isic3_n,1999,790.5068
rus,sex_m,eco_isic3_n,2000,802.3918
rus,sex_m,eco_isic3_n,2001,864.9897
rus,sex_m,eco_isic3_n,2002,859.3784
rus,sex_m,eco_isic3_n,2003,892.7316
rus,sex_m,eco_isic3_n,2007,964.5
rus,sex_m,eco_isic3_o,1997,2434
rus,sex_m,eco_isic3_o,1998,2383
rus,sex_m,eco_isic3_o,1999,1894.018
rus,sex_m,eco_isic3_o,2000,1984.266
rus,sex_m,eco_isic3_o,2001,1770.016
rus,sex_m,eco_isic3_o,2002,1735.004
rus,sex_m,eco_isic3_o,2003,702.8408
rus,sex_m,eco_isic3_o,2007,767.25
rus,sex_m,eco_isic3_p,1998,19
rus,sex_m,eco_isic3_p,1999,22.337
rus,sex_m,eco_isic3_p,2000,11.7728
rus,sex_m,eco_isic3_p,2001,6.0481
rus,sex_m,eco_isic3_p,2002,5.43
rus,sex_m,eco_isic3_p,2003,2.5268
rus,sex_m,eco_isic3_q,1998,5
rus,sex_m,eco_isic3_q,1999,6.4804
rus,sex_m,eco_isic3_q,2000,3.1765
rus,sex_m,eco_isic3_q,2001,4.0296
rus,sex_m,eco_isic3_q,2002,1.2126
rus,sex_m,eco_isic3_q,2003,2.7345
rus,sex_m,eco_isic3_total,1997,31554
rus,sex_m,eco_isic3_total,1998,30613
rus,sex_m,eco_isic3_total,1999,32570.27
rus,sex_m,eco_isic3_total,2000,33574.11
rus,sex_m,eco_isic3_total,2001,33504.17
rus,sex_m,eco_isic3_total,2002,34014.11
rus,sex_m,eco_isic3_total,2003,33753.36
rus,sex_m,eco_isic3_total,2007,35650.25
rus,sex_m,eco_isic4_a,2005,4259.138
rus,sex_m,eco_isic4_a,2006,4201.498
rus,sex_m,eco_isic4_a,2008,3753.46
rus,sex_m,eco_isic4_a,2009,3588.302
rus,sex_m,eco_isic4_a,2010,3503.914
rus,sex_m,eco_isic4_a,2011,3465.09
rus,sex_m,eco_isic4_a,2012,3343.355
rus,sex_m,eco_isic4_a,2013,3104.572
rus,sex_m,eco_isic4_a,2014,3008.778
rus,sex_m,eco_isic4_a,2015,3052.76
rus,sex_m,eco_isic4_a,2016,3096.25
rus,sex_m,eco_isic4_a,2017,2849.9122
rus,sex_m,eco_isic4_a,2018,2858.0594
rus,sex_m,eco_isic4_a,2019,2793.041
rus,sex_m,eco_isic4_b,2005,952.0259
rus,sex_m,eco_isic4_b,2006,926.7331
rus,sex_m,eco_isic4_b,2008,1038.339
rus,sex_m,eco_isic4_b,2009,1083.621
rus,sex_m,eco_isic4_b,2010,1117.203
rus,sex_m,eco_isic4_b,2011,1158.384
rus,sex_m,eco_isic4_b,2012,1158.459
rus,sex_m,eco_isic4_b,2013,1240.262
rus,sex_m,eco_isic4_b,2014,1231.407
rus,sex_m,eco_isic4_b,2015,1225.822
rus,sex_m,eco_isic4_b,2016,1284.607
rus,sex_m,eco_isic4_b,2017,1293.1831
rus,sex_m,eco_isic4_b,2018,1367.1932
rus,sex_m,eco_isic4_b,2019,1360.945
rus,sex_m,eco_isic4_c,2005,6860.881
rus,sex_m,eco_isic4_c,2006,6945.56
rus,sex_m,eco_isic4_c,2008,6684.549
rus,sex_m,eco_isic4_c,2009,6089.577
rus,sex_m,eco_isic4_c,2010,6168.165
rus,sex_m,eco_isic4_c,2011,6194.206
rus,sex_m,eco_isic4_c,2012,6343.748
rus,sex_m,eco_isic4_c,2013,6257.726
rus,sex_m,eco_isic4_c,2014,6184.551
rus,sex_m,eco_isic4_c,2015,6221.079
rus,sex_m,eco_isic4_c,2016,6254.39
rus,sex_m,eco_isic4_c,2017,6353.3278
rus,sex_m,eco_isic4_c,2018,6291.191
rus,sex_m,eco_isic4_c,2019,6399.195
rus,sex_m,eco_isic4_d,2005,1184.839
rus,sex_m,eco_isic4_d,2006,1272.525
rus,sex_m,eco_isic4_d,2008,1281.502
rus,sex_m,eco_isic4_d,2009,1382.133
rus,sex_m,eco_isic4_d,2010,1418.301
rus,sex_m,eco_isic4_d,2011,1452.213
rus,sex_m,eco_isic4_d,2012,1484.603
rus,sex_m,eco_isic4_d,2013,1454.934
rus,sex_m,eco_isic4_d,2014,1514.113
rus,sex_m,eco_isic4_d,2015,1503.194
rus,sex_m,eco_isic4_d,2016,1482.865
rus,sex_m,eco_isic4_d,2017,1418.5224
rus,sex_m,eco_isic4_d,2018,1430.5753
rus,sex_m,eco_isic4_d,2019,1401.018
rus,sex_m,eco_isic4_e,2005,294.7001
rus,sex_m,eco_isic4_e,2006,302.2827
rus,sex_m,eco_isic4_e,2008,306.9368
rus,sex_m,eco_isic4_e,2009,363.3018
rus,sex_m,eco_isic4_e,2010,387.2194
rus,sex_m,eco_isic4_e,2011,370.3546
rus,sex_m,eco_isic4_e,2012,391.2971
rus,sex_m,eco_isic4_e,2013,386.7032
rus,sex_m,eco_isic4_e,2014,385.2684
rus,sex_m,eco_isic4_e,2015,419.2919
rus,sex_m,eco_isic4_e,2016,416.6357
rus,sex_m,eco_isic4_e,2017,347.693
rus,sex_m,eco_isic4_e,2018,354.4188
rus,sex_m,eco_isic4_e,2019,359.8337
rus,sex_m,eco_isic4_f,2005,3705.907
rus,sex_m,eco_isic4_f,2006,3620.954
rus,sex_m,eco_isic4_f,2008,4482.645
rus,sex_m,eco_isic4_f,2009,4053.308
rus,sex_m,eco_isic4_f,2010,4244.822
rus,sex_m,eco_isic4_f,2011,4331.387
rus,sex_m,eco_isic4_f,2012,4534.238
rus,sex_m,eco_isic4_f,2013,4602.705
rus,sex_m,eco_isic4_f,2014,4644.883
rus,sex_m,eco_isic4_f,2015,4708.015
rus,sex_m,eco_isic4_f,2016,4485.835
rus,sex_m,eco_isic4_f,2017,4540.5109
rus,sex_m,eco_isic4_f,2018,4449.1299
rus,sex_m,eco_isic4_f,2019,4333.034
rus,sex_m,eco_isic4_g,2005,3918.928
rus,sex_m,eco_isic4_g,2006,3967.049
rus,sex_m,eco_isic4_g,2008,4058.825
rus,sex_m,eco_isic4_g,2009,3890.366
rus,sex_m,eco_isic4_g,2010,4005.982
rus,sex_m,eco_isic4_g,2011,4133.214
rus,sex_m,eco_isic4_g,2012,4271.652
rus,sex_m,eco_isic4_g,2013,4333.039
rus,sex_m,eco_isic4_g,2014,4372.723
rus,sex_m,eco_isic4_g,2015,4328.536
rus,sex_m,eco_isic4_g,2016,4381.829
rus,sex_m,eco_isic4_g,2017,4428.4665
rus,sex_m,eco_isic4_g,2018,4392.2858
rus,sex_m,eco_isic4_g,2019,4308.399
rus,sex_m,eco_isic4_h,2005,3985.491
rus,sex_m,eco_isic4_h,2006,4009.477
rus,sex_m,eco_isic4_h,2008,4358.5
rus,sex_m,eco_isic4_h,2009,4259.629
rus,sex_m,eco_isic4_h,2010,4270.57
rus,sex_m,eco_isic4_h,2011,4384.21
rus,sex_m,eco_isic4_h,2012,4438.874
rus,sex_m,eco_isic4_h,2013,4543.087
rus,sex_m,eco_isic4_h,2014,4525.591
rus,sex_m,eco_isic4_h,2015,4686.138
rus,sex_m,eco_isic4_h,2016,4661.185
rus,sex_m,eco_isic4_h,2017,4770.8559
rus,sex_m,eco_isic4_h,2018,4814.7141
rus,sex_m,eco_isic4_h,2019,4907.385
rus,sex_m,eco_isic4_i,2005,292.4231
rus,sex_m,eco_isic4_i,2006,296.266
rus,sex_m,eco_isic4_i,2008,309.5056
rus,sex_m,eco_isic4_i,2009,304.0094
rus,sex_m,eco_isic4_i,2010,308.7405
rus,sex_m,eco_isic4_i,2011,352.4124
rus,sex_m,eco_isic4_i,2012,352.5749
rus,sex_m,eco_isic4_i,2013,375.6284
rus,sex_m,eco_isic4_i,2014,414.0548
rus,sex_m,eco_isic4_i,2015,438.2298
rus,sex_m,eco_isic4_i,2016,486.866
rus,sex_m,eco_isic4_i,2017,488.0273
rus,sex_m,eco_isic4_i,2018,524.5025
rus,sex_m,eco_isic4_i,2019,498.7159
rus,sex_m,eco_isic4_j,2005,636.4548
rus,sex_m,eco_isic4_j,2006,675.4889
rus,sex_m,eco_isic4_j,2008,675.1847
rus,sex_m,eco_isic4_j,2009,712.1197
rus,sex_m,eco_isic4_j,2010,704.0167
rus,sex_m,eco_isic4_j,2011,753.8326
rus,sex_m,eco_isic4_j,2012,764.3096
rus,sex_m,eco_isic4_j,2013,769.3498
rus,sex_m,eco_isic4_j,2014,801.0977
rus,sex_m,eco_isic4_j,2015,798.8157
rus,sex_m,eco_isic4_j,2016,815.0742
rus,sex_m,eco_isic4_j,2017,817.7398
rus,sex_m,eco_isic4_j,2018,820.8487
rus,sex_m,eco_isic4_j,2019,847.4774
rus,sex_m,eco_isic4_k,2005,347.0713
rus,sex_m,eco_isic4_k,2006,362.1684
rus,sex_m,eco_isic4_k,2008,412.9576
rus,sex_m,eco_isic4_k,2009,413.4895
rus,sex_m,eco_isic4_k,2010,440.2557
rus,sex_m,eco_isic4_k,2011,470.2115
rus,sex_m,eco_isic4_k,2012,476.9875
rus,sex_m,eco_isic4_k,2013,514.0087
rus,sex_m,eco_isic4_k,2014,497.7968
rus,sex_m,eco_isic4_k,2015,515.929
rus,sex_m,eco_isic4_k,2016,516.0014
rus,sex_m,eco_isic4_k,2017,509.0151
rus,sex_m,eco_isic4_k,2018,518.6795
rus,sex_m,eco_isic4_k,2019,508.027
rus,sex_m,eco_isic4_l,2005,799.1713
rus,sex_m,eco_isic4_l,2006,729.4165
rus,sex_m,eco_isic4_l,2008,736.5681
rus,sex_m,eco_isic4_l,2009,725.4775
rus,sex_m,eco_isic4_l,2010,736.3894
rus,sex_m,eco_isic4_l,2011,759.2458
rus,sex_m,eco_isic4_l,2012,735.5258
rus,sex_m,eco_isic4_l,2013,710.624
rus,sex_m,eco_isic4_l,2014,737.0396
rus,sex_m,eco_isic4_l,2015,769.9019
rus,sex_m,eco_isic4_l,2016,724.8265
rus,sex_m,eco_isic4_l,2017,688.279
rus,sex_m,eco_isic4_l,2018,696.8631
rus,sex_m,eco_isic4_l,2019,691.9015
rus,sex_m,eco_isic4_m,2005,939.8559
rus,sex_m,eco_isic4_m,2006,1025.566
rus,sex_m,eco_isic4_m,2008,1047.747
rus,sex_m,eco_isic4_m,2009,1013.484
rus,sex_m,eco_isic4_m,2010,996.8608
rus,sex_m,eco_isic4_m,2011,1030.142
rus,sex_m,eco_isic4_m,2012,1009.884
rus,sex_m,eco_isic4_m,2013,1054.57
rus,sex_m,eco_isic4_m,2014,1154.852
rus,sex_m,eco_isic4_m,2015,1336.201
rus,sex_m,eco_isic4_m,2016,1471.747
rus,sex_m,eco_isic4_m,2017,1126.3835
rus,sex_m,eco_isic4_m,2018,1132.8799
rus,sex_m,eco_isic4_m,2019,1127.437
rus,sex_m,eco_isic4_n,2005,505.3395
rus,sex_m,eco_isic4_n,2006,567.1163
rus,sex_m,eco_isic4_n,2008,681.549
rus,sex_m,eco_isic4_n,2009,698.4301
rus,sex_m,eco_isic4_n,2010,732.2997
rus,sex_m,eco_isic4_n,2011,819.9246
rus,sex_m,eco_isic4_n,2012,822.8223
rus,sex_m,eco_isic4_n,2013,844.2075
rus,sex_m,eco_isic4_n,2014,858.1353
rus,sex_m,eco_isic4_n,2015,702.9642
rus,sex_m,eco_isic4_n,2016,567.926
rus,sex_m,eco_isic4_n,2017,1075.311
rus,sex_m,eco_isic4_n,2018,1149.3499
rus,sex_m,eco_isic4_n,2019,1152.045
rus,sex_m,eco_isic4_o,2005,3065.718
rus,sex_m,eco_isic4_o,2006,3019.515
rus,sex_m,eco_isic4_o,2008,3243.471
rus,sex_m,eco_isic4_o,2009,3357.354
rus,sex_m,eco_isic4_o,2010,3398.705
rus,sex_m,eco_isic4_o,2011,3237.697
rus,sex_m,eco_isic4_o,2012,3169.385
rus,sex_m,eco_isic4_o,2013,3104.378
rus,sex_m,eco_isic4_o,2014,3086.949
rus,sex_m,eco_isic4_o,2015,3148.1
rus,sex_m,eco_isic4_o,2016,3202.118
rus,sex_m,eco_isic4_o,2017,3091.3409
rus,sex_m,eco_isic4_o,2018,3048.3951
rus,sex_m,eco_isic4_o,2019,2910.477
rus,sex_m,eco_isic4_p,2005,1273.571
rus,sex_m,eco_isic4_p,2006,1217.766
rus,sex_m,eco_isic4_p,2008,1226.709
rus,sex_m,eco_isic4_p,2009,1226.901
rus,sex_m,eco_isic4_p,2010,1233.151
rus,sex_m,eco_isic4_p,2011,1201.505
rus,sex_m,eco_isic4_p,2012,1225.354
rus,sex_m,eco_isic4_p,2013,1200.779
rus,sex_m,eco_isic4_p,2014,1171.188
rus,sex_m,eco_isic4_p,2015,1196.602
rus,sex_m,eco_isic4_p,2016,1206.468
rus,sex_m,eco_isic4_p,2017,1240.8593
rus,sex_m,eco_isic4_p,2018,1232.8808
rus,sex_m,eco_isic4_p,2019,1225.865
rus,sex_m,eco_isic4_q,2005,825.9085
rus,sex_m,eco_isic4_q,2006,894.7557
rus,sex_m,eco_isic4_q,2008,976.2234
rus,sex_m,eco_isic4_q,2009,1034.321
rus,sex_m,eco_isic4_q,2010,1035.816
rus,sex_m,eco_isic4_q,2011,1029.281
rus,sex_m,eco_isic4_q,2012,1081.011
rus,sex_m,eco_isic4_q,2013,1071.601
rus,sex_m,eco_isic4_q,2014,1105.359
rus,sex_m,eco_isic4_q,2015,1114.532
rus,sex_m,eco_isic4_q,2016,1186.426
rus,sex_m,eco_isic4_q,2017,1185.1078
rus,sex_m,eco_isic4_q,2018,1240.3187
rus,sex_m,eco_isic4_q,2019,1150.766
rus,sex_m,eco_isic4_r,2005,327.0925
rus,sex_m,eco_isic4_r,2006,333.3555
rus,sex_m,eco_isic4_r,2008,357.7357
rus,sex_m,eco_isic4_r,2009,343.7531
rus,sex_m,eco_isic4_r,2010,356.2925
rus,sex_m,eco_isic4_r,2011,366.4901
rus,sex_m,eco_isic4_r,2012,374.1193
rus,sex_m,eco_isic4_r,2013,376.5948
rus,sex_m,eco_isic4_r,2014,383.993
rus,sex_m,eco_isic4_r,2015,410.9168
rus,sex_m,eco_isic4_r,2016,418.4649
rus,sex_m,eco_isic4_r,2017,455.4231
rus,sex_m,eco_isic4_r,2018,449.1446
rus,sex_m,eco_isic4_r,2019,489.4965
rus,sex_m,eco_isic4_s,2005,403.2964
rus,sex_m,eco_isic4_s,2006,431.8957
rus,sex_m,eco_isic4_s,2008,457.3119
rus,sex_m,eco_isic4_s,2009,519.7202
rus,sex_m,eco_isic4_s,2010,496.7501
rus,sex_m,eco_isic4_s,2011,508.9417
rus,sex_m,eco_isic4_s,2012,476.2156
rus,sex_m,eco_isic4_s,2013,520.0296
rus,sex_m,eco_isic4_s,2014,513.8884
rus,sex_m,eco_isic4_s,2015,547.7201
rus,sex_m,eco_isic4_s,2016,528.661
rus,sex_m,eco_isic4_s,2017,495.8984
rus,sex_m,eco_isic4_s,2018,475.0031
rus,sex_m,eco_isic4_s,2019,438.6499
rus,sex_m,eco_isic4_t,2005,3.8575
rus,sex_m,eco_isic4_t,2006,4.9526
rus,sex_m,eco_isic4_t,2008,8.8092
rus,sex_m,eco_isic4_t,2009,11.1868
rus,sex_m,eco_isic4_t,2010,10.2664
rus,sex_m,eco_isic4_t,2011,12.1066
rus,sex_m,eco_isic4_t,2012,10.6736
rus,sex_m,eco_isic4_t,2013,11.5496
rus,sex_m,eco_isic4_t,2014,12.2138
rus,sex_m,eco_isic4_t,2015,7.5637
rus,sex_m,eco_isic4_t,2016,8.8474
rus,sex_m,eco_isic4_t,2017,10.0521
rus,sex_m,eco_isic4_t,2018,6.7063
rus,sex_m,eco_isic4_t,2019,5.5056
rus,sex_m,eco_isic4_total,2005,34584.3
rus,sex_m,eco_isic4_total,2006,34806.8
rus,sex_m,eco_isic4_total,2008,36102.5
rus,sex_m,eco_isic4_total,2009,35071.16
rus,sex_m,eco_isic4_total,2010,35566.29
rus,sex_m,eco_isic4_total,2011,36032.4
rus,sex_m,eco_isic4_total,2012,36470.49
rus,sex_m,eco_isic4_total,2013,36478.23
rus,sex_m,eco_isic4_total,2014,36605.41
rus,sex_m,eco_isic4_total,2015,37136.5
rus,sex_m,eco_isic4_total,2016,37201
rus,sex_m,eco_isic4_total,2017,37188.2222
rus,sex_m,eco_isic4_total,2018,37259.2727
rus,sex_m,eco_isic4_total,2019,36912.46
rus,sex_m,eco_isic4_u,2005,2.6287
rus,sex_m,eco_isic4_u,2006,2.4655
rus,sex_m,eco_isic4_u,2008,3.9724
rus,sex_m,eco_isic4_u,2009,0.6814
rus,sex_m,eco_isic4_u,2010,0.5724
rus,sex_m,eco_isic4_u,2011,1.548
rus,sex_m,eco_isic4_u,2012,5.4002
rus,sex_m,eco_isic4_u,2013,1.877
rus,sex_m,eco_isic4_u,2014,1.5343
rus,sex_m,eco_isic4_u,2015,4.1883
rus,sex_m,eco_isic4_u,2016,3.9722
rus,sex_m,eco_isic4_u,2017,2.3131
rus,sex_m,eco_isic4_u,2018,6.133
rus,sex_m,eco_isic4_u,2019,3.2437
rus,sex_m,eco_sector_agr,1997,5054
rus,sex_m,eco_sector_agr,1998,4758
rus,sex_m,eco_sector_agr,1999,5697.3757
rus,sex_m,eco_sector_agr,2000,5739.3776
rus,sex_m,eco_sector_agr,2001,4896.3137
rus,sex_m,eco_sector_agr,2002,4637.7558
rus,sex_m,eco_sector_agr,2003,4503.4962
rus,sex_m,eco_sector_agr,2005,4259.138
rus,sex_m,eco_sector_agr,2006,4201.498
rus,sex_m,eco_sector_agr,2007,3921
rus,sex_m,eco_sector_agr,2008,3753.46
rus,sex_m,eco_sector_agr,2009,3588.302
rus,sex_m,eco_sector_agr,2010,3503.914
rus,sex_m,eco_sector_agr,2011,3465.09
rus,sex_m,eco_sector_agr,2012,3343.355
rus,sex_m,eco_sector_agr,2013,3104.572
rus,sex_m,eco_sector_agr,2014,3008.778
rus,sex_m,eco_sector_agr,2015,3052.76
rus,sex_m,eco_sector_agr,2016,3096.25
rus,sex_m,eco_sector_agr,2017,2849.9122
rus,sex_m,eco_sector_agr,2018,2858.0594
rus,sex_m,eco_sector_agr,2019,2793.041
rus,sex_m,eco_sector_ind,1997,11399
rus,sex_m,eco_sector_ind,1998,10730
rus,sex_m,eco_sector_ind,1999,11514.0795
rus,sex_m,eco_sector_ind,2000,12006.8057
rus,sex_m,eco_sector_ind,2001,12298.202
rus,sex_m,eco_sector_ind,2002,12597.9944
rus,sex_m,eco_sector_ind,2003,12818.7813
rus,sex_m,eco_sector_ind,2005,12998.353
rus,sex_m,eco_sector_ind,2006,13068.0548
rus,sex_m,eco_sector_ind,2007,13553.25
rus,sex_m,eco_sector_ind,2008,13793.9718
rus,sex_m,eco_sector_ind,2009,12971.9408
rus,sex_m,eco_sector_ind,2010,13335.7104
rus,sex_m,eco_sector_ind,2011,13506.5446
rus,sex_m,eco_sector_ind,2012,13912.3451
rus,sex_m,eco_sector_ind,2013,13942.3302
rus,sex_m,eco_sector_ind,2014,13960.2224
rus,sex_m,eco_sector_ind,2015,14077.4019
rus,sex_m,eco_sector_ind,2016,13924.3327
rus,sex_m,eco_sector_ind,2017,13953.2372
rus,sex_m,eco_sector_ind,2018,13892.5082
rus,sex_m,eco_sector_ind,2019,13854.0257
rus,sex_m,eco_sector_nag,1997,26500
rus,sex_m,eco_sector_nag,1998,25855
rus,sex_m,eco_sector_nag,2007,31730.5
rus,sex_m,eco_sector_nag,2017,34338.31
rus,sex_m,eco_sector_nag,2018,34401.2133
rus,sex_m,eco_sector_ser,1997,15101
rus,sex_m,eco_sector_ser,1998,15126
rus,sex_m,eco_sector_ser,1999,15358.8145
rus,sex_m,eco_sector_ser,2000,15827.925
rus,sex_m,eco_sector_ser,2001,16309.6513
rus,sex_m,eco_sector_ser,2002,16778.3619
rus,sex_m,eco_sector_ser,2003,16431.0813
rus,sex_m,eco_sector_ser,2005,17326.8075
rus,sex_m,eco_sector_ser,2006,17537.2542
rus,sex_m,eco_sector_ser,2007,18176
rus,sex_m,eco_sector_ser,2008,18555.0697
rus,sex_m,eco_sector_ser,2009,18510.9228
rus,sex_m,eco_sector_ser,2010,18726.6682
rus,sex_m,eco_sector_ser,2011,19060.7623
rus,sex_m,eco_sector_ser,2012,19214.7888
rus,sex_m,eco_sector_ser,2013,19431.3234
rus,sex_m,eco_sector_ser,2014,19636.4157
rus,sex_m,eco_sector_ser,2015,20006.3385
rus,sex_m,eco_sector_ser,2016,20180.4125
rus,sex_m,eco_sector_ser,2017,20385.0728
rus,sex_m,eco_sector_ser,2018,20508.7051
rus,sex_m,eco_sector_ser,2019,20265.3914
rus,sex_m,eco_sector_total,1997,31554
rus,sex_m,eco_sector_total,1998,30613
rus,sex_m,eco_sector_total,1999,32570.27
rus,sex_m,eco_sector_total,2000,33574.11
rus,sex_m,eco_sector_total,2001,33504.17
rus,sex_m,eco_sector_total,2002,34014.11
rus,sex_m,eco_sector_total,2003,33753.36
rus,sex_m,eco_sector_total,2005,34584.3
rus,sex_m,eco_sector_total,2006,34806.8
rus,sex_m,eco_sector_total,2007,35650.25
rus,sex_m,eco_sector_total,2008,36102.5
rus,sex_m,eco_sector_total,2009,35071.16
rus,sex_m,eco_sector_total,2010,35566.29
rus,sex_m,eco_sector_total,2011,36032.4
rus,sex_m,eco_sector_total,2012,36470.49
rus,sex_m,eco_sector_total,2013,36478.23
rus,sex_m,eco_sector_total,2014,36605.41
rus,sex_m,eco_sector_total,2015,37136.5
rus,sex_m,eco_sector_total,2016,37201
rus,sex_m,eco_sector_total,2017,37188.2222
rus,sex_m,eco_sector_total,2018,37259.2727
rus,sex_m,eco_sector_total,2019,36912.46
rus,sex_t,eco_aggregate_agr,1990,10449.1
rus,sex_t,eco_aggregate_agr,1991,10485.9
rus,sex_t,eco_aggregate_agr,1992,11078.9
rus,sex_t,eco_aggregate_agr,1993,10992.5
rus,sex_t,eco_aggregate_agr,1994,11029
rus,sex_t,eco_aggregate_agr,1995,10442.8
rus,sex_t,eco_aggregate_agr,1996,10069
rus,sex_t,eco_aggregate_agr,1997,7296
rus,sex_t,eco_aggregate_agr,1998,6833
rus,sex_t,eco_aggregate_agr,1999,9446.7846
rus,sex_t,eco_aggregate_agr,2000,9430.2566
rus,sex_t,eco_aggregate_agr,2001,7843.9999
rus,sex_t,eco_aggregate_agr,2002,7556.321
rus,sex_t,eco_aggregate_agr,2003,7165.1668
rus,sex_t,eco_aggregate_agr,2005,6929.655
rus,sex_t,eco_aggregate_agr,2006,6830.859
rus,sex_t,eco_aggregate_agr,2007,6346.25
rus,sex_t,eco_aggregate_agr,2008,6058.388
rus,sex_t,eco_aggregate_agr,2009,5738.967
rus,sex_t,eco_aggregate_agr,2010,5417.958
rus,sex_t,eco_aggregate_agr,2011,5446.201
rus,sex_t,eco_aggregate_agr,2012,5241.508
rus,sex_t,eco_aggregate_agr,2013,4991.88
rus,sex_t,eco_aggregate_agr,2014,4810.593
rus,sex_t,eco_aggregate_agr,2015,4852.766
rus,sex_t,eco_aggregate_agr,2016,4863.16
rus,sex_t,eco_aggregate_agr,2017,4268.0457
rus,sex_t,eco_aggregate_agr,2018,4266.767
rus,sex_t,eco_aggregate_agr,2019,4196.055
rus,sex_t,eco_aggregate_con,1990,8168.1
rus,sex_t,eco_aggregate_con,1991,7632.2
rus,sex_t,eco_aggregate_con,1992,7246.6
rus,sex_t,eco_aggregate_con,1993,6581.2
rus,sex_t,eco_aggregate_con,1994,6273.8
rus,sex_t,eco_aggregate_con,1995,5770
rus,sex_t,eco_aggregate_con,1996,5516.3
rus,sex_t,eco_aggregate_con,1997,3801
rus,sex_t,eco_aggregate_con,1998,3444
rus,sex_t,eco_aggregate_con,1999,3462.001
rus,sex_t,eco_aggregate_con,2000,3328.614
rus,sex_t,eco_aggregate_con,2001,3426.156
rus,sex_t,eco_aggregate_con,2002,3623.127
rus,sex_t,eco_aggregate_con,2003,4081.102
rus,sex_t,eco_aggregate_con,2005,4569.34
rus,sex_t,eco_aggregate_con,2006,4482.583
rus,sex_t,eco_aggregate_con,2007,4932.75
rus,sex_t,eco_aggregate_con,2008,5405.536
rus,sex_t,eco_aggregate_con,2009,4911.801
rus,sex_t,eco_aggregate_con,2010,5053.43
rus,sex_t,eco_aggregate_con,2011,5106.377
rus,sex_t,eco_aggregate_con,2012,5320.185
rus,sex_t,eco_aggregate_con,2013,5392.064
rus,sex_t,eco_aggregate_con,2014,5418.768
rus,sex_t,eco_aggregate_con,2015,5475.28
rus,sex_t,eco_aggregate_con,2016,5201.201
rus,sex_t,eco_aggregate_con,2017,5263.3049
rus,sex_t,eco_aggregate_con,2018,5129.1919
rus,sex_t,eco_aggregate_con,2019,4965.894
rus,sex_t,eco_aggregate_man,1990,19964.4
rus,sex_t,eco_aggregate_man,1991,19597.7
rus,sex_t,eco_aggregate_man,1992,18444.2
rus,sex_t,eco_aggregate_man,1993,18057.4
rus,sex_t,eco_aggregate_man,1994,15990.1
rus,sex_t,eco_aggregate_man,1995,14541.9
rus,sex_t,eco_aggregate_man,1996,13569.5
rus,sex_t,eco_aggregate_man,1997,11577
rus,sex_t,eco_aggregate_man,1998,10937
rus,sex_t,eco_aggregate_man,1999,11959.72
rus,sex_t,eco_aggregate_man,2000,12669.01
rus,sex_t,eco_aggregate_man,2001,13109.45
rus,sex_t,eco_aggregate_man,2002,13444.65
rus,sex_t,eco_aggregate_man,2003,12667.54
rus,sex_t,eco_aggregate_man,2005,12087.66
rus,sex_t,eco_aggregate_man,2006,12091.17
rus,sex_t,eco_aggregate_man,2007,12324.5
rus,sex_t,eco_aggregate_man,2008,11368.62
rus,sex_t,eco_aggregate_man,2009,10321.64
rus,sex_t,eco_aggregate_man,2010,10403.31
rus,sex_t,eco_aggregate_man,2011,10359.23
rus,sex_t,eco_aggregate_man,2012,10486.23
rus,sex_t,eco_aggregate_man,2013,10330.97
rus,sex_t,eco_aggregate_man,2014,10166.25
rus,sex_t,eco_aggregate_man,2015,10114
rus,sex_t,eco_aggregate_man,2016,10160.6
rus,sex_t,eco_aggregate_man,2017,10252.6144
rus,sex_t,eco_aggregate_man,2018,10217.8855
rus,sex_t,eco_aggregate_man,2019,10258.28
rus,sex_t,eco_aggregate_mel,1990,2165.7
rus,sex_t,eco_aggregate_mel,1991,2187.6
rus,sex_t,eco_aggregate_mel,1992,2252.3
rus,sex_t,eco_aggregate_mel,1993,2299.7
rus,sex_t,eco_aggregate_mel,1994,2306
rus,sex_t,eco_aggregate_mel,1995,2251.8
rus,sex_t,eco_aggregate_mel,1996,2380.1
rus,sex_t,eco_aggregate_mel,1997,2635
rus,sex_t,eco_aggregate_mel,1998,2650
rus,sex_t,eco_aggregate_mel,1999,2833.802
rus,sex_t,eco_aggregate_mel,2000,3029.793
rus,sex_t,eco_aggregate_mel,2001,3116.552
rus,sex_t,eco_aggregate_mel,2002,3042.003
rus,sex_t,eco_aggregate_mel,2003,3305.94
rus,sex_t,eco_aggregate_mel,2005,3339.8551
rus,sex_t,eco_aggregate_mel,2006,3423.3009
rus,sex_t,eco_aggregate_mel,2007,3340
rus,sex_t,eco_aggregate_mel,2008,3579.3375
rus,sex_t,eco_aggregate_mel,2009,3852.913
rus,sex_t,eco_aggregate_mel,2010,3956.0587
rus,sex_t,eco_aggregate_mel,2011,3985.7216
rus,sex_t,eco_aggregate_mel,2012,4092.6046
rus,sex_t,eco_aggregate_mel,2013,4119.0345
rus,sex_t,eco_aggregate_mel,2014,4159.0641
rus,sex_t,eco_aggregate_mel,2015,4143.581
rus,sex_t,eco_aggregate_mel,2016,4195.4209
rus,sex_t,eco_aggregate_mel,2017,3986.9046
rus,sex_t,eco_aggregate_mel,2018,4097.138
rus,sex_t,eco_aggregate_mel,2019,4042.8095
rus,sex_t,eco_aggregate_mkt,1990,18442.6
rus,sex_t,eco_aggregate_mkt,1991,18262.9
rus,sex_t,eco_aggregate_mkt,1992,17684.8
rus,sex_t,eco_aggregate_mkt,1993,18189
rus,sex_t,eco_aggregate_mkt,1994,17581.1
rus,sex_t,eco_aggregate_mkt,1995,17668.4
rus,sex_t,eco_aggregate_mkt,1996,17459.9
rus,sex_t,eco_aggregate_mkt,1997,16085
rus,sex_t,eco_aggregate_mkt,1998,15922
rus,sex_t,eco_aggregate_mkt,1999,16472.0905
rus,sex_t,eco_aggregate_mkt,2000,17416.5598
rus,sex_t,eco_aggregate_mkt,2001,18835.0853
rus,sex_t,eco_aggregate_mkt,2002,20139.7274
rus,sex_t,eco_aggregate_mkt,2003,21531.0197
rus,sex_t,eco_aggregate_mkt,2005,23408.9379
rus,sex_t,eco_aggregate_mkt,2006,24022.0985
rus,sex_t,eco_aggregate_mkt,2007,24671.75
rus,sex_t,eco_aggregate_mkt,2008,25129.641
rus,sex_t,eco_aggregate_mkt,2009,24577.322
rus,sex_t,eco_aggregate_mkt,2010,24858.633
rus,sex_t,eco_aggregate_mkt,2011,25835.815
rus,sex_t,eco_aggregate_mkt,2012,26137.612
rus,sex_t,eco_aggregate_mkt,2013,26482.468
rus,sex_t,eco_aggregate_mkt,2014,26838.066
rus,sex_t,eco_aggregate_mkt,2015,27226.056
rus,sex_t,eco_aggregate_mkt,2016,27181.1213
rus,sex_t,eco_aggregate_mkt,2017,27626.6484
rus,sex_t,eco_aggregate_mkt,2018,27894.6936
rus,sex_t,eco_aggregate_mkt,2019,27700.661
rus,sex_t,eco_aggregate_pub,1990,15917.3
rus,sex_t,eco_aggregate_pub,1991,15467.1
rus,sex_t,eco_aggregate_pub,1992,15125.7
rus,sex_t,eco_aggregate_pub,1993,14500.3
rus,sex_t,eco_aggregate_pub,1994,15098.2
rus,sex_t,eco_aggregate_pub,1995,15536.6
rus,sex_t,eco_aggregate_pub,1996,16955.2
rus,sex_t,eco_aggregate_pub,1997,18626
rus,sex_t,eco_aggregate_pub,1998,18679
rus,sex_t,eco_aggregate_pub,1999,18770.4489
rus,sex_t,eco_aggregate_pub,2000,19196.1741
rus,sex_t,eco_aggregate_pub,2001,18791.6723
rus,sex_t,eco_aggregate_pub,2002,18853.0307
rus,sex_t,eco_aggregate_pub,2003,17588.6365
rus,sex_t,eco_aggregate_pub,2005,18003.5505
rus,sex_t,eco_aggregate_pub,2006,18318.7217
rus,sex_t,eco_aggregate_pub,2007,18955.5
rus,sex_t,eco_aggregate_pub,2008,19461.5394
rus,sex_t,eco_aggregate_pub,2009,20007.8182
rus,sex_t,eco_aggregate_pub,2010,20244.3166
rus,sex_t,eco_aggregate_pub,2011,20123.2662
rus,sex_t,eco_aggregate_pub,2012,20267.2721
rus,sex_t,eco_aggregate_pub,2013,20075.0387
rus,sex_t,eco_aggregate_pub,2014,20146.305
rus,sex_t,eco_aggregate_pub,2015,20511.9409
rus,sex_t,eco_aggregate_pub,2016,20791.1284
rus,sex_t,eco_aggregate_pub,2017,20918.418
rus,sex_t,eco_aggregate_pub,2018,20925.9638
rus,sex_t,eco_aggregate_pub,2019,20769.3876
rus,sex_t,eco_aggregate_total,1990,75324.7
rus,sex_t,eco_aggregate_total,1991,73847.8
rus,sex_t,eco_aggregate_total,1992,72071.1
rus,sex_t,eco_aggregate_total,1993,70851.5
rus,sex_t,eco_aggregate_total,1994,68484.4
rus,sex_t,eco_aggregate_total,1995,66440.9
rus,sex_t,eco_aggregate_total,1996,65950
rus,sex_t,eco_aggregate_total,1997,60021
rus,sex_t,eco_aggregate_total,1998,58464
rus,sex_t,eco_aggregate_total,1999,62944.84
rus,sex_t,eco_aggregate_total,2000,65070.41
rus,sex_t,eco_aggregate_total,2001,65122.91
rus,sex_t,eco_aggregate_total,2002,66658.86
rus,sex_t,eco_aggregate_total,2003,66339.41
rus,sex_t,eco_aggregate_total,2005,68338.99
rus,sex_t,eco_aggregate_total,2006,69168.73
rus,sex_t,eco_aggregate_total,2007,70570.5
rus,sex_t,eco_aggregate_total,2008,71003.06
rus,sex_t,eco_aggregate_total,2009,69410.46
rus,sex_t,eco_aggregate_total,2010,69933.71
rus,sex_t,eco_aggregate_total,2011,70856.61
rus,sex_t,eco_aggregate_total,2012,71545.41
rus,sex_t,eco_aggregate_total,2013,71391.46
rus,sex_t,eco_aggregate_total,2014,71539.05
rus,sex_t,eco_aggregate_total,2015,72323.63
rus,sex_t,eco_aggregate_total,2016,72392.63
rus,sex_t,eco_aggregate_total,2017,72315.9359
rus,sex_t,eco_aggregate_total,2018,72531.6399
rus,sex_t,eco_aggregate_total,2019,71933.08
rus,sex_t,eco_isic3_a,1990,10449.1
rus,sex_t,eco_isic3_a,1991,10485.9
rus,sex_t,eco_isic3_a,1992,11078.9
rus,sex_t,eco_isic3_a,1993,10992.5
rus,sex_t,eco_isic3_a,1994,11029
rus,sex_t,eco_isic3_a,1995,10442.8
rus,sex_t,eco_isic3_a,1996,10069
rus,sex_t,eco_isic3_a,1997,7088
rus,sex_t,eco_isic3_a,1998,6689
rus,sex_t,eco_isic3_a,1999,9296.385
rus,sex_t,eco_isic3_a,2000,9242.546
rus,sex_t,eco_isic3_a,2001,7637.107
rus,sex_t,eco_isic3_a,2002,7397.89
rus,sex_t,eco_isic3_a,2003,6957.875
rus,sex_t,eco_isic3_a,2007,6346.25
rus,sex_t,eco_isic3_b,1997,208
rus,sex_t,eco_isic3_b,1998,144
rus,sex_t,eco_isic3_b,1999,150.3996
rus,sex_t,eco_isic3_b,2000,187.7106
rus,sex_t,eco_isic3_b,2001,206.8929
rus,sex_t,eco_isic3_b,2002,158.431
rus,sex_t,eco_isic3_b,2003,207.2918
rus,sex_t,eco_isic3_c,1990,1235.9
rus,sex_t,eco_isic3_c,1991,1256.7
rus,sex_t,eco_isic3_c,1992,1252.8
rus,sex_t,eco_isic3_c,1993,1233.4
rus,sex_t,eco_isic3_c,1994,1162
rus,sex_t,eco_isic3_c,1995,1084.4
rus,sex_t,eco_isic3_c,1996,1143.1
rus,sex_t,eco_isic3_c,1997,1128
rus,sex_t,eco_isic3_c,1998,1034
rus,sex_t,eco_isic3_c,1999,1178.538
rus,sex_t,eco_isic3_c,2000,1293.864
rus,sex_t,eco_isic3_c,2001,1343.355
rus,sex_t,eco_isic3_c,2002,1208.761
rus,sex_t,eco_isic3_c,2003,1240.802
rus,sex_t,eco_isic3_c,2007,1323.25
rus,sex_t,eco_isic3_d,1990,19964.4
rus,sex_t,eco_isic3_d,1991,19597.7
rus,sex_t,eco_isic3_d,1992,18444.2
rus,sex_t,eco_isic3_d,1993,18057.4
rus,sex_t,eco_isic3_d,1994,15990.1
rus,sex_t,eco_isic3_d,1995,14541.9
rus,sex_t,eco_isic3_d,1996,13569.5
rus,sex_t,eco_isic3_d,1997,11577
rus,sex_t,eco_isic3_d,1998,10937
rus,sex_t,eco_isic3_d,1999,11959.72
rus,sex_t,eco_isic3_d,2000,12669.01
rus,sex_t,eco_isic3_d,2001,13109.45
rus,sex_t,eco_isic3_d,2002,13444.65
rus,sex_t,eco_isic3_d,2003,12667.54
rus,sex_t,eco_isic3_d,2007,12324.5
rus,sex_t,eco_isic3_e,1990,929.8
rus,sex_t,eco_isic3_e,1991,930.9
rus,sex_t,eco_isic3_e,1992,999.5
rus,sex_t,eco_isic3_e,1993,1066.3
rus,sex_t,eco_isic3_e,1994,1144
rus,sex_t,eco_isic3_e,1995,1167.4
rus,sex_t,eco_isic3_e,1996,1237
rus,sex_t,eco_isic3_e,1997,1507
rus,sex_t,eco_isic3_e,1998,1616
rus,sex_t,eco_isic3_e,1999,1655.264
rus,sex_t,eco_isic3_e,2000,1735.929
rus,sex_t,eco_isic3_e,2001,1773.197
rus,sex_t,eco_isic3_e,2002,1833.242
rus,sex_t,eco_isic3_e,2003,2065.138
rus,sex_t,eco_isic3_e,2007,2016.75
rus,sex_t,eco_isic3_f,1990,8168.1
rus,sex_t,eco_isic3_f,1991,7632.2
rus,sex_t,eco_isic3_f,1992,7246.6
rus,sex_t,eco_isic3_f,1993,6581.2
rus,sex_t,eco_isic3_f,1994,6273.8
rus,sex_t,eco_isic3_f,1995,5770
rus,sex_t,eco_isic3_f,1996,5516.3
rus,sex_t,eco_isic3_f,1997,3801
rus,sex_t,eco_isic3_f,1998,3444
rus,sex_t,eco_isic3_f,1999,3462.001
rus,sex_t,eco_isic3_f,2000,3328.614
rus,sex_t,eco_isic3_f,2001,3426.156
rus,sex_t,eco_isic3_f,2002,3623.127
rus,sex_t,eco_isic3_f,2003,4081.102
rus,sex_t,eco_isic3_f,2007,4932.75
rus,sex_t,eco_isic3_g,1990,6209.9
rus,sex_t,eco_isic3_g,1991,6031
rus,sex_t,eco_isic3_g,1992,6006.8
rus,sex_t,eco_isic3_g,1993,6734
rus,sex_t,eco_isic3_g,1994,6824.2
rus,sex_t,eco_isic3_g,1995,7063.5
rus,sex_t,eco_isic3_g,1996,7164.6
rus,sex_t,eco_isic3_g,1997,7139
rus,sex_t,eco_isic3_g,1998,7126
rus,sex_t,eco_isic3_g,1999,7432.571
rus,sex_t,eco_isic3_g,2000,8014.716
rus,sex_t,eco_isic3_g,2001,8749.083
rus,sex_t,eco_isic3_g,2002,9415.736
rus,sex_t,eco_isic3_g,2003,9638.466
rus,sex_t,eco_isic3_g,2007,12439.25
rus,sex_t,eco_isic3_h,1997,685
rus,sex_t,eco_isic3_h,1998,701
rus,sex_t,eco_isic3_h,1999,853.3544
rus,sex_t,eco_isic3_h,2000,942.7689
rus,sex_t,eco_isic3_h,2001,1022.922
rus,sex_t,eco_isic3_h,2002,1142.334
rus,sex_t,eco_isic3_h,2003,1260.324
rus,sex_t,eco_isic3_i,1990,5818.2
rus,sex_t,eco_isic3_i,1991,5750
rus,sex_t,eco_isic3_i,1992,5631.8
rus,sex_t,eco_isic3_i,1993,5407.5
rus,sex_t,eco_isic3_i,1994,5354.5
rus,sex_t,eco_isic3_i,1995,5252.9
rus,sex_t,eco_isic3_i,1996,5218.5
rus,sex_t,eco_isic3_i,1997,5515
rus,sex_t,eco_isic3_i,1998,5327
rus,sex_t,eco_isic3_i,1999,5505.4
rus,sex_t,eco_isic3_i,2000,5483.735
rus,sex_t,eco_isic3_i,2001,5813.111
rus,sex_t,eco_isic3_i,2002,5959.722
rus,sex_t,eco_isic3_i,2003,6000.126
rus,sex_t,eco_isic3_i,2007,6572.75
rus,sex_t,eco_isic3_j,1990,6414.5
rus,sex_t,eco_isic3_j,1991,6481.9
rus,sex_t,eco_isic3_j,1992,6046.2
rus,sex_t,eco_isic3_j,1993,6047.5
rus,sex_t,eco_isic3_j,1994,5402.4
rus,sex_t,eco_isic3_j,1995,5352
rus,sex_t,eco_isic3_j,1996,5076.8
rus,sex_t,eco_isic3_j,1997,886
rus,sex_t,eco_isic3_j,1998,832
rus,sex_t,eco_isic3_j,1999,833.0051
rus,sex_t,eco_isic3_j,2000,843.0009
rus,sex_t,eco_isic3_j,2001,857.2813
rus,sex_t,eco_isic3_j,2002,867.5584
rus,sex_t,eco_isic3_j,2003,817.8787
rus,sex_t,eco_isic3_j,2007,5659.75
rus,sex_t,eco_isic3_k,1997,1860
rus,sex_t,eco_isic3_k,1998,1936
rus,sex_t,eco_isic3_k,1999,1847.76
rus,sex_t,eco_isic3_k,2000,2132.339
rus,sex_t,eco_isic3_k,2001,2392.688
rus,sex_t,eco_isic3_k,2002,2754.377
rus,sex_t,eco_isic3_k,2003,3814.225
rus,sex_t,eco_isic3_l,1990,1602.2
rus,sex_t,eco_isic3_l,1991,1531.8
rus,sex_t,eco_isic3_l,1992,1362.4
rus,sex_t,eco_isic3_l,1993,1508
rus,sex_t,eco_isic3_l,1994,1531.5
rus,sex_t,eco_isic3_l,1995,1893.1
rus,sex_t,eco_isic3_l,1996,2725.9
rus,sex_t,eco_isic3_l,1997,4229
rus,sex_t,eco_isic3_l,1998,4275
rus,sex_t,eco_isic3_l,1999,4611.962
rus,sex_t,eco_isic3_l,2000,4824.028
rus,sex_t,eco_isic3_l,2001,4769.534
rus,sex_t,eco_isic3_l,2002,4617.942
rus,sex_t,eco_isic3_l,2003,4756.145
rus,sex_t,eco_isic3_l,2007,4903.5
rus,sex_t,eco_isic3_m,1990,6066
rus,sex_t,eco_isic3_m,1991,6138
rus,sex_t,eco_isic3_m,1992,6413
rus,sex_t,eco_isic3_m,1993,6164
rus,sex_t,eco_isic3_m,1994,6245.5
rus,sex_t,eco_isic3_m,1995,6179.5
rus,sex_t,eco_isic3_m,1996,6190.7
rus,sex_t,eco_isic3_m,1997,5687
rus,sex_t,eco_isic3_m,1998,5709
rus,sex_t,eco_isic3_m,1999,5884.584
rus,sex_t,eco_isic3_m,2000,5911.057
rus,sex_t,eco_isic3_m,2001,5672.536
rus,sex_t,eco_isic3_m,2002,5928.796
rus,sex_t,eco_isic3_m,2003,6032.495
rus,sex_t,eco_isic3_m,2007,6419.5
rus,sex_t,eco_isic3_n,1990,4106.7
rus,sex_t,eco_isic3_n,1991,4172.9
rus,sex_t,eco_isic3_n,1992,4112.5
rus,sex_t,eco_isic3_n,1993,4121.5
rus,sex_t,eco_isic3_n,1994,4282.6
rus,sex_t,eco_isic3_n,1995,4334.6
rus,sex_t,eco_isic3_n,1996,4443.4
rus,sex_t,eco_isic3_n,1997,4176
rus,sex_t,eco_isic3_n,1998,4189
rus,sex_t,eco_isic3_n,1999,4337.588
rus,sex_t,eco_isic3_n,2000,4373.505
rus,sex_t,eco_isic3_n,2001,4621.554
rus,sex_t,eco_isic3_n,2002,4594.095
rus,sex_t,eco_isic3_n,2003,4692.364
rus,sex_t,eco_isic3_n,2007,5177
rus,sex_t,eco_isic3_o,1990,2629.2
rus,sex_t,eco_isic3_o,1991,2567.4
rus,sex_t,eco_isic3_o,1992,2377.7
rus,sex_t,eco_isic3_o,1993,2371.3
rus,sex_t,eco_isic3_o,1994,2451.3
rus,sex_t,eco_isic3_o,1995,2392.8
rus,sex_t,eco_isic3_o,1996,2546.5
rus,sex_t,eco_isic3_o,1997,4534
rus,sex_t,eco_isic3_o,1998,4468
rus,sex_t,eco_isic3_o,1999,3891.128
rus,sex_t,eco_isic3_o,2000,4062.659
rus,sex_t,eco_isic3_o,2001,3709.045
rus,sex_t,eco_isic3_o,2002,3697.92
rus,sex_t,eco_isic3_o,2003,2090.712
rus,sex_t,eco_isic3_o,2007,2455.5
rus,sex_t,eco_isic3_p,1990,1513.2
rus,sex_t,eco_isic3_p,1991,1057
rus,sex_t,eco_isic3_p,1992,860.1
rus,sex_t,eco_isic3_p,1993,335.5
rus,sex_t,eco_isic3_p,1994,587.3
rus,sex_t,eco_isic3_p,1995,736.6
rus,sex_t,eco_isic3_p,1996,1048.7
rus,sex_t,eco_isic3_p,1998,31
rus,sex_t,eco_isic3_p,1999,37.8987
rus,sex_t,eco_isic3_p,2000,21.1238
rus,sex_t,eco_isic3_p,2001,14.3458
rus,sex_t,eco_isic3_p,2002,12.1861
rus,sex_t,eco_isic3_p,2003,11.9051
rus,sex_t,eco_isic3_q,1998,7
rus,sex_t,eco_isic3_q,1999,7.2882
rus,sex_t,eco_isic3_q,2000,3.8013
rus,sex_t,eco_isic3_q,2001,4.6574
rus,sex_t,eco_isic3_q,2002,2.0916
rus,sex_t,eco_isic3_q,2003,5.0155
rus,sex_t,eco_isic3_total,1990,75324.7
rus,sex_t,eco_isic3_total,1991,73847.8
rus,sex_t,eco_isic3_total,1992,72071.1
rus,sex_t,eco_isic3_total,1993,70851.5
rus,sex_t,eco_isic3_total,1994,68484.4
rus,sex_t,eco_isic3_total,1995,66440.9
rus,sex_t,eco_isic3_total,1996,65950
rus,sex_t,eco_isic3_total,1997,60021
rus,sex_t,eco_isic3_total,1998,58464
rus,sex_t,eco_isic3_total,1999,62944.84
rus,sex_t,eco_isic3_total,2000,65070.41
rus,sex_t,eco_isic3_total,2001,65122.91
rus,sex_t,eco_isic3_total,2002,66658.86
rus,sex_t,eco_isic3_total,2003,66339.41
rus,sex_t,eco_isic3_total,2007,70570.5
rus,sex_t,eco_isic4_a,2005,6929.655
rus,sex_t,eco_isic4_a,2006,6830.859
rus,sex_t,eco_isic4_a,2008,6058.388
rus,sex_t,eco_isic4_a,2009,5738.967
rus,sex_t,eco_isic4_a,2010,5417.958
rus,sex_t,eco_isic4_a,2011,5446.201
rus,sex_t,eco_isic4_a,2012,5241.508
rus,sex_t,eco_isic4_a,2013,4991.88
rus,sex_t,eco_isic4_a,2014,4810.593
rus,sex_t,eco_isic4_a,2015,4852.766
rus,sex_t,eco_isic4_a,2016,4863.16
rus,sex_t,eco_isic4_a,2017,4268.0457
rus,sex_t,eco_isic4_a,2018,4266.767
rus,sex_t,eco_isic4_a,2019,4196.055
rus,sex_t,eco_isic4_b,2005,1222.245
rus,sex_t,eco_isic4_b,2006,1191.899
rus,sex_t,eco_isic4_b,2008,1331.573
rus,sex_t,eco_isic4_b,2009,1361.186
rus,sex_t,eco_isic4_b,2010,1405.197
rus,sex_t,eco_isic4_b,2011,1445.78
rus,sex_t,eco_isic4_b,2012,1449.858
rus,sex_t,eco_isic4_b,2013,1539.995
rus,sex_t,eco_isic4_b,2014,1525.756
rus,sex_t,eco_isic4_b,2015,1504.204
rus,sex_t,eco_isic4_b,2016,1579.08
rus,sex_t,eco_isic4_b,2017,1564.9694
rus,sex_t,eco_isic4_b,2018,1658.3014
rus,sex_t,eco_isic4_b,2019,1651.398
rus,sex_t,eco_isic4_c,2005,12087.66
rus,sex_t,eco_isic4_c,2006,12091.17
rus,sex_t,eco_isic4_c,2008,11368.62
rus,sex_t,eco_isic4_c,2009,10321.64
rus,sex_t,eco_isic4_c,2010,10403.31
rus,sex_t,eco_isic4_c,2011,10359.23
rus,sex_t,eco_isic4_c,2012,10486.23
rus,sex_t,eco_isic4_c,2013,10330.97
rus,sex_t,eco_isic4_c,2014,10166.25
rus,sex_t,eco_isic4_c,2015,10114
rus,sex_t,eco_isic4_c,2016,10160.6
rus,sex_t,eco_isic4_c,2017,10252.6144
rus,sex_t,eco_isic4_c,2018,10217.8855
rus,sex_t,eco_isic4_c,2019,10258.28
rus,sex_t,eco_isic4_d,2005,1694.215
rus,sex_t,eco_isic4_d,2006,1795.591
rus,sex_t,eco_isic4_d,2008,1769.573
rus,sex_t,eco_isic4_d,2009,1913.848
rus,sex_t,eco_isic4_d,2010,1948.286
rus,sex_t,eco_isic4_d,2011,1971.294
rus,sex_t,eco_isic4_d,2012,2029.731
rus,sex_t,eco_isic4_d,2013,1984.967
rus,sex_t,eco_isic4_d,2014,2041.378
rus,sex_t,eco_isic4_d,2015,2011.418
rus,sex_t,eco_isic4_d,2016,1985.479
rus,sex_t,eco_isic4_d,2017,1906.3366
rus,sex_t,eco_isic4_d,2018,1923.864
rus,sex_t,eco_isic4_d,2019,1875.848
rus,sex_t,eco_isic4_e,2005,423.3951
rus,sex_t,eco_isic4_e,2006,435.8109
rus,sex_t,eco_isic4_e,2008,478.1915
rus,sex_t,eco_isic4_e,2009,577.879
rus,sex_t,eco_isic4_e,2010,602.5757
rus,sex_t,eco_isic4_e,2011,568.6476
rus,sex_t,eco_isic4_e,2012,613.0156
rus,sex_t,eco_isic4_e,2013,594.0725
rus,sex_t,eco_isic4_e,2014,591.9301
rus,sex_t,eco_isic4_e,2015,627.959
rus,sex_t,eco_isic4_e,2016,630.8619
rus,sex_t,eco_isic4_e,2017,515.5986
rus,sex_t,eco_isic4_e,2018,514.9726
rus,sex_t,eco_isic4_e,2019,515.5635
rus,sex_t,eco_isic4_f,2005,4569.34
rus,sex_t,eco_isic4_f,2006,4482.583
rus,sex_t,eco_isic4_f,2008,5405.536
rus,sex_t,eco_isic4_f,2009,4911.801
rus,sex_t,eco_isic4_f,2010,5053.43
rus,sex_t,eco_isic4_f,2011,5106.377
rus,sex_t,eco_isic4_f,2012,5320.185
rus,sex_t,eco_isic4_f,2013,5392.064
rus,sex_t,eco_isic4_f,2014,5418.768
rus,sex_t,eco_isic4_f,2015,5475.28
rus,sex_t,eco_isic4_f,2016,5201.201
rus,sex_t,eco_isic4_f,2017,5263.3049
rus,sex_t,eco_isic4_f,2018,5129.1919
rus,sex_t,eco_isic4_f,2019,4965.894
rus,sex_t,eco_isic4_g,2005,10221.32
rus,sex_t,eco_isic4_g,2006,10444.86
rus,sex_t,eco_isic4_g,2008,10643.21
rus,sex_t,eco_isic4_g,2009,10447.21
rus,sex_t,eco_isic4_g,2010,10740.65
rus,sex_t,eco_isic4_g,2011,11087.36
rus,sex_t,eco_isic4_g,2012,11333.93
rus,sex_t,eco_isic4_g,2013,11321.41
rus,sex_t,eco_isic4_g,2014,11299.27
rus,sex_t,eco_isic4_g,2015,11334.95
rus,sex_t,eco_isic4_g,2016,11362.37
rus,sex_t,eco_isic4_g,2017,11524.8779
rus,sex_t,eco_isic4_g,2018,11525.1347
rus,sex_t,eco_isic4_g,2019,11198.16
rus,sex_t,eco_isic4_h,2005,5582.013
rus,sex_t,eco_isic4_h,2006,5560.557
rus,sex_t,eco_isic4_h,2008,5850.609
rus,sex_t,eco_isic4_h,2009,5747.12
rus,sex_t,eco_isic4_h,2010,5733.594
rus,sex_t,eco_isic4_h,2011,5851.167
rus,sex_t,eco_isic4_h,2012,5885.099
rus,sex_t,eco_isic4_h,2013,5966.8
rus,sex_t,eco_isic4_h,2014,5971.367
rus,sex_t,eco_isic4_h,2015,6111.661
rus,sex_t,eco_isic4_h,2016,6091.15
rus,sex_t,eco_isic4_h,2017,6175.8598
rus,sex_t,eco_isic4_h,2018,6260.603
rus,sex_t,eco_isic4_h,2019,6314.078
rus,sex_t,eco_isic4_i,2005,1298.483
rus,sex_t,eco_isic4_i,2006,1405.82
rus,sex_t,eco_isic4_i,2008,1471.924
rus,sex_t,eco_isic4_i,2009,1435.681
rus,sex_t,eco_isic4_i,2010,1371.734
rus,sex_t,eco_isic4_i,2011,1495.418
rus,sex_t,eco_isic4_i,2012,1532.37
rus,sex_t,eco_isic4_i,2013,1615.906
rus,sex_t,eco_isic4_i,2014,1727.799
rus,sex_t,eco_isic4_i,2015,1801.54
rus,sex_t,eco_isic4_i,2016,1835.699
rus,sex_t,eco_isic4_i,2017,1839.8141
rus,sex_t,eco_isic4_i,2018,1907.3178
rus,sex_t,eco_isic4_i,2019,1894.415
rus,sex_t,eco_isic4_j,2005,1182.812
rus,sex_t,eco_isic4_j,2006,1239.538
rus,sex_t,eco_isic4_j,2008,1256.294
rus,sex_t,eco_isic4_j,2009,1246.496
rus,sex_t,eco_isic4_j,2010,1238.262
rus,sex_t,eco_isic4_j,2011,1309.558
rus,sex_t,eco_isic4_j,2012,1312.354
rus,sex_t,eco_isic4_j,2013,1278.333
rus,sex_t,eco_isic4_j,2014,1315.512
rus,sex_t,eco_isic4_j,2015,1292.87
rus,sex_t,eco_isic4_j,2016,1328.969
rus,sex_t,eco_isic4_j,2017,1293.8154
rus,sex_t,eco_isic4_j,2018,1269.973
rus,sex_t,eco_isic4_j,2019,1294.55
rus,sex_t,eco_isic4_k,2005,970.5734
rus,sex_t,eco_isic4_k,2006,1077.494
rus,sex_t,eco_isic4_k,2008,1332.202
rus,sex_t,eco_isic4_k,2009,1253.836
rus,sex_t,eco_isic4_k,2010,1331.947
rus,sex_t,eco_isic4_k,2011,1426.789
rus,sex_t,eco_isic4_k,2012,1463.29
rus,sex_t,eco_isic4_k,2013,1578.759
rus,sex_t,eco_isic4_k,2014,1591.732
rus,sex_t,eco_isic4_k,2015,1573.388
rus,sex_t,eco_isic4_k,2016,1599.665
rus,sex_t,eco_isic4_k,2017,1619.7369
rus,sex_t,eco_isic4_k,2018,1642.6655
rus,sex_t,eco_isic4_k,2019,1626.857
rus,sex_t,eco_isic4_l,2005,1495.688
rus,sex_t,eco_isic4_l,2006,1403.73
rus,sex_t,eco_isic4_l,2008,1404.164
rus,sex_t,eco_isic4_l,2009,1362.672
rus,sex_t,eco_isic4_l,2010,1362.207
rus,sex_t,eco_isic4_l,2011,1397.812
rus,sex_t,eco_isic4_l,2012,1352.435
rus,sex_t,eco_isic4_l,2013,1342.037
rus,sex_t,eco_isic4_l,2014,1347.338
rus,sex_t,eco_isic4_l,2015,1411.56
rus,sex_t,eco_isic4_l,2016,1325.514
rus,sex_t,eco_isic4_l,2017,1257.1725
rus,sex_t,eco_isic4_l,2018,1235.225
rus,sex_t,eco_isic4_l,2019,1233.173
rus,sex_t,eco_isic4_m,2005,1889.046
rus,sex_t,eco_isic4_m,2006,2047.88
rus,sex_t,eco_isic4_m,2008,2117.013
rus,sex_t,eco_isic4_m,2009,2049.129
rus,sex_t,eco_isic4_m,2010,2019.099
rus,sex_t,eco_isic4_m,2011,2087.187
rus,sex_t,eco_isic4_m,2012,2068.194
rus,sex_t,eco_isic4_m,2013,2132.371
rus,sex_t,eco_isic4_m,2014,2298.234
rus,sex_t,eco_isic4_m,2015,2542.56
rus,sex_t,eco_isic4_m,2016,2681.786
rus,sex_t,eco_isic4_m,2017,2281.2984
rus,sex_t,eco_isic4_m,2018,2322.3033
rus,sex_t,eco_isic4_m,2019,2353.461
rus,sex_t,eco_isic4_n,2005,769.0025
rus,sex_t,eco_isic4_n,2006,842.2195
rus,sex_t,eco_isic4_n,2008,1054.225
rus,sex_t,eco_isic4_n,2009,1035.178
rus,sex_t,eco_isic4_n,2010,1061.14
rus,sex_t,eco_isic4_n,2011,1180.524
rus,sex_t,eco_isic4_n,2012,1189.94
rus,sex_t,eco_isic4_n,2013,1246.852
rus,sex_t,eco_isic4_n,2014,1286.814
rus,sex_t,eco_isic4_n,2015,1157.527
rus,sex_t,eco_isic4_n,2016,955.9683
rus,sex_t,eco_isic4_n,2017,1634.0735
rus,sex_t,eco_isic4_n,2018,1731.4713
rus,sex_t,eco_isic4_n,2019,1785.967
rus,sex_t,eco_isic4_o,2005,4908.001
rus,sex_t,eco_isic4_o,2006,4936.455
rus,sex_t,eco_isic4_o,2008,5367.515
rus,sex_t,eco_isic4_o,2009,5521.729
rus,sex_t,eco_isic4_o,2010,5668.944
rus,sex_t,eco_isic4_o,2011,5466.863
rus,sex_t,eco_isic4_o,2012,5396.566
rus,sex_t,eco_isic4_o,2013,5259.245
rus,sex_t,eco_isic4_o,2014,5202.626
rus,sex_t,eco_isic4_o,2015,5329.768
rus,sex_t,eco_isic4_o,2016,5352.422
rus,sex_t,eco_isic4_o,2017,5206.848
rus,sex_t,eco_isic4_o,2018,5136.3644
rus,sex_t,eco_isic4_o,2019,5021.633
rus,sex_t,eco_isic4_p,2005,6284.449
rus,sex_t,eco_isic4_p,2006,6245.716
rus,sex_t,eco_isic4_p,2008,6458.02
rus,sex_t,eco_isic4_p,2009,6522.158
rus,sex_t,eco_isic4_p,2010,6579.649
rus,sex_t,eco_isic4_p,2011,6508.131
rus,sex_t,eco_isic4_p,2012,6616.784
rus,sex_t,eco_isic4_p,2013,6534.334
rus,sex_t,eco_isic4_p,2014,6576.672
rus,sex_t,eco_isic4_p,2015,6666.685
rus,sex_t,eco_isic4_p,2016,6782.42
rus,sex_t,eco_isic4_p,2017,6866.6995
rus,sex_t,eco_isic4_p,2018,6894.848
rus,sex_t,eco_isic4_p,2019,6840.438
rus,sex_t,eco_isic4_q,2005,4652.566
rus,sex_t,eco_isic4_q,2006,4831.706
rus,sex_t,eco_isic4_q,2008,5114.054
rus,sex_t,eco_isic4_q,2009,5351.861
rus,sex_t,eco_isic4_q,2010,5382.844
rus,sex_t,eco_isic4_q,2011,5427.122
rus,sex_t,eco_isic4_q,2012,5575.762
rus,sex_t,eco_isic4_q,2013,5468.518
rus,sex_t,eco_isic4_q,2014,5460.11
rus,sex_t,eco_isic4_q,2015,5534.257
rus,sex_t,eco_isic4_q,2016,5636.858
rus,sex_t,eco_isic4_q,2017,5705.0388
rus,sex_t,eco_isic4_q,2018,5790.7964
rus,sex_t,eco_isic4_q,2019,5693.127
rus,sex_t,eco_isic4_r,2005,1061.371
rus,sex_t,eco_isic4_r,2006,1092.042
rus,sex_t,eco_isic4_r,2008,1139.496
rus,sex_t,eco_isic4_r,2009,1129.154
rus,sex_t,eco_isic4_r,2010,1146.04
rus,sex_t,eco_isic4_r,2011,1195.569
rus,sex_t,eco_isic4_r,2012,1199.944
rus,sex_t,eco_isic4_r,2013,1207.967
rus,sex_t,eco_isic4_r,2014,1222.925
rus,sex_t,eco_isic4_r,2015,1205.383
rus,sex_t,eco_isic4_r,2016,1245.653
rus,sex_t,eco_isic4_r,2017,1321.697
rus,sex_t,eco_isic4_r,2018,1341.3112
rus,sex_t,eco_isic4_r,2019,1444.614
rus,sex_t,eco_isic4_s,2005,1068.202
rus,sex_t,eco_isic4_s,2006,1185.474
rus,sex_t,eco_isic4_s,2008,1333.46
rus,sex_t,eco_isic4_s,2009,1452.132
rus,sex_t,eco_isic4_s,2010,1443.337
rus,sex_t,eco_isic4_s,2011,1495.324
rus,sex_t,eco_isic4_s,2012,1448.789
rus,sex_t,eco_isic4_s,2013,1576.579
rus,sex_t,eco_isic4_s,2014,1660.825
rus,sex_t,eco_isic4_s,2015,1747.322
rus,sex_t,eco_isic4_s,2016,1745.076
rus,sex_t,eco_isic4_s,2017,1788.7306
rus,sex_t,eco_isic4_s,2018,1737.4915
rus,sex_t,eco_isic4_s,2019,1753.059
rus,sex_t,eco_isic4_t,2005,25.1864
rus,sex_t,eco_isic4_t,2006,23.6335
rus,sex_t,eco_isic4_t,2008,43.9179
rus,sex_t,eco_isic4_t,2009,29.0977
rus,sex_t,eco_isic4_t,2010,22.3975
rus,sex_t,eco_isic4_t,2011,28.0511
rus,sex_t,eco_isic4_t,2012,22.0263
rus,sex_t,eco_isic4_t,2013,25.2869
rus,sex_t,eco_isic4_t,2014,21.4269
rus,sex_t,eco_isic4_t,2015,23.3538
rus,sex_t,eco_isic4_t,2016,24.3926
rus,sex_t,eco_isic4_t,2017,26.5832
rus,sex_t,eco_isic4_t,2018,18.933
rus,sex_t,eco_isic4_t,2019,12.362
rus,sex_t,eco_isic4_total,2005,68338.99
rus,sex_t,eco_isic4_total,2006,69168.73
rus,sex_t,eco_isic4_total,2008,71003.06
rus,sex_t,eco_isic4_total,2009,69410.46
rus,sex_t,eco_isic4_total,2010,69933.71
rus,sex_t,eco_isic4_total,2011,70856.61
rus,sex_t,eco_isic4_total,2012,71545.41
rus,sex_t,eco_isic4_total,2013,71391.46
rus,sex_t,eco_isic4_total,2014,71539.05
rus,sex_t,eco_isic4_total,2015,72323.63
rus,sex_t,eco_isic4_total,2016,72392.63
rus,sex_t,eco_isic4_total,2017,72315.9359
rus,sex_t,eco_isic4_total,2018,72531.6399
rus,sex_t,eco_isic4_total,2019,71933.08
rus,sex_t,eco_isic4_u,2005,3.7751
rus,sex_t,eco_isic4_u,2006,3.6951
rus,sex_t,eco_isic4_u,2008,5.0765
rus,sex_t,eco_isic4_u,2009,1.6865
rus,sex_t,eco_isic4_u,2010,1.1051
rus,sex_t,eco_isic4_u,2011,2.2061
rus,sex_t,eco_isic4_u,2012,7.4008
rus,sex_t,eco_isic4_u,2013,3.1088
rus,sex_t,eco_isic4_u,2014,1.72
rus,sex_t,eco_isic4_u,2015,5.1721
rus,sex_t,eco_isic4_u,2016,4.3068
rus,sex_t,eco_isic4_u,2017,2.8208
rus,sex_t,eco_isic4_u,2018,6.2194
rus,sex_t,eco_isic4_u,2019,4.1547
rus,sex_t,eco_sector_agr,1990,10449.1
rus,sex_t,eco_sector_agr,1991,10485.9
rus,sex_t,eco_sector_agr,1992,11078.9
rus,sex_t,eco_sector_agr,1993,10992.5
rus,sex_t,eco_sector_agr,1994,11029
rus,sex_t,eco_sector_agr,1995,10442.8
rus,sex_t,eco_sector_agr,1996,10069
rus,sex_t,eco_sector_agr,1997,7296
rus,sex_t,eco_sector_agr,1998,6833
rus,sex_t,eco_sector_agr,1999,9446.7846
rus,sex_t,eco_sector_agr,2000,9430.2566
rus,sex_t,eco_sector_agr,2001,7843.9999
rus,sex_t,eco_sector_agr,2002,7556.321
rus,sex_t,eco_sector_agr,2003,7165.1668
rus,sex_t,eco_sector_agr,2005,6929.655
rus,sex_t,eco_sector_agr,2006,6830.859
rus,sex_t,eco_sector_agr,2007,6346.25
rus,sex_t,eco_sector_agr,2008,6058.388
rus,sex_t,eco_sector_agr,2009,5738.967
rus,sex_t,eco_sector_agr,2010,5417.958
rus,sex_t,eco_sector_agr,2011,5446.201
rus,sex_t,eco_sector_agr,2012,5241.508
rus,sex_t,eco_sector_agr,2013,4991.88
rus,sex_t,eco_sector_agr,2014,4810.593
rus,sex_t,eco_sector_agr,2015,4852.766
rus,sex_t,eco_sector_agr,2016,4863.16
rus,sex_t,eco_sector_agr,2017,4268.0457
rus,sex_t,eco_sector_agr,2018,4266.767
rus,sex_t,eco_sector_agr,2019,4196.055
rus,sex_t,eco_sector_ind,1990,30298.2
rus,sex_t,eco_sector_ind,1991,29417.5
rus,sex_t,eco_sector_ind,1992,27943.1
rus,sex_t,eco_sector_ind,1993,26938.3
rus,sex_t,eco_sector_ind,1994,24569.9
rus,sex_t,eco_sector_ind,1995,22563.7
rus,sex_t,eco_sector_ind,1996,21465.9
rus,sex_t,eco_sector_ind,1997,18013
rus,sex_t,eco_sector_ind,1998,17031
rus,sex_t,eco_sector_ind,1999,18255.523
rus,sex_t,eco_sector_ind,2000,19027.417
rus,sex_t,eco_sector_ind,2001,19652.158
rus,sex_t,eco_sector_ind,2002,20109.78
rus,sex_t,eco_sector_ind,2003,20054.582
rus,sex_t,eco_sector_ind,2005,19996.8551
rus,sex_t,eco_sector_ind,2006,19997.0539
rus,sex_t,eco_sector_ind,2007,20597.25
rus,sex_t,eco_sector_ind,2008,20353.4935
rus,sex_t,eco_sector_ind,2009,19086.354
rus,sex_t,eco_sector_ind,2010,19412.7987
rus,sex_t,eco_sector_ind,2011,19451.3286
rus,sex_t,eco_sector_ind,2012,19899.0196
rus,sex_t,eco_sector_ind,2013,19842.0685
rus,sex_t,eco_sector_ind,2014,19744.0821
rus,sex_t,eco_sector_ind,2015,19732.861
rus,sex_t,eco_sector_ind,2016,19557.2219
rus,sex_t,eco_sector_ind,2017,19502.8239
rus,sex_t,eco_sector_ind,2018,19444.2154
rus,sex_t,eco_sector_ind,2019,19266.9835
rus,sex_t,eco_sector_nag,1990,64875.6
rus,sex_t,eco_sector_nag,1991,63361.9
rus,sex_t,eco_sector_nag,1992,60992.2
rus,sex_t,eco_sector_nag,1993,59859
rus,sex_t,eco_sector_nag,1994,57455.4
rus,sex_t,eco_sector_nag,1995,55998.1
rus,sex_t,eco_sector_nag,1996,55881
rus,sex_t,eco_sector_nag,1997,52725
rus,sex_t,eco_sector_nag,1998,51631
rus,sex_t,eco_sector_nag,2007,64226.25
rus,sex_t,eco_sector_nag,2017,68047.8902
rus,sex_t,eco_sector_nag,2018,68264.8729
rus,sex_t,eco_sector_ser,1990,34359.9
rus,sex_t,eco_sector_ser,1991,33730
rus,sex_t,eco_sector_ser,1992,32810.5
rus,sex_t,eco_sector_ser,1993,32689.3
rus,sex_t,eco_sector_ser,1994,32679.3
rus,sex_t,eco_sector_ser,1995,33205
rus,sex_t,eco_sector_ser,1996,34415.1
rus,sex_t,eco_sector_ser,1997,34711
rus,sex_t,eco_sector_ser,1998,34601
rus,sex_t,eco_sector_ser,1999,35242.5394
rus,sex_t,eco_sector_ser,2000,36612.7339
rus,sex_t,eco_sector_ser,2001,37626.7576
rus,sex_t,eco_sector_ser,2002,38992.7581
rus,sex_t,eco_sector_ser,2003,39119.6562
rus,sex_t,eco_sector_ser,2005,41412.4884
rus,sex_t,eco_sector_ser,2006,42340.8202
rus,sex_t,eco_sector_ser,2007,43627.25
rus,sex_t,eco_sector_ser,2008,44591.1804
rus,sex_t,eco_sector_ser,2009,44585.1402
rus,sex_t,eco_sector_ser,2010,45102.9496
rus,sex_t,eco_sector_ser,2011,45959.0812
rus,sex_t,eco_sector_ser,2012,46404.8841
rus,sex_t,eco_sector_ser,2013,46557.5067
rus,sex_t,eco_sector_ser,2014,46984.371
rus,sex_t,eco_sector_ser,2015,47737.9969
rus,sex_t,eco_sector_ser,2016,47972.2497
rus,sex_t,eco_sector_ser,2017,48545.0663
rus,sex_t,eco_sector_ser,2018,48820.6575
rus,sex_t,eco_sector_ser,2019,48470.0486
rus,sex_t,eco_sector_total,1990,75324.7
rus,sex_t,eco_sector_total,1991,73847.8
rus,sex_t,eco_sector_total,1992,72071.1
rus,sex_t,eco_sector_total,1993,70851.5
rus,sex_t,eco_sector_total,1994,68484.4
rus,sex_t,eco_sector_total,1995,66440.9
rus,sex_t,eco_sector_total,1996,65950
rus,sex_t,eco_sector_total,1997,60021
rus,sex_t,eco_sector_total,1998,58464
rus,sex_t,eco_sector_total,1999,62944.84
rus,sex_t,eco_sector_total,2000,65070.41
rus,sex_t,eco_sector_total,2001,65122.91
rus,sex_t,eco_sector_total,2002,66658.86
rus,sex_t,eco_sector_total,2003,66339.41
rus,sex_t,eco_sector_total,2004,67212.25
rus,sex_t,eco_sector_total,2005,68338.99
rus,sex_t,eco_sector_total,2006,69168.73
rus,sex_t,eco_sector_total,2007,70570.5
rus,sex_t,eco_sector_total,2008,71003.06
rus,sex_t,eco_sector_total,2009,69410.46
rus,sex_t,eco_sector_total,2010,69933.71
rus,sex_t,eco_sector_total,2011,70856.61
rus,sex_t,eco_sector_total,2012,71545.41
rus,sex_t,eco_sector_total,2013,71391.46
rus,sex_t,eco_sector_total,2014,71539.05
rus,sex_t,eco_sector_total,2015,72323.63
rus,sex_t,eco_sector_total,2016,72392.63
rus,sex_t,eco_sector_total,2017,72315.9359
rus,sex_t,eco_sector_total,2018,72531.6399
rus,sex_t,eco_sector_total,2019,71933.08
