ref_area,sex,classif1,classif2,time,une_tune_sex_age_mts_nb
civ,sex_f,age_10yrbands_total,mts_aggregate_1,2012,96.795
civ,sex_f,age_10yrbands_total,mts_aggregate_1,2013,125.932
civ,sex_f,age_10yrbands_total,mts_aggregate_1,2016,56.663
civ,sex_f,age_10yrbands_total,mts_aggregate_1,2017,82.568
civ,sex_f,age_10yrbands_total,mts_aggregate_2,2012,73.976
civ,sex_f,age_10yrbands_total,mts_aggregate_2,2013,90.574
civ,sex_f,age_10yrbands_total,mts_aggregate_2,2016,62.399
civ,sex_f,age_10yrbands_total,mts_aggregate_2,2017,42.446
civ,sex_f,age_10yrbands_total,mts_aggregate_total,2012,170.771
civ,sex_f,age_10yrbands_total,mts_aggregate_total,2013,217.551
civ,sex_f,age_10yrbands_total,mts_aggregate_total,2016,119.061
civ,sex_f,age_10yrbands_total,mts_aggregate_total,2017,125.014
civ,sex_f,age_10yrbands_total,mts_details_mrd,2012,73.976
civ,sex_f,age_10yrbands_total,mts_details_mrd,2013,90.574
civ,sex_f,age_10yrbands_total,mts_details_mrd,2016,45.119
civ,sex_f,age_10yrbands_total,mts_details_mrd,2017,42.446
civ,sex_f,age_10yrbands_total,mts_details_sep,2013,5.652
civ,sex_f,age_10yrbands_total,mts_details_sep,2016,2.673
civ,sex_f,age_10yrbands_total,mts_details_sgle,2012,93.275
civ,sex_f,age_10yrbands_total,mts_details_sgle,2013,112.531
civ,sex_f,age_10yrbands_total,mts_details_sgle,2016,53.927
civ,sex_f,age_10yrbands_total,mts_details_sgle,2017,78.034
civ,sex_f,age_10yrbands_total,mts_details_total,2012,170.771
civ,sex_f,age_10yrbands_total,mts_details_total,2013,217.551
civ,sex_f,age_10yrbands_total,mts_details_total,2016,119.061
civ,sex_f,age_10yrbands_total,mts_details_total,2017,125.014
civ,sex_f,age_10yrbands_total,mts_details_union,2016,17.28
civ,sex_f,age_10yrbands_total,mts_details_wid,2012,1.926
civ,sex_f,age_10yrbands_total,mts_details_wid,2013,7.749
civ,sex_f,age_10yrbands_y15_24,mts_aggregate_1,2012,47.561
civ,sex_f,age_10yrbands_y15_24,mts_aggregate_1,2013,50.152
civ,sex_f,age_10yrbands_y15_24,mts_aggregate_1,2016,27.374
civ,sex_f,age_10yrbands_y15_24,mts_aggregate_1,2017,28.557
civ,sex_f,age_10yrbands_y15_24,mts_aggregate_2,2012,24.59
civ,sex_f,age_10yrbands_y15_24,mts_aggregate_2,2013,21.679
civ,sex_f,age_10yrbands_y15_24,mts_aggregate_2,2016,9.779
civ,sex_f,age_10yrbands_y15_24,mts_aggregate_2,2017,10.703
civ,sex_f,age_10yrbands_y15_24,mts_aggregate_total,2012,72.151
civ,sex_f,age_10yrbands_y15_24,mts_aggregate_total,2013,71.831
civ,sex_f,age_10yrbands_y15_24,mts_aggregate_total,2016,37.153
civ,sex_f,age_10yrbands_y15_24,mts_aggregate_total,2017,39.26
civ,sex_f,age_10yrbands_y15_24,mts_details_mrd,2012,24.59
civ,sex_f,age_10yrbands_y15_24,mts_details_mrd,2013,21.679
civ,sex_f,age_10yrbands_y15_24,mts_details_mrd,2016,6.088
civ,sex_f,age_10yrbands_y15_24,mts_details_mrd,2017,10.703
civ,sex_f,age_10yrbands_y15_24,mts_details_sgle,2012,47.107
civ,sex_f,age_10yrbands_y15_24,mts_details_sgle,2013,50.143
civ,sex_f,age_10yrbands_y15_24,mts_details_sgle,2016,25.596
civ,sex_f,age_10yrbands_y15_24,mts_details_sgle,2017,28.557
civ,sex_f,age_10yrbands_y15_24,mts_details_total,2012,72.151
civ,sex_f,age_10yrbands_y15_24,mts_details_total,2013,71.831
civ,sex_f,age_10yrbands_y15_24,mts_details_total,2016,37.153
civ,sex_f,age_10yrbands_y15_24,mts_details_total,2017,39.26
civ,sex_f,age_10yrbands_y15_24,mts_details_union,2016,3.691
civ,sex_f,age_10yrbands_y25_34,mts_aggregate_1,2012,37.776
civ,sex_f,age_10yrbands_y25_34,mts_aggregate_1,2013,51.41
civ,sex_f,age_10yrbands_y25_34,mts_aggregate_1,2016,22.61
civ,sex_f,age_10yrbands_y25_34,mts_aggregate_1,2017,39.7
civ,sex_f,age_10yrbands_y25_34,mts_aggregate_2,2012,30.397
civ,sex_f,age_10yrbands_y25_34,mts_aggregate_2,2013,43.365
civ,sex_f,age_10yrbands_y25_34,mts_aggregate_2,2016,29.863
civ,sex_f,age_10yrbands_y25_34,mts_aggregate_2,2017,23.069
civ,sex_f,age_10yrbands_y25_34,mts_aggregate_total,2012,68.173
civ,sex_f,age_10yrbands_y25_34,mts_aggregate_total,2013,94.775
civ,sex_f,age_10yrbands_y25_34,mts_aggregate_total,2016,52.473
civ,sex_f,age_10yrbands_y25_34,mts_aggregate_total,2017,62.769
civ,sex_f,age_10yrbands_y25_34,mts_details_mrd,2012,30.397
civ,sex_f,age_10yrbands_y25_34,mts_details_mrd,2013,43.365
civ,sex_f,age_10yrbands_y25_34,mts_details_mrd,2016,21.032
civ,sex_f,age_10yrbands_y25_34,mts_details_mrd,2017,23.069
civ,sex_f,age_10yrbands_y25_34,mts_details_sgle,2012,37.456
civ,sex_f,age_10yrbands_y25_34,mts_details_sgle,2013,50.128
civ,sex_f,age_10yrbands_y25_34,mts_details_sgle,2016,22.61
civ,sex_f,age_10yrbands_y25_34,mts_details_sgle,2017,38.527
civ,sex_f,age_10yrbands_y25_34,mts_details_total,2012,68.173
civ,sex_f,age_10yrbands_y25_34,mts_details_total,2013,94.775
civ,sex_f,age_10yrbands_y25_34,mts_details_total,2016,52.473
civ,sex_f,age_10yrbands_y25_34,mts_details_total,2017,62.769
civ,sex_f,age_10yrbands_y25_34,mts_details_union,2016,8.831
civ,sex_f,age_10yrbands_y35_44,mts_aggregate_1,2012,8.293
civ,sex_f,age_10yrbands_y35_44,mts_aggregate_1,2013,12.781
civ,sex_f,age_10yrbands_y35_44,mts_aggregate_1,2016,5.099
civ,sex_f,age_10yrbands_y35_44,mts_aggregate_1,2017,9.82
civ,sex_f,age_10yrbands_y35_44,mts_aggregate_2,2012,14.306
civ,sex_f,age_10yrbands_y35_44,mts_aggregate_2,2013,18.294
civ,sex_f,age_10yrbands_y35_44,mts_aggregate_2,2016,15.685
civ,sex_f,age_10yrbands_y35_44,mts_aggregate_2,2017,7.004
civ,sex_f,age_10yrbands_y35_44,mts_aggregate_total,2012,22.598
civ,sex_f,age_10yrbands_y35_44,mts_aggregate_total,2013,31.075
civ,sex_f,age_10yrbands_y35_44,mts_aggregate_total,2016,20.784
civ,sex_f,age_10yrbands_y35_44,mts_aggregate_total,2017,16.823
civ,sex_f,age_10yrbands_y35_44,mts_details_mrd,2012,14.306
civ,sex_f,age_10yrbands_y35_44,mts_details_mrd,2013,18.294
civ,sex_f,age_10yrbands_y35_44,mts_details_mrd,2016,10.927
civ,sex_f,age_10yrbands_y35_44,mts_details_mrd,2017,7.004
civ,sex_f,age_10yrbands_y35_44,mts_details_sgle,2012,7.008
civ,sex_f,age_10yrbands_y35_44,mts_details_sgle,2013,8.201
civ,sex_f,age_10yrbands_y35_44,mts_details_sgle,2016,5.099
civ,sex_f,age_10yrbands_y35_44,mts_details_sgle,2017,9.82
civ,sex_f,age_10yrbands_y35_44,mts_details_total,2012,22.598
civ,sex_f,age_10yrbands_y35_44,mts_details_total,2013,31.075
civ,sex_f,age_10yrbands_y35_44,mts_details_total,2016,20.784
civ,sex_f,age_10yrbands_y35_44,mts_details_total,2017,16.823
civ,sex_f,age_10yrbands_y35_44,mts_details_union,2016,4.758
civ,sex_f,age_10yrbands_y45_54,mts_aggregate_1,2012,1.733
civ,sex_f,age_10yrbands_y45_54,mts_aggregate_1,2013,5.814
civ,sex_f,age_10yrbands_y45_54,mts_aggregate_1,2017,2.622
civ,sex_f,age_10yrbands_y45_54,mts_aggregate_2,2012,2.386
civ,sex_f,age_10yrbands_y45_54,mts_aggregate_2,2013,5.419
civ,sex_f,age_10yrbands_y45_54,mts_aggregate_2,2016,4.951
civ,sex_f,age_10yrbands_y45_54,mts_aggregate_total,2012,4.12
civ,sex_f,age_10yrbands_y45_54,mts_aggregate_total,2013,12.278
civ,sex_f,age_10yrbands_y45_54,mts_aggregate_total,2016,5.908
civ,sex_f,age_10yrbands_y45_54,mts_aggregate_total,2017,4.292
civ,sex_f,age_10yrbands_y45_54,mts_details_mrd,2012,2.386
civ,sex_f,age_10yrbands_y45_54,mts_details_mrd,2013,5.419
civ,sex_f,age_10yrbands_y45_54,mts_details_mrd,2016,4.951
civ,sex_f,age_10yrbands_y45_54,mts_details_sgle,2012,1.401
civ,sex_f,age_10yrbands_y45_54,mts_details_sgle,2013,2.643
civ,sex_f,age_10yrbands_y45_54,mts_details_total,2012,4.12
civ,sex_f,age_10yrbands_y45_54,mts_details_total,2013,12.278
civ,sex_f,age_10yrbands_y45_54,mts_details_total,2016,5.908
civ,sex_f,age_10yrbands_y45_54,mts_details_total,2017,4.292
civ,sex_f,age_10yrbands_y55_64,mts_aggregate_1,2013,5.775
civ,sex_f,age_10yrbands_y55_64,mts_aggregate_2,2012,1.901
civ,sex_f,age_10yrbands_y55_64,mts_aggregate_total,2012,2.576
civ,sex_f,age_10yrbands_y55_64,mts_aggregate_total,2013,7.591
civ,sex_f,age_10yrbands_y55_64,mts_details_mrd,2012,1.901
civ,sex_f,age_10yrbands_y55_64,mts_details_total,2012,2.576
civ,sex_f,age_10yrbands_y55_64,mts_details_total,2013,7.591
civ,sex_f,age_aggregate_total,mts_aggregate_1,2012,96.795
civ,sex_f,age_aggregate_total,mts_aggregate_1,2013,125.932
civ,sex_f,age_aggregate_total,mts_aggregate_1,2016,56.663
civ,sex_f,age_aggregate_total,mts_aggregate_1,2017,82.568
civ,sex_f,age_aggregate_total,mts_aggregate_2,2012,73.976
civ,sex_f,age_aggregate_total,mts_aggregate_2,2013,90.574
civ,sex_f,age_aggregate_total,mts_aggregate_2,2016,62.399
civ,sex_f,age_aggregate_total,mts_aggregate_2,2017,42.446
civ,sex_f,age_aggregate_total,mts_aggregate_total,2012,170.771
civ,sex_f,age_aggregate_total,mts_aggregate_total,2013,217.551
civ,sex_f,age_aggregate_total,mts_aggregate_total,2016,119.061
civ,sex_f,age_aggregate_total,mts_aggregate_total,2017,125.014
civ,sex_f,age_aggregate_total,mts_details_mrd,2012,73.976
civ,sex_f,age_aggregate_total,mts_details_mrd,2013,90.574
civ,sex_f,age_aggregate_total,mts_details_mrd,2016,45.119
civ,sex_f,age_aggregate_total,mts_details_mrd,2017,42.446
civ,sex_f,age_aggregate_total,mts_details_sep,2013,5.652
civ,sex_f,age_aggregate_total,mts_details_sep,2016,2.673
civ,sex_f,age_aggregate_total,mts_details_sgle,2012,93.275
civ,sex_f,age_aggregate_total,mts_details_sgle,2013,112.531
civ,sex_f,age_aggregate_total,mts_details_sgle,2016,53.927
civ,sex_f,age_aggregate_total,mts_details_sgle,2017,78.034
civ,sex_f,age_aggregate_total,mts_details_total,2012,170.771
civ,sex_f,age_aggregate_total,mts_details_total,2013,217.551
civ,sex_f,age_aggregate_total,mts_details_total,2016,119.061
civ,sex_f,age_aggregate_total,mts_details_total,2017,125.014
civ,sex_f,age_aggregate_total,mts_details_union,2016,17.28
civ,sex_f,age_aggregate_total,mts_details_wid,2012,1.926
civ,sex_f,age_aggregate_total,mts_details_wid,2013,7.749
civ,sex_f,age_aggregate_y15_24,mts_aggregate_1,2012,47.561
civ,sex_f,age_aggregate_y15_24,mts_aggregate_1,2013,50.152
civ,sex_f,age_aggregate_y15_24,mts_aggregate_1,2016,27.374
civ,sex_f,age_aggregate_y15_24,mts_aggregate_1,2017,28.557
civ,sex_f,age_aggregate_y15_24,mts_aggregate_2,2012,24.59
civ,sex_f,age_aggregate_y15_24,mts_aggregate_2,2013,21.679
civ,sex_f,age_aggregate_y15_24,mts_aggregate_2,2016,9.779
civ,sex_f,age_aggregate_y15_24,mts_aggregate_2,2017,10.703
civ,sex_f,age_aggregate_y15_24,mts_aggregate_total,2012,72.151
civ,sex_f,age_aggregate_y15_24,mts_aggregate_total,2013,71.831
civ,sex_f,age_aggregate_y15_24,mts_aggregate_total,2016,37.153
civ,sex_f,age_aggregate_y15_24,mts_aggregate_total,2017,39.26
civ,sex_f,age_aggregate_y15_24,mts_details_mrd,2012,24.59
civ,sex_f,age_aggregate_y15_24,mts_details_mrd,2013,21.679
civ,sex_f,age_aggregate_y15_24,mts_details_mrd,2016,6.088
civ,sex_f,age_aggregate_y15_24,mts_details_mrd,2017,10.703
civ,sex_f,age_aggregate_y15_24,mts_details_sgle,2012,47.107
civ,sex_f,age_aggregate_y15_24,mts_details_sgle,2013,50.143
civ,sex_f,age_aggregate_y15_24,mts_details_sgle,2016,25.596
civ,sex_f,age_aggregate_y15_24,mts_details_sgle,2017,28.557
civ,sex_f,age_aggregate_y15_24,mts_details_total,2012,72.151
civ,sex_f,age_aggregate_y15_24,mts_details_total,2013,71.831
civ,sex_f,age_aggregate_y15_24,mts_details_total,2016,37.153
civ,sex_f,age_aggregate_y15_24,mts_details_total,2017,39.26
civ,sex_f,age_aggregate_y15_24,mts_details_union,2016,3.691
civ,sex_f,age_aggregate_y25_54,mts_aggregate_1,2012,47.803
civ,sex_f,age_aggregate_y25_54,mts_aggregate_1,2013,70.005
civ,sex_f,age_aggregate_y25_54,mts_aggregate_1,2016,28.666
civ,sex_f,age_aggregate_y25_54,mts_aggregate_1,2017,52.141
civ,sex_f,age_aggregate_y25_54,mts_aggregate_2,2012,47.088
civ,sex_f,age_aggregate_y25_54,mts_aggregate_2,2013,67.078
civ,sex_f,age_aggregate_y25_54,mts_aggregate_2,2016,50.499
civ,sex_f,age_aggregate_y25_54,mts_aggregate_2,2017,31.743
civ,sex_f,age_aggregate_y25_54,mts_aggregate_total,2012,94.891
civ,sex_f,age_aggregate_y25_54,mts_aggregate_total,2013,138.128
civ,sex_f,age_aggregate_y25_54,mts_aggregate_total,2016,79.165
civ,sex_f,age_aggregate_y25_54,mts_aggregate_total,2017,83.884
civ,sex_f,age_aggregate_y25_54,mts_details_mrd,2012,47.088
civ,sex_f,age_aggregate_y25_54,mts_details_mrd,2013,67.078
civ,sex_f,age_aggregate_y25_54,mts_details_mrd,2016,36.91
civ,sex_f,age_aggregate_y25_54,mts_details_mrd,2017,31.743
civ,sex_f,age_aggregate_y25_54,mts_details_sep,2013,5.643
civ,sex_f,age_aggregate_y25_54,mts_details_sgle,2012,45.866
civ,sex_f,age_aggregate_y25_54,mts_details_sgle,2013,60.973
civ,sex_f,age_aggregate_y25_54,mts_details_sgle,2016,27.709
civ,sex_f,age_aggregate_y25_54,mts_details_sgle,2017,49.477
civ,sex_f,age_aggregate_y25_54,mts_details_total,2012,94.891
civ,sex_f,age_aggregate_y25_54,mts_details_total,2013,138.128
civ,sex_f,age_aggregate_y25_54,mts_details_total,2016,79.165
civ,sex_f,age_aggregate_y25_54,mts_details_total,2017,83.884
civ,sex_f,age_aggregate_y25_54,mts_details_union,2016,13.589
civ,sex_f,age_aggregate_y25_54,mts_details_wid,2013,3.39
civ,sex_f,age_aggregate_y55_64,mts_aggregate_1,2013,5.775
civ,sex_f,age_aggregate_y55_64,mts_aggregate_2,2012,1.901
civ,sex_f,age_aggregate_y55_64,mts_aggregate_total,2012,2.576
civ,sex_f,age_aggregate_y55_64,mts_aggregate_total,2013,7.591
civ,sex_f,age_aggregate_y55_64,mts_details_mrd,2012,1.901
civ,sex_f,age_aggregate_y55_64,mts_details_total,2012,2.576
civ,sex_f,age_aggregate_y55_64,mts_details_total,2013,7.591
civ,sex_f,age_ythadult_y15_24,mts_aggregate_1,2012,47.561
civ,sex_f,age_ythadult_y15_24,mts_aggregate_1,2013,50.152
civ,sex_f,age_ythadult_y15_24,mts_aggregate_1,2016,27.374
civ,sex_f,age_ythadult_y15_24,mts_aggregate_1,2017,28.557
civ,sex_f,age_ythadult_y15_24,mts_aggregate_2,2012,24.59
civ,sex_f,age_ythadult_y15_24,mts_aggregate_2,2013,21.679
civ,sex_f,age_ythadult_y15_24,mts_aggregate_2,2016,9.779
civ,sex_f,age_ythadult_y15_24,mts_aggregate_2,2017,10.703
civ,sex_f,age_ythadult_y15_24,mts_aggregate_total,2012,72.151
civ,sex_f,age_ythadult_y15_24,mts_aggregate_total,2013,71.831
civ,sex_f,age_ythadult_y15_24,mts_aggregate_total,2016,37.153
civ,sex_f,age_ythadult_y15_24,mts_aggregate_total,2017,39.26
civ,sex_f,age_ythadult_y15_24,mts_details_mrd,2012,24.59
civ,sex_f,age_ythadult_y15_24,mts_details_mrd,2013,21.679
civ,sex_f,age_ythadult_y15_24,mts_details_mrd,2016,6.088
civ,sex_f,age_ythadult_y15_24,mts_details_mrd,2017,10.703
civ,sex_f,age_ythadult_y15_24,mts_details_sgle,2012,47.107
civ,sex_f,age_ythadult_y15_24,mts_details_sgle,2013,50.143
civ,sex_f,age_ythadult_y15_24,mts_details_sgle,2016,25.596
civ,sex_f,age_ythadult_y15_24,mts_details_sgle,2017,28.557
civ,sex_f,age_ythadult_y15_24,mts_details_total,2012,72.151
civ,sex_f,age_ythadult_y15_24,mts_details_total,2013,71.831
civ,sex_f,age_ythadult_y15_24,mts_details_total,2016,37.153
civ,sex_f,age_ythadult_y15_24,mts_details_total,2017,39.26
civ,sex_f,age_ythadult_y15_24,mts_details_union,2016,3.691
civ,sex_f,age_ythadult_y15_64,mts_aggregate_1,2012,96.039
civ,sex_f,age_ythadult_y15_64,mts_aggregate_1,2013,125.932
civ,sex_f,age_ythadult_y15_64,mts_aggregate_1,2017,80.71
civ,sex_f,age_ythadult_y15_64,mts_aggregate_2,2012,73.579
civ,sex_f,age_ythadult_y15_64,mts_aggregate_2,2013,90.574
civ,sex_f,age_ythadult_y15_64,mts_aggregate_2,2016,60.434
civ,sex_f,age_ythadult_y15_64,mts_aggregate_total,2012,169.618
civ,sex_f,age_ythadult_y15_64,mts_aggregate_total,2013,217.551
civ,sex_f,age_ythadult_y15_64,mts_aggregate_total,2016,116.475
civ,sex_f,age_ythadult_y15_64,mts_aggregate_total,2017,123.157
civ,sex_f,age_ythadult_y15_64,mts_details_mrd,2012,73.579
civ,sex_f,age_ythadult_y15_64,mts_details_mrd,2013,90.574
civ,sex_f,age_ythadult_y15_64,mts_details_mrd,2016,43.154
civ,sex_f,age_ythadult_y15_64,mts_details_sgle,2013,112.531
civ,sex_f,age_ythadult_y15_64,mts_details_total,2012,169.618
civ,sex_f,age_ythadult_y15_64,mts_details_total,2013,217.551
civ,sex_f,age_ythadult_y15_64,mts_details_total,2016,116.475
civ,sex_f,age_ythadult_y15_64,mts_details_total,2017,123.157
civ,sex_f,age_ythadult_yge15,mts_aggregate_1,2012,96.795
civ,sex_f,age_ythadult_yge15,mts_aggregate_1,2013,125.932
civ,sex_f,age_ythadult_yge15,mts_aggregate_1,2016,56.663
civ,sex_f,age_ythadult_yge15,mts_aggregate_1,2017,82.568
civ,sex_f,age_ythadult_yge15,mts_aggregate_2,2012,73.976
civ,sex_f,age_ythadult_yge15,mts_aggregate_2,2013,90.574
civ,sex_f,age_ythadult_yge15,mts_aggregate_2,2016,62.399
civ,sex_f,age_ythadult_yge15,mts_aggregate_2,2017,42.446
civ,sex_f,age_ythadult_yge15,mts_aggregate_total,2012,170.771
civ,sex_f,age_ythadult_yge15,mts_aggregate_total,2013,217.551
civ,sex_f,age_ythadult_yge15,mts_aggregate_total,2016,119.061
civ,sex_f,age_ythadult_yge15,mts_aggregate_total,2017,125.014
civ,sex_f,age_ythadult_yge15,mts_details_mrd,2012,73.976
civ,sex_f,age_ythadult_yge15,mts_details_mrd,2013,90.574
civ,sex_f,age_ythadult_yge15,mts_details_mrd,2016,45.119
civ,sex_f,age_ythadult_yge15,mts_details_mrd,2017,42.446
civ,sex_f,age_ythadult_yge15,mts_details_sep,2013,5.652
civ,sex_f,age_ythadult_yge15,mts_details_sep,2016,2.673
civ,sex_f,age_ythadult_yge15,mts_details_sgle,2012,93.275
civ,sex_f,age_ythadult_yge15,mts_details_sgle,2013,112.531
civ,sex_f,age_ythadult_yge15,mts_details_sgle,2016,53.927
civ,sex_f,age_ythadult_yge15,mts_details_sgle,2017,78.034
civ,sex_f,age_ythadult_yge15,mts_details_total,2012,170.771
civ,sex_f,age_ythadult_yge15,mts_details_total,2013,217.551
civ,sex_f,age_ythadult_yge15,mts_details_total,2016,119.061
civ,sex_f,age_ythadult_yge15,mts_details_total,2017,125.014
civ,sex_f,age_ythadult_yge15,mts_details_union,2016,17.28
civ,sex_f,age_ythadult_yge15,mts_details_wid,2012,1.926
civ,sex_f,age_ythadult_yge15,mts_details_wid,2013,7.749
civ,sex_f,age_ythadult_yge25,mts_aggregate_1,2012,49.234
civ,sex_f,age_ythadult_yge25,mts_aggregate_1,2013,75.78
civ,sex_f,age_ythadult_yge25,mts_aggregate_1,2016,29.288
civ,sex_f,age_ythadult_yge25,mts_aggregate_1,2017,54.011
civ,sex_f,age_ythadult_yge25,mts_aggregate_2,2012,49.386
civ,sex_f,age_ythadult_yge25,mts_aggregate_2,2013,68.895
civ,sex_f,age_ythadult_yge25,mts_aggregate_2,2016,52.62
civ,sex_f,age_ythadult_yge25,mts_aggregate_2,2017,31.743
civ,sex_f,age_ythadult_yge25,mts_aggregate_total,2012,98.619
civ,sex_f,age_ythadult_yge25,mts_aggregate_total,2013,145.72
civ,sex_f,age_ythadult_yge25,mts_aggregate_total,2016,81.908
civ,sex_f,age_ythadult_yge25,mts_aggregate_total,2017,85.754
civ,sex_f,age_ythadult_yge25,mts_details_mrd,2012,49.386
civ,sex_f,age_ythadult_yge25,mts_details_mrd,2013,68.895
civ,sex_f,age_ythadult_yge25,mts_details_mrd,2016,39.031
civ,sex_f,age_ythadult_yge25,mts_details_mrd,2017,31.743
civ,sex_f,age_ythadult_yge25,mts_details_sep,2013,5.643
civ,sex_f,age_ythadult_yge25,mts_details_sgle,2012,46.168
civ,sex_f,age_ythadult_yge25,mts_details_sgle,2013,62.388
civ,sex_f,age_ythadult_yge25,mts_details_sgle,2016,28.331
civ,sex_f,age_ythadult_yge25,mts_details_sgle,2017,49.477
civ,sex_f,age_ythadult_yge25,mts_details_total,2012,98.619
civ,sex_f,age_ythadult_yge25,mts_details_total,2013,145.72
civ,sex_f,age_ythadult_yge25,mts_details_total,2016,81.908
civ,sex_f,age_ythadult_yge25,mts_details_total,2017,85.754
civ,sex_f,age_ythadult_yge25,mts_details_union,2016,13.589
civ,sex_f,age_ythadult_yge25,mts_details_wid,2012,1.926
civ,sex_f,age_ythadult_yge25,mts_details_wid,2013,7.749
civ,sex_m,age_10yrbands_total,mts_aggregate_1,2012,140.552
civ,sex_m,age_10yrbands_total,mts_aggregate_1,2013,126.634
civ,sex_m,age_10yrbands_total,mts_aggregate_1,2016,58.058
civ,sex_m,age_10yrbands_total,mts_aggregate_1,2017,95.819
civ,sex_m,age_10yrbands_total,mts_aggregate_2,2012,50.087
civ,sex_m,age_10yrbands_total,mts_aggregate_2,2013,55.679
civ,sex_m,age_10yrbands_total,mts_aggregate_2,2016,49.27
civ,sex_m,age_10yrbands_total,mts_aggregate_2,2017,39.822
civ,sex_m,age_10yrbands_total,mts_aggregate_total,2012,190.639
civ,sex_m,age_10yrbands_total,mts_aggregate_total,2013,182.627
civ,sex_m,age_10yrbands_total,mts_aggregate_total,2016,107.328
civ,sex_m,age_10yrbands_total,mts_aggregate_total,2017,135.641
civ,sex_m,age_10yrbands_total,mts_details_mrd,2012,50.087
civ,sex_m,age_10yrbands_total,mts_details_mrd,2013,55.679
civ,sex_m,age_10yrbands_total,mts_details_mrd,2016,29.879
civ,sex_m,age_10yrbands_total,mts_details_mrd,2017,39.822
civ,sex_m,age_10yrbands_total,mts_details_sgle,2012,138.84
civ,sex_m,age_10yrbands_total,mts_details_sgle,2013,124.851
civ,sex_m,age_10yrbands_total,mts_details_sgle,2016,55.917
civ,sex_m,age_10yrbands_total,mts_details_sgle,2017,95.153
civ,sex_m,age_10yrbands_total,mts_details_total,2012,190.639
civ,sex_m,age_10yrbands_total,mts_details_total,2013,182.627
civ,sex_m,age_10yrbands_total,mts_details_total,2016,107.328
civ,sex_m,age_10yrbands_total,mts_details_total,2017,135.641
civ,sex_m,age_10yrbands_total,mts_details_union,2016,19.391
civ,sex_m,age_10yrbands_y15_24,mts_aggregate_1,2012,66.837
civ,sex_m,age_10yrbands_y15_24,mts_aggregate_1,2013,43.097
civ,sex_m,age_10yrbands_y15_24,mts_aggregate_1,2016,19.631
civ,sex_m,age_10yrbands_y15_24,mts_aggregate_1,2017,32.303
civ,sex_m,age_10yrbands_y15_24,mts_aggregate_2,2012,3.854
civ,sex_m,age_10yrbands_y15_24,mts_aggregate_2,2013,4.32
civ,sex_m,age_10yrbands_y15_24,mts_aggregate_total,2012,70.691
civ,sex_m,age_10yrbands_y15_24,mts_aggregate_total,2013,47.417
civ,sex_m,age_10yrbands_y15_24,mts_aggregate_total,2016,22.362
civ,sex_m,age_10yrbands_y15_24,mts_aggregate_total,2017,32.303
civ,sex_m,age_10yrbands_y15_24,mts_details_mrd,2012,3.854
civ,sex_m,age_10yrbands_y15_24,mts_details_mrd,2013,4.32
civ,sex_m,age_10yrbands_y15_24,mts_details_sgle,2012,66.837
civ,sex_m,age_10yrbands_y15_24,mts_details_sgle,2013,43.097
civ,sex_m,age_10yrbands_y15_24,mts_details_sgle,2016,19.631
civ,sex_m,age_10yrbands_y15_24,mts_details_sgle,2017,32.303
civ,sex_m,age_10yrbands_y15_24,mts_details_total,2012,70.691
civ,sex_m,age_10yrbands_y15_24,mts_details_total,2013,47.417
civ,sex_m,age_10yrbands_y15_24,mts_details_total,2016,22.362
civ,sex_m,age_10yrbands_y15_24,mts_details_total,2017,32.303
civ,sex_m,age_10yrbands_y25_34,mts_aggregate_1,2012,59.083
civ,sex_m,age_10yrbands_y25_34,mts_aggregate_1,2013,61.411
civ,sex_m,age_10yrbands_y25_34,mts_aggregate_1,2016,29.985
civ,sex_m,age_10yrbands_y25_34,mts_aggregate_1,2017,47.428
civ,sex_m,age_10yrbands_y25_34,mts_aggregate_2,2012,16.478
civ,sex_m,age_10yrbands_y25_34,mts_aggregate_2,2013,13.579
civ,sex_m,age_10yrbands_y25_34,mts_aggregate_2,2016,11.907
civ,sex_m,age_10yrbands_y25_34,mts_aggregate_2,2017,12.445
civ,sex_m,age_10yrbands_y25_34,mts_aggregate_total,2012,75.562
civ,sex_m,age_10yrbands_y25_34,mts_aggregate_total,2013,75.304
civ,sex_m,age_10yrbands_y25_34,mts_aggregate_total,2016,41.892
civ,sex_m,age_10yrbands_y25_34,mts_aggregate_total,2017,59.873
civ,sex_m,age_10yrbands_y25_34,mts_details_mrd,2012,16.478
civ,sex_m,age_10yrbands_y25_34,mts_details_mrd,2013,13.579
civ,sex_m,age_10yrbands_y25_34,mts_details_mrd,2016,3.757
civ,sex_m,age_10yrbands_y25_34,mts_details_mrd,2017,12.445
civ,sex_m,age_10yrbands_y25_34,mts_details_sgle,2012,58.744
civ,sex_m,age_10yrbands_y25_34,mts_details_sgle,2013,60.15
civ,sex_m,age_10yrbands_y25_34,mts_details_sgle,2016,28.563
civ,sex_m,age_10yrbands_y25_34,mts_details_sgle,2017,46.762
civ,sex_m,age_10yrbands_y25_34,mts_details_total,2012,75.562
civ,sex_m,age_10yrbands_y25_34,mts_details_total,2013,75.304
civ,sex_m,age_10yrbands_y25_34,mts_details_total,2016,41.892
civ,sex_m,age_10yrbands_y25_34,mts_details_total,2017,59.873
civ,sex_m,age_10yrbands_y25_34,mts_details_union,2016,8.15
civ,sex_m,age_10yrbands_y35_44,mts_aggregate_1,2012,11.191
civ,sex_m,age_10yrbands_y35_44,mts_aggregate_1,2013,18.85
civ,sex_m,age_10yrbands_y35_44,mts_aggregate_1,2016,7.058
civ,sex_m,age_10yrbands_y35_44,mts_aggregate_1,2017,13.541
civ,sex_m,age_10yrbands_y35_44,mts_aggregate_2,2012,19.167
civ,sex_m,age_10yrbands_y35_44,mts_aggregate_2,2013,15.227
civ,sex_m,age_10yrbands_y35_44,mts_aggregate_2,2016,20.665
civ,sex_m,age_10yrbands_y35_44,mts_aggregate_2,2017,15.609
civ,sex_m,age_10yrbands_y35_44,mts_aggregate_total,2012,30.358
civ,sex_m,age_10yrbands_y35_44,mts_aggregate_total,2013,34.077
civ,sex_m,age_10yrbands_y35_44,mts_aggregate_total,2016,27.723
civ,sex_m,age_10yrbands_y35_44,mts_aggregate_total,2017,29.15
civ,sex_m,age_10yrbands_y35_44,mts_details_mrd,2012,19.167
civ,sex_m,age_10yrbands_y35_44,mts_details_mrd,2013,15.227
civ,sex_m,age_10yrbands_y35_44,mts_details_mrd,2016,13.475
civ,sex_m,age_10yrbands_y35_44,mts_details_mrd,2017,15.609
civ,sex_m,age_10yrbands_y35_44,mts_details_sgle,2012,10.79
civ,sex_m,age_10yrbands_y35_44,mts_details_sgle,2013,18.77
civ,sex_m,age_10yrbands_y35_44,mts_details_sgle,2016,6.485
civ,sex_m,age_10yrbands_y35_44,mts_details_sgle,2017,13.541
civ,sex_m,age_10yrbands_y35_44,mts_details_total,2012,30.358
civ,sex_m,age_10yrbands_y35_44,mts_details_total,2013,34.077
civ,sex_m,age_10yrbands_y35_44,mts_details_total,2016,27.723
civ,sex_m,age_10yrbands_y35_44,mts_details_total,2017,29.15
civ,sex_m,age_10yrbands_y35_44,mts_details_union,2016,7.19
civ,sex_m,age_10yrbands_y45_54,mts_aggregate_1,2012,2.918
civ,sex_m,age_10yrbands_y45_54,mts_aggregate_2,2012,7.241
civ,sex_m,age_10yrbands_y45_54,mts_aggregate_2,2013,12.199
civ,sex_m,age_10yrbands_y45_54,mts_aggregate_2,2016,9.385
civ,sex_m,age_10yrbands_y45_54,mts_aggregate_2,2017,7.657
civ,sex_m,age_10yrbands_y45_54,mts_aggregate_total,2012,10.159
civ,sex_m,age_10yrbands_y45_54,mts_aggregate_total,2013,13.079
civ,sex_m,age_10yrbands_y45_54,mts_aggregate_total,2016,9.385
civ,sex_m,age_10yrbands_y45_54,mts_aggregate_total,2017,10.007
civ,sex_m,age_10yrbands_y45_54,mts_details_mrd,2012,7.241
civ,sex_m,age_10yrbands_y45_54,mts_details_mrd,2013,12.199
civ,sex_m,age_10yrbands_y45_54,mts_details_mrd,2016,6.979
civ,sex_m,age_10yrbands_y45_54,mts_details_mrd,2017,7.657
civ,sex_m,age_10yrbands_y45_54,mts_details_sgle,2012,2.215
civ,sex_m,age_10yrbands_y45_54,mts_details_total,2012,10.159
civ,sex_m,age_10yrbands_y45_54,mts_details_total,2013,13.079
civ,sex_m,age_10yrbands_y45_54,mts_details_total,2016,9.385
civ,sex_m,age_10yrbands_y45_54,mts_details_total,2017,10.007
civ,sex_m,age_10yrbands_y55_64,mts_aggregate_1,2013,2.396
civ,sex_m,age_10yrbands_y55_64,mts_aggregate_2,2012,2.785
civ,sex_m,age_10yrbands_y55_64,mts_aggregate_2,2013,7.662
civ,sex_m,age_10yrbands_y55_64,mts_aggregate_2,2016,4.582
civ,sex_m,age_10yrbands_y55_64,mts_aggregate_2,2017,4.038
civ,sex_m,age_10yrbands_y55_64,mts_aggregate_total,2012,3.308
civ,sex_m,age_10yrbands_y55_64,mts_aggregate_total,2013,10.059
civ,sex_m,age_10yrbands_y55_64,mts_aggregate_total,2016,4.73
civ,sex_m,age_10yrbands_y55_64,mts_aggregate_total,2017,4.235
civ,sex_m,age_10yrbands_y55_64,mts_details_mrd,2012,2.785
civ,sex_m,age_10yrbands_y55_64,mts_details_mrd,2013,7.662
civ,sex_m,age_10yrbands_y55_64,mts_details_mrd,2016,4.582
civ,sex_m,age_10yrbands_y55_64,mts_details_mrd,2017,4.038
civ,sex_m,age_10yrbands_y55_64,mts_details_total,2012,3.308
civ,sex_m,age_10yrbands_y55_64,mts_details_total,2013,10.059
civ,sex_m,age_10yrbands_y55_64,mts_details_total,2016,4.73
civ,sex_m,age_10yrbands_y55_64,mts_details_total,2017,4.235
civ,sex_m,age_10yrbands_yge65,mts_aggregate_2,2013,2.691
civ,sex_m,age_10yrbands_yge65,mts_aggregate_total,2013,2.691
civ,sex_m,age_10yrbands_yge65,mts_details_mrd,2013,2.691
civ,sex_m,age_10yrbands_yge65,mts_details_total,2013,2.691
civ,sex_m,age_aggregate_total,mts_aggregate_1,2012,140.552
civ,sex_m,age_aggregate_total,mts_aggregate_1,2013,126.634
civ,sex_m,age_aggregate_total,mts_aggregate_1,2016,58.058
civ,sex_m,age_aggregate_total,mts_aggregate_1,2017,95.819
civ,sex_m,age_aggregate_total,mts_aggregate_2,2012,50.087
civ,sex_m,age_aggregate_total,mts_aggregate_2,2013,55.679
civ,sex_m,age_aggregate_total,mts_aggregate_2,2016,49.27
civ,sex_m,age_aggregate_total,mts_aggregate_2,2017,39.822
civ,sex_m,age_aggregate_total,mts_aggregate_total,2012,190.639
civ,sex_m,age_aggregate_total,mts_aggregate_total,2013,182.627
civ,sex_m,age_aggregate_total,mts_aggregate_total,2016,107.328
civ,sex_m,age_aggregate_total,mts_aggregate_total,2017,135.641
civ,sex_m,age_aggregate_total,mts_details_mrd,2012,50.087
civ,sex_m,age_aggregate_total,mts_details_mrd,2013,55.679
civ,sex_m,age_aggregate_total,mts_details_mrd,2016,29.879
civ,sex_m,age_aggregate_total,mts_details_mrd,2017,39.822
civ,sex_m,age_aggregate_total,mts_details_sgle,2012,138.84
civ,sex_m,age_aggregate_total,mts_details_sgle,2013,124.851
civ,sex_m,age_aggregate_total,mts_details_sgle,2016,55.917
civ,sex_m,age_aggregate_total,mts_details_sgle,2017,95.153
civ,sex_m,age_aggregate_total,mts_details_total,2012,190.639
civ,sex_m,age_aggregate_total,mts_details_total,2013,182.627
civ,sex_m,age_aggregate_total,mts_details_total,2016,107.328
civ,sex_m,age_aggregate_total,mts_details_total,2017,135.641
civ,sex_m,age_aggregate_total,mts_details_union,2016,19.391
civ,sex_m,age_aggregate_y15_24,mts_aggregate_1,2012,66.837
civ,sex_m,age_aggregate_y15_24,mts_aggregate_1,2013,43.097
civ,sex_m,age_aggregate_y15_24,mts_aggregate_1,2016,19.631
civ,sex_m,age_aggregate_y15_24,mts_aggregate_1,2017,32.303
civ,sex_m,age_aggregate_y15_24,mts_aggregate_2,2012,3.854
civ,sex_m,age_aggregate_y15_24,mts_aggregate_2,2013,4.32
civ,sex_m,age_aggregate_y15_24,mts_aggregate_total,2012,70.691
civ,sex_m,age_aggregate_y15_24,mts_aggregate_total,2013,47.417
civ,sex_m,age_aggregate_y15_24,mts_aggregate_total,2016,22.362
civ,sex_m,age_aggregate_y15_24,mts_aggregate_total,2017,32.303
civ,sex_m,age_aggregate_y15_24,mts_details_mrd,2012,3.854
civ,sex_m,age_aggregate_y15_24,mts_details_mrd,2013,4.32
civ,sex_m,age_aggregate_y15_24,mts_details_sgle,2012,66.837
civ,sex_m,age_aggregate_y15_24,mts_details_sgle,2013,43.097
civ,sex_m,age_aggregate_y15_24,mts_details_sgle,2016,19.631
civ,sex_m,age_aggregate_y15_24,mts_details_sgle,2017,32.303
civ,sex_m,age_aggregate_y15_24,mts_details_total,2012,70.691
civ,sex_m,age_aggregate_y15_24,mts_details_total,2013,47.417
civ,sex_m,age_aggregate_y15_24,mts_details_total,2016,22.362
civ,sex_m,age_aggregate_y15_24,mts_details_total,2017,32.303
civ,sex_m,age_aggregate_y25_54,mts_aggregate_1,2012,73.192
civ,sex_m,age_aggregate_y25_54,mts_aggregate_1,2013,81.14
civ,sex_m,age_aggregate_y25_54,mts_aggregate_1,2016,37.042
civ,sex_m,age_aggregate_y25_54,mts_aggregate_1,2017,63.319
civ,sex_m,age_aggregate_y25_54,mts_aggregate_2,2012,42.886
civ,sex_m,age_aggregate_y25_54,mts_aggregate_2,2013,41.005
civ,sex_m,age_aggregate_y25_54,mts_aggregate_2,2016,41.957
civ,sex_m,age_aggregate_y25_54,mts_aggregate_2,2017,35.71
civ,sex_m,age_aggregate_y25_54,mts_aggregate_total,2012,116.078
civ,sex_m,age_aggregate_y25_54,mts_aggregate_total,2013,122.46
civ,sex_m,age_aggregate_y25_54,mts_aggregate_total,2016,78.999
civ,sex_m,age_aggregate_y25_54,mts_aggregate_total,2017,99.03
civ,sex_m,age_aggregate_y25_54,mts_details_mrd,2012,42.886
civ,sex_m,age_aggregate_y25_54,mts_details_mrd,2013,41.005
civ,sex_m,age_aggregate_y25_54,mts_details_mrd,2016,24.211
civ,sex_m,age_aggregate_y25_54,mts_details_mrd,2017,35.71
civ,sex_m,age_aggregate_y25_54,mts_details_sgle,2012,71.75
civ,sex_m,age_aggregate_y25_54,mts_details_sgle,2013,79.756
civ,sex_m,age_aggregate_y25_54,mts_details_sgle,2016,35.049
civ,sex_m,age_aggregate_y25_54,mts_details_sgle,2017,62.653
civ,sex_m,age_aggregate_y25_54,mts_details_total,2012,116.078
civ,sex_m,age_aggregate_y25_54,mts_details_total,2013,122.46
civ,sex_m,age_aggregate_y25_54,mts_details_total,2016,78.999
civ,sex_m,age_aggregate_y25_54,mts_details_total,2017,99.03
civ,sex_m,age_aggregate_y25_54,mts_details_union,2016,17.746
civ,sex_m,age_aggregate_y55_64,mts_aggregate_1,2013,2.396
civ,sex_m,age_aggregate_y55_64,mts_aggregate_2,2012,2.785
civ,sex_m,age_aggregate_y55_64,mts_aggregate_2,2013,7.662
civ,sex_m,age_aggregate_y55_64,mts_aggregate_2,2016,4.582
civ,sex_m,age_aggregate_y55_64,mts_aggregate_2,2017,4.038
civ,sex_m,age_aggregate_y55_64,mts_aggregate_total,2012,3.308
civ,sex_m,age_aggregate_y55_64,mts_aggregate_total,2013,10.059
civ,sex_m,age_aggregate_y55_64,mts_aggregate_total,2016,4.73
civ,sex_m,age_aggregate_y55_64,mts_aggregate_total,2017,4.235
civ,sex_m,age_aggregate_y55_64,mts_details_mrd,2012,2.785
civ,sex_m,age_aggregate_y55_64,mts_details_mrd,2013,7.662
civ,sex_m,age_aggregate_y55_64,mts_details_mrd,2016,4.582
civ,sex_m,age_aggregate_y55_64,mts_details_mrd,2017,4.038
civ,sex_m,age_aggregate_y55_64,mts_details_total,2012,3.308
civ,sex_m,age_aggregate_y55_64,mts_details_total,2013,10.059
civ,sex_m,age_aggregate_y55_64,mts_details_total,2016,4.73
civ,sex_m,age_aggregate_y55_64,mts_details_total,2017,4.235
civ,sex_m,age_aggregate_yge65,mts_aggregate_2,2013,2.691
civ,sex_m,age_aggregate_yge65,mts_aggregate_total,2013,2.691
civ,sex_m,age_aggregate_yge65,mts_details_mrd,2013,2.691
civ,sex_m,age_aggregate_yge65,mts_details_total,2013,2.691
civ,sex_m,age_ythadult_y15_24,mts_aggregate_1,2012,66.837
civ,sex_m,age_ythadult_y15_24,mts_aggregate_1,2013,43.097
civ,sex_m,age_ythadult_y15_24,mts_aggregate_1,2016,19.631
civ,sex_m,age_ythadult_y15_24,mts_aggregate_1,2017,32.303
civ,sex_m,age_ythadult_y15_24,mts_aggregate_2,2012,3.854
civ,sex_m,age_ythadult_y15_24,mts_aggregate_2,2013,4.32
civ,sex_m,age_ythadult_y15_24,mts_aggregate_total,2012,70.691
civ,sex_m,age_ythadult_y15_24,mts_aggregate_total,2013,47.417
civ,sex_m,age_ythadult_y15_24,mts_aggregate_total,2016,22.362
civ,sex_m,age_ythadult_y15_24,mts_aggregate_total,2017,32.303
civ,sex_m,age_ythadult_y15_24,mts_details_mrd,2012,3.854
civ,sex_m,age_ythadult_y15_24,mts_details_mrd,2013,4.32
civ,sex_m,age_ythadult_y15_24,mts_details_sgle,2012,66.837
civ,sex_m,age_ythadult_y15_24,mts_details_sgle,2013,43.097
civ,sex_m,age_ythadult_y15_24,mts_details_sgle,2016,19.631
civ,sex_m,age_ythadult_y15_24,mts_details_sgle,2017,32.303
civ,sex_m,age_ythadult_y15_24,mts_details_total,2012,70.691
civ,sex_m,age_ythadult_y15_24,mts_details_total,2013,47.417
civ,sex_m,age_ythadult_y15_24,mts_details_total,2016,22.362
civ,sex_m,age_ythadult_y15_24,mts_details_total,2017,32.303
civ,sex_m,age_ythadult_y15_64,mts_aggregate_1,2012,140.552
civ,sex_m,age_ythadult_y15_64,mts_aggregate_1,2013,126.634
civ,sex_m,age_ythadult_y15_64,mts_aggregate_1,2016,56.821
civ,sex_m,age_ythadult_y15_64,mts_aggregate_1,2017,95.819
civ,sex_m,age_ythadult_y15_64,mts_aggregate_2,2012,49.525
civ,sex_m,age_ythadult_y15_64,mts_aggregate_2,2013,52.988
civ,sex_m,age_ythadult_y15_64,mts_aggregate_2,2016,49.27
civ,sex_m,age_ythadult_y15_64,mts_aggregate_total,2012,190.077
civ,sex_m,age_ythadult_y15_64,mts_aggregate_total,2013,179.936
civ,sex_m,age_ythadult_y15_64,mts_aggregate_total,2016,106.091
civ,sex_m,age_ythadult_y15_64,mts_aggregate_total,2017,135.567
civ,sex_m,age_ythadult_y15_64,mts_details_mrd,2012,49.525
civ,sex_m,age_ythadult_y15_64,mts_details_mrd,2013,52.988
civ,sex_m,age_ythadult_y15_64,mts_details_mrd,2016,29.879
civ,sex_m,age_ythadult_y15_64,mts_details_sgle,2012,138.84
civ,sex_m,age_ythadult_y15_64,mts_details_sgle,2013,124.851
civ,sex_m,age_ythadult_y15_64,mts_details_sgle,2017,95.153
civ,sex_m,age_ythadult_y15_64,mts_details_total,2012,190.077
civ,sex_m,age_ythadult_y15_64,mts_details_total,2013,179.936
civ,sex_m,age_ythadult_y15_64,mts_details_total,2016,106.091
civ,sex_m,age_ythadult_y15_64,mts_details_total,2017,135.567
civ,sex_m,age_ythadult_yge15,mts_aggregate_1,2012,140.552
civ,sex_m,age_ythadult_yge15,mts_aggregate_1,2013,126.634
civ,sex_m,age_ythadult_yge15,mts_aggregate_1,2016,58.058
civ,sex_m,age_ythadult_yge15,mts_aggregate_1,2017,95.819
civ,sex_m,age_ythadult_yge15,mts_aggregate_2,2012,50.087
civ,sex_m,age_ythadult_yge15,mts_aggregate_2,2013,55.679
civ,sex_m,age_ythadult_yge15,mts_aggregate_2,2016,49.27
civ,sex_m,age_ythadult_yge15,mts_aggregate_2,2017,39.822
civ,sex_m,age_ythadult_yge15,mts_aggregate_total,2012,190.639
civ,sex_m,age_ythadult_yge15,mts_aggregate_total,2013,182.627
civ,sex_m,age_ythadult_yge15,mts_aggregate_total,2016,107.328
civ,sex_m,age_ythadult_yge15,mts_aggregate_total,2017,135.641
civ,sex_m,age_ythadult_yge15,mts_details_mrd,2012,50.087
civ,sex_m,age_ythadult_yge15,mts_details_mrd,2013,55.679
civ,sex_m,age_ythadult_yge15,mts_details_mrd,2016,29.879
civ,sex_m,age_ythadult_yge15,mts_details_mrd,2017,39.822
civ,sex_m,age_ythadult_yge15,mts_details_sgle,2012,138.84
civ,sex_m,age_ythadult_yge15,mts_details_sgle,2013,124.851
civ,sex_m,age_ythadult_yge15,mts_details_sgle,2016,55.917
civ,sex_m,age_ythadult_yge15,mts_details_sgle,2017,95.153
civ,sex_m,age_ythadult_yge15,mts_details_total,2012,190.639
civ,sex_m,age_ythadult_yge15,mts_details_total,2013,182.627
civ,sex_m,age_ythadult_yge15,mts_details_total,2016,107.328
civ,sex_m,age_ythadult_yge15,mts_details_total,2017,135.641
civ,sex_m,age_ythadult_yge15,mts_details_union,2016,19.391
civ,sex_m,age_ythadult_yge25,mts_aggregate_1,2012,73.715
civ,sex_m,age_ythadult_yge25,mts_aggregate_1,2013,83.537
civ,sex_m,age_ythadult_yge25,mts_aggregate_1,2016,38.427
civ,sex_m,age_ythadult_yge25,mts_aggregate_1,2017,63.516
civ,sex_m,age_ythadult_yge25,mts_aggregate_2,2012,46.233
civ,sex_m,age_ythadult_yge25,mts_aggregate_2,2013,51.358
civ,sex_m,age_ythadult_yge25,mts_aggregate_2,2016,46.539
civ,sex_m,age_ythadult_yge25,mts_aggregate_2,2017,39.822
civ,sex_m,age_ythadult_yge25,mts_aggregate_total,2012,119.948
civ,sex_m,age_ythadult_yge25,mts_aggregate_total,2013,135.209
civ,sex_m,age_ythadult_yge25,mts_aggregate_total,2016,84.966
civ,sex_m,age_ythadult_yge25,mts_aggregate_total,2017,103.338
civ,sex_m,age_ythadult_yge25,mts_details_mrd,2012,46.233
civ,sex_m,age_ythadult_yge25,mts_details_mrd,2013,51.358
civ,sex_m,age_ythadult_yge25,mts_details_mrd,2016,28.794
civ,sex_m,age_ythadult_yge25,mts_details_mrd,2017,39.822
civ,sex_m,age_ythadult_yge25,mts_details_sgle,2012,72.003
civ,sex_m,age_ythadult_yge25,mts_details_sgle,2013,81.754
civ,sex_m,age_ythadult_yge25,mts_details_sgle,2016,36.286
civ,sex_m,age_ythadult_yge25,mts_details_sgle,2017,62.85
civ,sex_m,age_ythadult_yge25,mts_details_total,2012,119.948
civ,sex_m,age_ythadult_yge25,mts_details_total,2013,135.209
civ,sex_m,age_ythadult_yge25,mts_details_total,2016,84.966
civ,sex_m,age_ythadult_yge25,mts_details_total,2017,103.338
civ,sex_m,age_ythadult_yge25,mts_details_union,2016,17.746
civ,sex_t,age_10yrbands_total,mts_aggregate_1,2012,237.347
civ,sex_t,age_10yrbands_total,mts_aggregate_1,2013,252.566
civ,sex_t,age_10yrbands_total,mts_aggregate_1,2016,114.72
civ,sex_t,age_10yrbands_total,mts_aggregate_1,2017,178.387
civ,sex_t,age_10yrbands_total,mts_aggregate_2,2012,124.063
civ,sex_t,age_10yrbands_total,mts_aggregate_2,2013,146.253
civ,sex_t,age_10yrbands_total,mts_aggregate_2,2016,111.669
civ,sex_t,age_10yrbands_total,mts_aggregate_2,2017,82.268
civ,sex_t,age_10yrbands_total,mts_aggregate_total,2012,361.41
civ,sex_t,age_10yrbands_total,mts_aggregate_total,2013,400.177
civ,sex_t,age_10yrbands_total,mts_aggregate_total,2016,226.389
civ,sex_t,age_10yrbands_total,mts_aggregate_total,2017,260.655
civ,sex_t,age_10yrbands_total,mts_details_mrd,2012,124.063
civ,sex_t,age_10yrbands_total,mts_details_mrd,2013,146.253
civ,sex_t,age_10yrbands_total,mts_details_mrd,2016,74.998
civ,sex_t,age_10yrbands_total,mts_details_mrd,2017,82.268
civ,sex_t,age_10yrbands_total,mts_details_sep,2012,2.76
civ,sex_t,age_10yrbands_total,mts_details_sep,2013,7.391
civ,sex_t,age_10yrbands_total,mts_details_sep,2016,3.393
civ,sex_t,age_10yrbands_total,mts_details_sgle,2012,232.115
civ,sex_t,age_10yrbands_total,mts_details_sgle,2013,237.382
civ,sex_t,age_10yrbands_total,mts_details_sgle,2016,109.843
civ,sex_t,age_10yrbands_total,mts_details_sgle,2017,173.186
civ,sex_t,age_10yrbands_total,mts_details_total,2012,361.41
civ,sex_t,age_10yrbands_total,mts_details_total,2013,400.177
civ,sex_t,age_10yrbands_total,mts_details_total,2016,226.389
civ,sex_t,age_10yrbands_total,mts_details_total,2017,260.655
civ,sex_t,age_10yrbands_total,mts_details_union,2016,36.671
civ,sex_t,age_10yrbands_total,mts_details_wid,2012,2.473
civ,sex_t,age_10yrbands_total,mts_details_wid,2013,7.793
civ,sex_t,age_10yrbands_total,mts_details_wid,2017,2.451
civ,sex_t,age_10yrbands_y15_24,mts_aggregate_1,2012,114.398
civ,sex_t,age_10yrbands_y15_24,mts_aggregate_1,2013,93.249
civ,sex_t,age_10yrbands_y15_24,mts_aggregate_1,2016,47.005
civ,sex_t,age_10yrbands_y15_24,mts_aggregate_1,2017,60.86
civ,sex_t,age_10yrbands_y15_24,mts_aggregate_2,2012,28.444
civ,sex_t,age_10yrbands_y15_24,mts_aggregate_2,2013,26
civ,sex_t,age_10yrbands_y15_24,mts_aggregate_2,2016,12.509
civ,sex_t,age_10yrbands_y15_24,mts_aggregate_2,2017,10.703
civ,sex_t,age_10yrbands_y15_24,mts_aggregate_total,2012,142.843
civ,sex_t,age_10yrbands_y15_24,mts_aggregate_total,2013,119.249
civ,sex_t,age_10yrbands_y15_24,mts_aggregate_total,2016,59.515
civ,sex_t,age_10yrbands_y15_24,mts_aggregate_total,2017,71.563
civ,sex_t,age_10yrbands_y15_24,mts_details_mrd,2012,28.444
civ,sex_t,age_10yrbands_y15_24,mts_details_mrd,2013,26
civ,sex_t,age_10yrbands_y15_24,mts_details_mrd,2016,7.173
civ,sex_t,age_10yrbands_y15_24,mts_details_mrd,2017,10.703
civ,sex_t,age_10yrbands_y15_24,mts_details_sgle,2012,113.944
civ,sex_t,age_10yrbands_y15_24,mts_details_sgle,2013,93.24
civ,sex_t,age_10yrbands_y15_24,mts_details_sgle,2016,45.227
civ,sex_t,age_10yrbands_y15_24,mts_details_sgle,2017,60.86
civ,sex_t,age_10yrbands_y15_24,mts_details_total,2012,142.843
civ,sex_t,age_10yrbands_y15_24,mts_details_total,2013,119.249
civ,sex_t,age_10yrbands_y15_24,mts_details_total,2016,59.515
civ,sex_t,age_10yrbands_y15_24,mts_details_total,2017,71.563
civ,sex_t,age_10yrbands_y15_24,mts_details_union,2016,5.336
civ,sex_t,age_10yrbands_y25_34,mts_aggregate_1,2012,96.86
civ,sex_t,age_10yrbands_y25_34,mts_aggregate_1,2013,112.82
civ,sex_t,age_10yrbands_y25_34,mts_aggregate_1,2016,52.595
civ,sex_t,age_10yrbands_y25_34,mts_aggregate_1,2017,87.128
civ,sex_t,age_10yrbands_y25_34,mts_aggregate_2,2012,46.875
civ,sex_t,age_10yrbands_y25_34,mts_aggregate_2,2013,56.944
civ,sex_t,age_10yrbands_y25_34,mts_aggregate_2,2016,41.77
civ,sex_t,age_10yrbands_y25_34,mts_aggregate_2,2017,35.513
civ,sex_t,age_10yrbands_y25_34,mts_aggregate_total,2012,143.734
civ,sex_t,age_10yrbands_y25_34,mts_aggregate_total,2013,170.079
civ,sex_t,age_10yrbands_y25_34,mts_aggregate_total,2016,94.365
civ,sex_t,age_10yrbands_y25_34,mts_aggregate_total,2017,122.642
civ,sex_t,age_10yrbands_y25_34,mts_details_mrd,2012,46.875
civ,sex_t,age_10yrbands_y25_34,mts_details_mrd,2013,56.944
civ,sex_t,age_10yrbands_y25_34,mts_details_mrd,2016,24.788
civ,sex_t,age_10yrbands_y25_34,mts_details_mrd,2017,35.513
civ,sex_t,age_10yrbands_y25_34,mts_details_sgle,2012,96.201
civ,sex_t,age_10yrbands_y25_34,mts_details_sgle,2013,110.278
civ,sex_t,age_10yrbands_y25_34,mts_details_sgle,2016,51.173
civ,sex_t,age_10yrbands_y25_34,mts_details_sgle,2017,85.289
civ,sex_t,age_10yrbands_y25_34,mts_details_total,2012,143.734
civ,sex_t,age_10yrbands_y25_34,mts_details_total,2013,170.079
civ,sex_t,age_10yrbands_y25_34,mts_details_total,2016,94.365
civ,sex_t,age_10yrbands_y25_34,mts_details_total,2017,122.642
civ,sex_t,age_10yrbands_y25_34,mts_details_union,2016,16.982
civ,sex_t,age_10yrbands_y35_44,mts_aggregate_1,2012,19.484
civ,sex_t,age_10yrbands_y35_44,mts_aggregate_1,2013,31.631
civ,sex_t,age_10yrbands_y35_44,mts_aggregate_1,2016,12.157
civ,sex_t,age_10yrbands_y35_44,mts_aggregate_1,2017,23.361
civ,sex_t,age_10yrbands_y35_44,mts_aggregate_2,2012,33.472
civ,sex_t,age_10yrbands_y35_44,mts_aggregate_2,2013,33.521
civ,sex_t,age_10yrbands_y35_44,mts_aggregate_2,2016,36.35
civ,sex_t,age_10yrbands_y35_44,mts_aggregate_2,2017,22.612
civ,sex_t,age_10yrbands_y35_44,mts_aggregate_total,2012,52.956
civ,sex_t,age_10yrbands_y35_44,mts_aggregate_total,2013,65.152
civ,sex_t,age_10yrbands_y35_44,mts_aggregate_total,2016,48.507
civ,sex_t,age_10yrbands_y35_44,mts_aggregate_total,2017,45.973
civ,sex_t,age_10yrbands_y35_44,mts_details_mrd,2012,33.472
civ,sex_t,age_10yrbands_y35_44,mts_details_mrd,2013,33.521
civ,sex_t,age_10yrbands_y35_44,mts_details_mrd,2016,24.403
civ,sex_t,age_10yrbands_y35_44,mts_details_mrd,2017,22.612
civ,sex_t,age_10yrbands_y35_44,mts_details_sgle,2012,17.798
civ,sex_t,age_10yrbands_y35_44,mts_details_sgle,2013,26.971
civ,sex_t,age_10yrbands_y35_44,mts_details_sgle,2016,11.585
civ,sex_t,age_10yrbands_y35_44,mts_details_sgle,2017,23.361
civ,sex_t,age_10yrbands_y35_44,mts_details_total,2012,52.956
civ,sex_t,age_10yrbands_y35_44,mts_details_total,2013,65.152
civ,sex_t,age_10yrbands_y35_44,mts_details_total,2016,48.507
civ,sex_t,age_10yrbands_y35_44,mts_details_total,2017,45.973
civ,sex_t,age_10yrbands_y35_44,mts_details_union,2016,11.947
civ,sex_t,age_10yrbands_y45_54,mts_aggregate_1,2012,4.651
civ,sex_t,age_10yrbands_y45_54,mts_aggregate_1,2013,6.694
civ,sex_t,age_10yrbands_y45_54,mts_aggregate_1,2017,4.972
civ,sex_t,age_10yrbands_y45_54,mts_aggregate_2,2012,9.627
civ,sex_t,age_10yrbands_y45_54,mts_aggregate_2,2013,17.618
civ,sex_t,age_10yrbands_y45_54,mts_aggregate_2,2016,14.336
civ,sex_t,age_10yrbands_y45_54,mts_aggregate_2,2017,9.328
civ,sex_t,age_10yrbands_y45_54,mts_aggregate_total,2012,14.278
civ,sex_t,age_10yrbands_y45_54,mts_aggregate_total,2013,25.357
civ,sex_t,age_10yrbands_y45_54,mts_aggregate_total,2016,15.293
civ,sex_t,age_10yrbands_y45_54,mts_aggregate_total,2017,14.299
civ,sex_t,age_10yrbands_y45_54,mts_details_mrd,2012,9.627
civ,sex_t,age_10yrbands_y45_54,mts_details_mrd,2013,17.618
civ,sex_t,age_10yrbands_y45_54,mts_details_mrd,2016,11.93
civ,sex_t,age_10yrbands_y45_54,mts_details_mrd,2017,9.328
civ,sex_t,age_10yrbands_y45_54,mts_details_sgle,2012,3.616
civ,sex_t,age_10yrbands_y45_54,mts_details_sgle,2013,3.479
civ,sex_t,age_10yrbands_y45_54,mts_details_sgle,2017,3.48
civ,sex_t,age_10yrbands_y45_54,mts_details_total,2012,14.278
civ,sex_t,age_10yrbands_y45_54,mts_details_total,2013,25.357
civ,sex_t,age_10yrbands_y45_54,mts_details_total,2016,15.293
civ,sex_t,age_10yrbands_y45_54,mts_details_total,2017,14.299
civ,sex_t,age_10yrbands_y55_64,mts_aggregate_1,2013,8.171
civ,sex_t,age_10yrbands_y55_64,mts_aggregate_2,2012,4.685
civ,sex_t,age_10yrbands_y55_64,mts_aggregate_2,2013,9.479
civ,sex_t,age_10yrbands_y55_64,mts_aggregate_2,2016,4.739
civ,sex_t,age_10yrbands_y55_64,mts_aggregate_2,2017,4.038
civ,sex_t,age_10yrbands_y55_64,mts_aggregate_total,2012,5.884
civ,sex_t,age_10yrbands_y55_64,mts_aggregate_total,2013,17.65
civ,sex_t,age_10yrbands_y55_64,mts_aggregate_total,2016,4.887
civ,sex_t,age_10yrbands_y55_64,mts_aggregate_total,2017,4.247
civ,sex_t,age_10yrbands_y55_64,mts_details_mrd,2012,4.685
civ,sex_t,age_10yrbands_y55_64,mts_details_mrd,2013,9.479
civ,sex_t,age_10yrbands_y55_64,mts_details_mrd,2016,4.739
civ,sex_t,age_10yrbands_y55_64,mts_details_mrd,2017,4.038
civ,sex_t,age_10yrbands_y55_64,mts_details_sgle,2013,3.413
civ,sex_t,age_10yrbands_y55_64,mts_details_total,2012,5.884
civ,sex_t,age_10yrbands_y55_64,mts_details_total,2013,17.65
civ,sex_t,age_10yrbands_y55_64,mts_details_total,2016,4.887
civ,sex_t,age_10yrbands_y55_64,mts_details_total,2017,4.247
civ,sex_t,age_10yrbands_yge65,mts_aggregate_2,2013,2.691
civ,sex_t,age_10yrbands_yge65,mts_aggregate_total,2012,1.715
civ,sex_t,age_10yrbands_yge65,mts_aggregate_total,2013,2.691
civ,sex_t,age_10yrbands_yge65,mts_details_mrd,2013,2.691
civ,sex_t,age_10yrbands_yge65,mts_details_total,2012,1.715
civ,sex_t,age_10yrbands_yge65,mts_details_total,2013,2.691
civ,sex_t,age_aggregate_total,mts_aggregate_1,2012,237.347
civ,sex_t,age_aggregate_total,mts_aggregate_1,2013,252.566
civ,sex_t,age_aggregate_total,mts_aggregate_1,2016,114.72
civ,sex_t,age_aggregate_total,mts_aggregate_1,2017,178.387
civ,sex_t,age_aggregate_total,mts_aggregate_2,2012,124.063
civ,sex_t,age_aggregate_total,mts_aggregate_2,2013,146.253
civ,sex_t,age_aggregate_total,mts_aggregate_2,2016,111.669
civ,sex_t,age_aggregate_total,mts_aggregate_2,2017,82.268
civ,sex_t,age_aggregate_total,mts_aggregate_total,2012,361.41
civ,sex_t,age_aggregate_total,mts_aggregate_total,2013,400.177
civ,sex_t,age_aggregate_total,mts_aggregate_total,2016,226.389
civ,sex_t,age_aggregate_total,mts_aggregate_total,2017,260.655
civ,sex_t,age_aggregate_total,mts_details_mrd,2012,124.063
civ,sex_t,age_aggregate_total,mts_details_mrd,2013,146.253
civ,sex_t,age_aggregate_total,mts_details_mrd,2016,74.998
civ,sex_t,age_aggregate_total,mts_details_mrd,2017,82.268
civ,sex_t,age_aggregate_total,mts_details_sep,2012,2.76
civ,sex_t,age_aggregate_total,mts_details_sep,2013,7.391
civ,sex_t,age_aggregate_total,mts_details_sep,2016,3.393
civ,sex_t,age_aggregate_total,mts_details_sgle,2012,232.115
civ,sex_t,age_aggregate_total,mts_details_sgle,2013,237.382
civ,sex_t,age_aggregate_total,mts_details_sgle,2016,109.843
civ,sex_t,age_aggregate_total,mts_details_sgle,2017,173.186
civ,sex_t,age_aggregate_total,mts_details_total,2012,361.41
civ,sex_t,age_aggregate_total,mts_details_total,2013,400.177
civ,sex_t,age_aggregate_total,mts_details_total,2016,226.389
civ,sex_t,age_aggregate_total,mts_details_total,2017,260.655
civ,sex_t,age_aggregate_total,mts_details_union,2016,36.671
civ,sex_t,age_aggregate_total,mts_details_wid,2012,2.473
civ,sex_t,age_aggregate_total,mts_details_wid,2013,7.793
civ,sex_t,age_aggregate_total,mts_details_wid,2017,2.451
civ,sex_t,age_aggregate_y15_24,mts_aggregate_1,2012,114.398
civ,sex_t,age_aggregate_y15_24,mts_aggregate_1,2013,93.249
civ,sex_t,age_aggregate_y15_24,mts_aggregate_1,2016,47.005
civ,sex_t,age_aggregate_y15_24,mts_aggregate_1,2017,60.86
civ,sex_t,age_aggregate_y15_24,mts_aggregate_2,2012,28.444
civ,sex_t,age_aggregate_y15_24,mts_aggregate_2,2013,26
civ,sex_t,age_aggregate_y15_24,mts_aggregate_2,2016,12.509
civ,sex_t,age_aggregate_y15_24,mts_aggregate_2,2017,10.703
civ,sex_t,age_aggregate_y15_24,mts_aggregate_total,2012,142.843
civ,sex_t,age_aggregate_y15_24,mts_aggregate_total,2013,119.249
civ,sex_t,age_aggregate_y15_24,mts_aggregate_total,2016,59.515
civ,sex_t,age_aggregate_y15_24,mts_aggregate_total,2017,71.563
civ,sex_t,age_aggregate_y15_24,mts_details_mrd,2012,28.444
civ,sex_t,age_aggregate_y15_24,mts_details_mrd,2013,26
civ,sex_t,age_aggregate_y15_24,mts_details_mrd,2016,7.173
civ,sex_t,age_aggregate_y15_24,mts_details_mrd,2017,10.703
civ,sex_t,age_aggregate_y15_24,mts_details_sgle,2012,113.944
civ,sex_t,age_aggregate_y15_24,mts_details_sgle,2013,93.24
civ,sex_t,age_aggregate_y15_24,mts_details_sgle,2016,45.227
civ,sex_t,age_aggregate_y15_24,mts_details_sgle,2017,60.86
civ,sex_t,age_aggregate_y15_24,mts_details_total,2012,142.843
civ,sex_t,age_aggregate_y15_24,mts_details_total,2013,119.249
civ,sex_t,age_aggregate_y15_24,mts_details_total,2016,59.515
civ,sex_t,age_aggregate_y15_24,mts_details_total,2017,71.563
civ,sex_t,age_aggregate_y15_24,mts_details_union,2016,5.336
civ,sex_t,age_aggregate_y25_54,mts_aggregate_1,2012,120.994
civ,sex_t,age_aggregate_y25_54,mts_aggregate_1,2013,151.145
civ,sex_t,age_aggregate_y25_54,mts_aggregate_1,2016,65.708
civ,sex_t,age_aggregate_y25_54,mts_aggregate_1,2017,115.461
civ,sex_t,age_aggregate_y25_54,mts_aggregate_2,2012,89.974
civ,sex_t,age_aggregate_y25_54,mts_aggregate_2,2013,108.083
civ,sex_t,age_aggregate_y25_54,mts_aggregate_2,2016,92.456
civ,sex_t,age_aggregate_y25_54,mts_aggregate_2,2017,67.453
civ,sex_t,age_aggregate_y25_54,mts_aggregate_total,2012,210.969
civ,sex_t,age_aggregate_y25_54,mts_aggregate_total,2013,260.588
civ,sex_t,age_aggregate_y25_54,mts_aggregate_total,2016,158.164
civ,sex_t,age_aggregate_y25_54,mts_aggregate_total,2017,182.914
civ,sex_t,age_aggregate_y25_54,mts_details_mrd,2012,89.974
civ,sex_t,age_aggregate_y25_54,mts_details_mrd,2013,108.083
civ,sex_t,age_aggregate_y25_54,mts_details_mrd,2016,61.121
civ,sex_t,age_aggregate_y25_54,mts_details_mrd,2017,67.453
civ,sex_t,age_aggregate_y25_54,mts_details_sep,2012,2.035
civ,sex_t,age_aggregate_y25_54,mts_details_sep,2013,6.983
civ,sex_t,age_aggregate_y25_54,mts_details_sgle,2012,117.615
civ,sex_t,age_aggregate_y25_54,mts_details_sgle,2013,140.728
civ,sex_t,age_aggregate_y25_54,mts_details_sgle,2016,62.758
civ,sex_t,age_aggregate_y25_54,mts_details_sgle,2017,112.13
civ,sex_t,age_aggregate_y25_54,mts_details_total,2012,210.969
civ,sex_t,age_aggregate_y25_54,mts_details_total,2013,260.588
civ,sex_t,age_aggregate_y25_54,mts_details_total,2016,158.164
civ,sex_t,age_aggregate_y25_54,mts_details_total,2017,182.914
civ,sex_t,age_aggregate_y25_54,mts_details_union,2016,31.335
civ,sex_t,age_aggregate_y25_54,mts_details_wid,2013,3.434
civ,sex_t,age_aggregate_y55_64,mts_aggregate_1,2013,8.171
civ,sex_t,age_aggregate_y55_64,mts_aggregate_2,2012,4.685
civ,sex_t,age_aggregate_y55_64,mts_aggregate_2,2013,9.479
civ,sex_t,age_aggregate_y55_64,mts_aggregate_2,2016,4.739
civ,sex_t,age_aggregate_y55_64,mts_aggregate_2,2017,4.038
civ,sex_t,age_aggregate_y55_64,mts_aggregate_total,2012,5.884
civ,sex_t,age_aggregate_y55_64,mts_aggregate_total,2013,17.65
civ,sex_t,age_aggregate_y55_64,mts_aggregate_total,2016,4.887
civ,sex_t,age_aggregate_y55_64,mts_aggregate_total,2017,4.247
civ,sex_t,age_aggregate_y55_64,mts_details_mrd,2012,4.685
civ,sex_t,age_aggregate_y55_64,mts_details_mrd,2013,9.479
civ,sex_t,age_aggregate_y55_64,mts_details_mrd,2016,4.739
civ,sex_t,age_aggregate_y55_64,mts_details_mrd,2017,4.038
civ,sex_t,age_aggregate_y55_64,mts_details_sgle,2013,3.413
civ,sex_t,age_aggregate_y55_64,mts_details_total,2012,5.884
civ,sex_t,age_aggregate_y55_64,mts_details_total,2013,17.65
civ,sex_t,age_aggregate_y55_64,mts_details_total,2016,4.887
civ,sex_t,age_aggregate_y55_64,mts_details_total,2017,4.247
civ,sex_t,age_aggregate_yge65,mts_aggregate_2,2013,2.691
civ,sex_t,age_aggregate_yge65,mts_aggregate_total,2012,1.715
civ,sex_t,age_aggregate_yge65,mts_aggregate_total,2013,2.691
civ,sex_t,age_aggregate_yge65,mts_details_mrd,2013,2.691
civ,sex_t,age_aggregate_yge65,mts_details_total,2012,1.715
civ,sex_t,age_aggregate_yge65,mts_details_total,2013,2.691
civ,sex_t,age_ythadult_y15_24,mts_aggregate_1,2012,114.398
civ,sex_t,age_ythadult_y15_24,mts_aggregate_1,2013,93.249
civ,sex_t,age_ythadult_y15_24,mts_aggregate_1,2016,47.005
civ,sex_t,age_ythadult_y15_24,mts_aggregate_1,2017,60.86
civ,sex_t,age_ythadult_y15_24,mts_aggregate_2,2012,28.444
civ,sex_t,age_ythadult_y15_24,mts_aggregate_2,2013,26
civ,sex_t,age_ythadult_y15_24,mts_aggregate_2,2016,12.509
civ,sex_t,age_ythadult_y15_24,mts_aggregate_2,2017,10.703
civ,sex_t,age_ythadult_y15_24,mts_aggregate_total,2012,142.843
civ,sex_t,age_ythadult_y15_24,mts_aggregate_total,2013,119.249
civ,sex_t,age_ythadult_y15_24,mts_aggregate_total,2016,59.515
civ,sex_t,age_ythadult_y15_24,mts_aggregate_total,2017,71.563
civ,sex_t,age_ythadult_y15_24,mts_details_mrd,2012,28.444
civ,sex_t,age_ythadult_y15_24,mts_details_mrd,2013,26
civ,sex_t,age_ythadult_y15_24,mts_details_mrd,2016,7.173
civ,sex_t,age_ythadult_y15_24,mts_details_mrd,2017,10.703
civ,sex_t,age_ythadult_y15_24,mts_details_sgle,2012,113.944
civ,sex_t,age_ythadult_y15_24,mts_details_sgle,2013,93.24
civ,sex_t,age_ythadult_y15_24,mts_details_sgle,2016,45.227
civ,sex_t,age_ythadult_y15_24,mts_details_sgle,2017,60.86
civ,sex_t,age_ythadult_y15_24,mts_details_total,2012,142.843
civ,sex_t,age_ythadult_y15_24,mts_details_total,2013,119.249
civ,sex_t,age_ythadult_y15_24,mts_details_total,2016,59.515
civ,sex_t,age_ythadult_y15_24,mts_details_total,2017,71.563
civ,sex_t,age_ythadult_y15_24,mts_details_union,2016,5.336
civ,sex_t,age_ythadult_y15_64,mts_aggregate_1,2012,236.591
civ,sex_t,age_ythadult_y15_64,mts_aggregate_1,2013,252.566
civ,sex_t,age_ythadult_y15_64,mts_aggregate_1,2016,112.862
civ,sex_t,age_ythadult_y15_64,mts_aggregate_1,2017,176.529
civ,sex_t,age_ythadult_y15_64,mts_aggregate_2,2012,123.104
civ,sex_t,age_ythadult_y15_64,mts_aggregate_2,2013,143.562
civ,sex_t,age_ythadult_y15_64,mts_aggregate_2,2016,109.704
civ,sex_t,age_ythadult_y15_64,mts_aggregate_2,2017,82.195
civ,sex_t,age_ythadult_y15_64,mts_aggregate_total,2012,359.695
civ,sex_t,age_ythadult_y15_64,mts_aggregate_total,2013,397.486
civ,sex_t,age_ythadult_y15_64,mts_aggregate_total,2016,222.566
civ,sex_t,age_ythadult_y15_64,mts_aggregate_total,2017,258.724
civ,sex_t,age_ythadult_y15_64,mts_details_mrd,2012,123.104
civ,sex_t,age_ythadult_y15_64,mts_details_mrd,2013,143.562
civ,sex_t,age_ythadult_y15_64,mts_details_mrd,2016,73.033
civ,sex_t,age_ythadult_y15_64,mts_details_mrd,2017,82.195
civ,sex_t,age_ythadult_y15_64,mts_details_sep,2012,2.76
civ,sex_t,age_ythadult_y15_64,mts_details_sep,2013,7.391
civ,sex_t,age_ythadult_y15_64,mts_details_sep,2016,3.393
civ,sex_t,age_ythadult_y15_64,mts_details_sgle,2012,231.812
civ,sex_t,age_ythadult_y15_64,mts_details_sgle,2013,237.382
civ,sex_t,age_ythadult_y15_64,mts_details_sgle,2017,173.186
civ,sex_t,age_ythadult_y15_64,mts_details_total,2012,359.695
civ,sex_t,age_ythadult_y15_64,mts_details_total,2013,397.486
civ,sex_t,age_ythadult_y15_64,mts_details_total,2016,222.566
civ,sex_t,age_ythadult_y15_64,mts_details_total,2017,258.724
civ,sex_t,age_ythadult_yge15,mts_aggregate_1,2012,237.347
civ,sex_t,age_ythadult_yge15,mts_aggregate_1,2013,252.566
civ,sex_t,age_ythadult_yge15,mts_aggregate_1,2016,114.72
civ,sex_t,age_ythadult_yge15,mts_aggregate_1,2017,178.387
civ,sex_t,age_ythadult_yge15,mts_aggregate_2,2012,124.063
civ,sex_t,age_ythadult_yge15,mts_aggregate_2,2013,146.253
civ,sex_t,age_ythadult_yge15,mts_aggregate_2,2016,111.669
civ,sex_t,age_ythadult_yge15,mts_aggregate_2,2017,82.268
civ,sex_t,age_ythadult_yge15,mts_aggregate_total,2012,361.41
civ,sex_t,age_ythadult_yge15,mts_aggregate_total,2013,400.177
civ,sex_t,age_ythadult_yge15,mts_aggregate_total,2016,226.389
civ,sex_t,age_ythadult_yge15,mts_aggregate_total,2017,260.655
civ,sex_t,age_ythadult_yge15,mts_details_mrd,2012,124.063
civ,sex_t,age_ythadult_yge15,mts_details_mrd,2013,146.253
civ,sex_t,age_ythadult_yge15,mts_details_mrd,2016,74.998
civ,sex_t,age_ythadult_yge15,mts_details_mrd,2017,82.268
civ,sex_t,age_ythadult_yge15,mts_details_sep,2012,2.76
civ,sex_t,age_ythadult_yge15,mts_details_sep,2013,7.391
civ,sex_t,age_ythadult_yge15,mts_details_sep,2016,3.393
civ,sex_t,age_ythadult_yge15,mts_details_sgle,2012,232.115
civ,sex_t,age_ythadult_yge15,mts_details_sgle,2013,237.382
civ,sex_t,age_ythadult_yge15,mts_details_sgle,2016,109.843
civ,sex_t,age_ythadult_yge15,mts_details_sgle,2017,173.186
civ,sex_t,age_ythadult_yge15,mts_details_total,2012,361.41
civ,sex_t,age_ythadult_yge15,mts_details_total,2013,400.177
civ,sex_t,age_ythadult_yge15,mts_details_total,2016,226.389
civ,sex_t,age_ythadult_yge15,mts_details_total,2017,260.655
civ,sex_t,age_ythadult_yge15,mts_details_union,2016,36.671
civ,sex_t,age_ythadult_yge15,mts_details_wid,2012,2.473
civ,sex_t,age_ythadult_yge15,mts_details_wid,2013,7.793
civ,sex_t,age_ythadult_yge15,mts_details_wid,2017,2.451
civ,sex_t,age_ythadult_yge25,mts_aggregate_1,2012,122.949
civ,sex_t,age_ythadult_yge25,mts_aggregate_1,2013,159.316
civ,sex_t,age_ythadult_yge25,mts_aggregate_1,2016,67.715
civ,sex_t,age_ythadult_yge25,mts_aggregate_1,2017,117.527
civ,sex_t,age_ythadult_yge25,mts_aggregate_2,2012,95.619
civ,sex_t,age_ythadult_yge25,mts_aggregate_2,2013,120.253
civ,sex_t,age_ythadult_yge25,mts_aggregate_2,2016,99.159
civ,sex_t,age_ythadult_yge25,mts_aggregate_2,2017,71.565
civ,sex_t,age_ythadult_yge25,mts_aggregate_total,2012,218.567
civ,sex_t,age_ythadult_yge25,mts_aggregate_total,2013,280.929
civ,sex_t,age_ythadult_yge25,mts_aggregate_total,2016,166.874
civ,sex_t,age_ythadult_yge25,mts_aggregate_total,2017,189.092
civ,sex_t,age_ythadult_yge25,mts_details_mrd,2012,95.619
civ,sex_t,age_ythadult_yge25,mts_details_mrd,2013,120.253
civ,sex_t,age_ythadult_yge25,mts_details_mrd,2016,67.825
civ,sex_t,age_ythadult_yge25,mts_details_mrd,2017,71.565
civ,sex_t,age_ythadult_yge25,mts_details_sep,2012,2.305
civ,sex_t,age_ythadult_yge25,mts_details_sep,2013,7.382
civ,sex_t,age_ythadult_yge25,mts_details_sgle,2012,118.171
civ,sex_t,age_ythadult_yge25,mts_details_sgle,2013,144.141
civ,sex_t,age_ythadult_yge25,mts_details_sgle,2016,64.617
civ,sex_t,age_ythadult_yge25,mts_details_sgle,2017,112.327
civ,sex_t,age_ythadult_yge25,mts_details_total,2012,218.567
civ,sex_t,age_ythadult_yge25,mts_details_total,2013,280.929
civ,sex_t,age_ythadult_yge25,mts_details_total,2016,166.874
civ,sex_t,age_ythadult_yge25,mts_details_total,2017,189.092
civ,sex_t,age_ythadult_yge25,mts_details_union,2016,31.335
civ,sex_t,age_ythadult_yge25,mts_details_wid,2012,2.473
civ,sex_t,age_ythadult_yge25,mts_details_wid,2013,7.793
civ,sex_t,age_ythadult_yge25,mts_details_wid,2017,2.451
