ref_area,sex,classif1,classif2,time,eap_dwap_sex_age_edu_rt
tjk,sex_f,age_10yrbands_total,edu_aggregate_adv,2003,69.06
tjk,sex_f,age_10yrbands_total,edu_aggregate_adv,2007,64.2
tjk,sex_f,age_10yrbands_total,edu_aggregate_adv,2009,57.55
tjk,sex_f,age_10yrbands_total,edu_aggregate_bas,2003,34.93
tjk,sex_f,age_10yrbands_total,edu_aggregate_bas,2007,23.27
tjk,sex_f,age_10yrbands_total,edu_aggregate_bas,2009,22.02
tjk,sex_f,age_10yrbands_total,edu_aggregate_int,2003,50.05
tjk,sex_f,age_10yrbands_total,edu_aggregate_int,2007,35.9
tjk,sex_f,age_10yrbands_total,edu_aggregate_int,2009,31.58
tjk,sex_f,age_10yrbands_total,edu_aggregate_ltb,2003,17.06
tjk,sex_f,age_10yrbands_total,edu_aggregate_ltb,2007,14.12
tjk,sex_f,age_10yrbands_total,edu_aggregate_ltb,2009,20.74
tjk,sex_f,age_10yrbands_total,edu_aggregate_total,2003,44.38
tjk,sex_f,age_10yrbands_total,edu_aggregate_total,2007,31.75
tjk,sex_f,age_10yrbands_total,edu_aggregate_total,2009,29.2
tjk,sex_f,age_10yrbands_total,edu_isced97_1,2003,26.78
tjk,sex_f,age_10yrbands_total,edu_isced97_1,2007,13.81
tjk,sex_f,age_10yrbands_total,edu_isced97_1,2009,14.25
tjk,sex_f,age_10yrbands_total,edu_isced97_2,2003,37.73
tjk,sex_f,age_10yrbands_total,edu_isced97_2,2007,27.01
tjk,sex_f,age_10yrbands_total,edu_isced97_2,2009,25.16
tjk,sex_f,age_10yrbands_total,edu_isced97_3,2003,50.05
tjk,sex_f,age_10yrbands_total,edu_isced97_3,2007,35.9
tjk,sex_f,age_10yrbands_total,edu_isced97_3,2009,31.58
tjk,sex_f,age_10yrbands_total,edu_isced97_5,2003,68.91
tjk,sex_f,age_10yrbands_total,edu_isced97_5,2007,64.11
tjk,sex_f,age_10yrbands_total,edu_isced97_5,2009,57.55
tjk,sex_f,age_10yrbands_total,edu_isced97_total,2003,44.38
tjk,sex_f,age_10yrbands_total,edu_isced97_total,2007,31.75
tjk,sex_f,age_10yrbands_total,edu_isced97_total,2009,29.2
tjk,sex_f,age_10yrbands_total,edu_isced97_x,2003,17.06
tjk,sex_f,age_10yrbands_total,edu_isced97_x,2007,14.12
tjk,sex_f,age_10yrbands_total,edu_isced97_x,2009,20.74
tjk,sex_f,age_10yrbands_y15_24,edu_aggregate_adv,2003,41.61
tjk,sex_f,age_10yrbands_y15_24,edu_aggregate_adv,2007,37.57
tjk,sex_f,age_10yrbands_y15_24,edu_aggregate_bas,2003,35.11
tjk,sex_f,age_10yrbands_y15_24,edu_aggregate_bas,2007,20.67
tjk,sex_f,age_10yrbands_y15_24,edu_aggregate_bas,2009,17.75
tjk,sex_f,age_10yrbands_y15_24,edu_aggregate_int,2003,41.37
tjk,sex_f,age_10yrbands_y15_24,edu_aggregate_int,2007,27.81
tjk,sex_f,age_10yrbands_y15_24,edu_aggregate_int,2009,25.38
tjk,sex_f,age_10yrbands_y15_24,edu_aggregate_ltb,2003,29.54
tjk,sex_f,age_10yrbands_y15_24,edu_aggregate_ltb,2007,22
tjk,sex_f,age_10yrbands_y15_24,edu_aggregate_ltb,2009,15.42
tjk,sex_f,age_10yrbands_y15_24,edu_aggregate_total,2003,38.17
tjk,sex_f,age_10yrbands_y15_24,edu_aggregate_total,2007,24.25
tjk,sex_f,age_10yrbands_y15_24,edu_aggregate_total,2009,21.61
tjk,sex_f,age_10yrbands_y15_24,edu_isced97_1,2003,33.44
tjk,sex_f,age_10yrbands_y15_24,edu_isced97_1,2007,13.4
tjk,sex_f,age_10yrbands_y15_24,edu_isced97_1,2009,10.79
tjk,sex_f,age_10yrbands_y15_24,edu_isced97_2,2003,35.57
tjk,sex_f,age_10yrbands_y15_24,edu_isced97_2,2007,23.76
tjk,sex_f,age_10yrbands_y15_24,edu_isced97_2,2009,20.46
tjk,sex_f,age_10yrbands_y15_24,edu_isced97_3,2003,41.37
tjk,sex_f,age_10yrbands_y15_24,edu_isced97_3,2007,27.81
tjk,sex_f,age_10yrbands_y15_24,edu_isced97_3,2009,25.38
tjk,sex_f,age_10yrbands_y15_24,edu_isced97_5,2003,41.61
tjk,sex_f,age_10yrbands_y15_24,edu_isced97_5,2007,38.15
tjk,sex_f,age_10yrbands_y15_24,edu_isced97_total,2003,38.17
tjk,sex_f,age_10yrbands_y15_24,edu_isced97_total,2007,24.25
tjk,sex_f,age_10yrbands_y15_24,edu_isced97_total,2009,21.61
tjk,sex_f,age_10yrbands_y15_24,edu_isced97_x,2003,29.54
tjk,sex_f,age_10yrbands_y15_24,edu_isced97_x,2007,22
tjk,sex_f,age_10yrbands_y15_24,edu_isced97_x,2009,15.42
tjk,sex_f,age_10yrbands_y25_34,edu_aggregate_adv,2003,73.51
tjk,sex_f,age_10yrbands_y25_34,edu_aggregate_adv,2007,62.22
tjk,sex_f,age_10yrbands_y25_34,edu_aggregate_adv,2009,52.49
tjk,sex_f,age_10yrbands_y25_34,edu_aggregate_bas,2003,47.59
tjk,sex_f,age_10yrbands_y25_34,edu_aggregate_bas,2007,31.45
tjk,sex_f,age_10yrbands_y25_34,edu_aggregate_bas,2009,26.11
tjk,sex_f,age_10yrbands_y25_34,edu_aggregate_int,2003,51.01
tjk,sex_f,age_10yrbands_y25_34,edu_aggregate_int,2007,34.55
tjk,sex_f,age_10yrbands_y25_34,edu_aggregate_int,2009,29.33
tjk,sex_f,age_10yrbands_y25_34,edu_aggregate_ltb,2003,26.06
tjk,sex_f,age_10yrbands_y25_34,edu_aggregate_ltb,2007,15.45
tjk,sex_f,age_10yrbands_y25_34,edu_aggregate_ltb,2009,33.59
tjk,sex_f,age_10yrbands_y25_34,edu_aggregate_total,2003,51.45
tjk,sex_f,age_10yrbands_y25_34,edu_aggregate_total,2007,35.29
tjk,sex_f,age_10yrbands_y25_34,edu_aggregate_total,2009,30.22
tjk,sex_f,age_10yrbands_y25_34,edu_isced97_1,2003,44.55
tjk,sex_f,age_10yrbands_y25_34,edu_isced97_1,2007,34.74
tjk,sex_f,age_10yrbands_y25_34,edu_isced97_1,2009,29.39
tjk,sex_f,age_10yrbands_y25_34,edu_isced97_2,2003,48.08
tjk,sex_f,age_10yrbands_y25_34,edu_isced97_2,2007,30.96
tjk,sex_f,age_10yrbands_y25_34,edu_isced97_2,2009,25.18
tjk,sex_f,age_10yrbands_y25_34,edu_isced97_3,2003,51.01
tjk,sex_f,age_10yrbands_y25_34,edu_isced97_3,2007,34.55
tjk,sex_f,age_10yrbands_y25_34,edu_isced97_3,2009,29.33
tjk,sex_f,age_10yrbands_y25_34,edu_isced97_5,2003,73.31
tjk,sex_f,age_10yrbands_y25_34,edu_isced97_5,2007,61.52
tjk,sex_f,age_10yrbands_y25_34,edu_isced97_5,2009,52.49
tjk,sex_f,age_10yrbands_y25_34,edu_isced97_total,2003,51.45
tjk,sex_f,age_10yrbands_y25_34,edu_isced97_total,2007,35.29
tjk,sex_f,age_10yrbands_y25_34,edu_isced97_total,2009,30.22
tjk,sex_f,age_10yrbands_y25_34,edu_isced97_x,2003,26.06
tjk,sex_f,age_10yrbands_y25_34,edu_isced97_x,2007,15.45
tjk,sex_f,age_10yrbands_y25_34,edu_isced97_x,2009,33.59
tjk,sex_f,age_10yrbands_y35_44,edu_aggregate_adv,2003,77.99
tjk,sex_f,age_10yrbands_y35_44,edu_aggregate_adv,2007,73.37
tjk,sex_f,age_10yrbands_y35_44,edu_aggregate_adv,2009,83.14
tjk,sex_f,age_10yrbands_y35_44,edu_aggregate_bas,2003,55.81
tjk,sex_f,age_10yrbands_y35_44,edu_aggregate_bas,2007,48.96
tjk,sex_f,age_10yrbands_y35_44,edu_aggregate_bas,2009,40.33
tjk,sex_f,age_10yrbands_y35_44,edu_aggregate_int,2003,62.86
tjk,sex_f,age_10yrbands_y35_44,edu_aggregate_int,2007,48.23
tjk,sex_f,age_10yrbands_y35_44,edu_aggregate_int,2009,42.97
tjk,sex_f,age_10yrbands_y35_44,edu_aggregate_ltb,2003,47.43
tjk,sex_f,age_10yrbands_y35_44,edu_aggregate_ltb,2007,29.34
tjk,sex_f,age_10yrbands_y35_44,edu_aggregate_ltb,2009,25.58
tjk,sex_f,age_10yrbands_y35_44,edu_aggregate_total,2003,62.61
tjk,sex_f,age_10yrbands_y35_44,edu_aggregate_total,2007,49.97
tjk,sex_f,age_10yrbands_y35_44,edu_aggregate_total,2009,45.03
tjk,sex_f,age_10yrbands_y35_44,edu_isced97_1,2003,65.03
tjk,sex_f,age_10yrbands_y35_44,edu_isced97_1,2007,49.71
tjk,sex_f,age_10yrbands_y35_44,edu_isced97_2,2003,53.82
tjk,sex_f,age_10yrbands_y35_44,edu_isced97_2,2007,48.86
tjk,sex_f,age_10yrbands_y35_44,edu_isced97_2,2009,47.3
tjk,sex_f,age_10yrbands_y35_44,edu_isced97_3,2003,62.86
tjk,sex_f,age_10yrbands_y35_44,edu_isced97_3,2007,48.23
tjk,sex_f,age_10yrbands_y35_44,edu_isced97_3,2009,42.97
tjk,sex_f,age_10yrbands_y35_44,edu_isced97_5,2003,77.99
tjk,sex_f,age_10yrbands_y35_44,edu_isced97_5,2007,73.37
tjk,sex_f,age_10yrbands_y35_44,edu_isced97_5,2009,83.14
tjk,sex_f,age_10yrbands_y35_44,edu_isced97_total,2003,62.61
tjk,sex_f,age_10yrbands_y35_44,edu_isced97_total,2007,49.97
tjk,sex_f,age_10yrbands_y35_44,edu_isced97_total,2009,45.03
tjk,sex_f,age_10yrbands_y35_44,edu_isced97_x,2003,47.43
tjk,sex_f,age_10yrbands_y35_44,edu_isced97_x,2007,29.34
tjk,sex_f,age_10yrbands_y35_44,edu_isced97_x,2009,25.58
tjk,sex_f,age_10yrbands_y45_54,edu_aggregate_adv,2003,82.37
tjk,sex_f,age_10yrbands_y45_54,edu_aggregate_adv,2007,79.91
tjk,sex_f,age_10yrbands_y45_54,edu_aggregate_adv,2009,63.41
tjk,sex_f,age_10yrbands_y45_54,edu_aggregate_bas,2003,50.88
tjk,sex_f,age_10yrbands_y45_54,edu_aggregate_bas,2007,35.22
tjk,sex_f,age_10yrbands_y45_54,edu_aggregate_bas,2009,43.84
tjk,sex_f,age_10yrbands_y45_54,edu_aggregate_int,2003,52.82
tjk,sex_f,age_10yrbands_y45_54,edu_aggregate_int,2007,41.89
tjk,sex_f,age_10yrbands_y45_54,edu_aggregate_int,2009,42.3
tjk,sex_f,age_10yrbands_y45_54,edu_aggregate_ltb,2003,37.14
tjk,sex_f,age_10yrbands_y45_54,edu_aggregate_ltb,2007,37.23
tjk,sex_f,age_10yrbands_y45_54,edu_aggregate_total,2003,54.07
tjk,sex_f,age_10yrbands_y45_54,edu_aggregate_total,2007,42.78
tjk,sex_f,age_10yrbands_y45_54,edu_aggregate_total,2009,43.71
tjk,sex_f,age_10yrbands_y45_54,edu_isced97_1,2003,37.4
tjk,sex_f,age_10yrbands_y45_54,edu_isced97_1,2007,26.48
tjk,sex_f,age_10yrbands_y45_54,edu_isced97_1,2009,35.31
tjk,sex_f,age_10yrbands_y45_54,edu_isced97_2,2003,52.95
tjk,sex_f,age_10yrbands_y45_54,edu_isced97_2,2007,36.74
tjk,sex_f,age_10yrbands_y45_54,edu_isced97_2,2009,45.78
tjk,sex_f,age_10yrbands_y45_54,edu_isced97_3,2003,52.82
tjk,sex_f,age_10yrbands_y45_54,edu_isced97_3,2007,41.89
tjk,sex_f,age_10yrbands_y45_54,edu_isced97_3,2009,42.3
tjk,sex_f,age_10yrbands_y45_54,edu_isced97_5,2003,82.18
tjk,sex_f,age_10yrbands_y45_54,edu_isced97_5,2007,79.91
tjk,sex_f,age_10yrbands_y45_54,edu_isced97_5,2009,63.41
tjk,sex_f,age_10yrbands_y45_54,edu_isced97_total,2003,54.07
tjk,sex_f,age_10yrbands_y45_54,edu_isced97_total,2007,42.78
tjk,sex_f,age_10yrbands_y45_54,edu_isced97_total,2009,43.71
tjk,sex_f,age_10yrbands_y45_54,edu_isced97_x,2003,37.14
tjk,sex_f,age_10yrbands_y45_54,edu_isced97_x,2007,37.23
tjk,sex_f,age_10yrbands_y55_64,edu_aggregate_adv,2003,52.65
tjk,sex_f,age_10yrbands_y55_64,edu_aggregate_adv,2007,61.33
tjk,sex_f,age_10yrbands_y55_64,edu_aggregate_adv,2009,59.78
tjk,sex_f,age_10yrbands_y55_64,edu_aggregate_bas,2003,19.4
tjk,sex_f,age_10yrbands_y55_64,edu_aggregate_bas,2007,15.39
tjk,sex_f,age_10yrbands_y55_64,edu_aggregate_bas,2009,18.77
tjk,sex_f,age_10yrbands_y55_64,edu_aggregate_int,2003,31.31
tjk,sex_f,age_10yrbands_y55_64,edu_aggregate_int,2007,24.29
tjk,sex_f,age_10yrbands_y55_64,edu_aggregate_int,2009,17.68
tjk,sex_f,age_10yrbands_y55_64,edu_aggregate_ltb,2003,12.84
tjk,sex_f,age_10yrbands_y55_64,edu_aggregate_ltb,2007,17.74
tjk,sex_f,age_10yrbands_y55_64,edu_aggregate_ltb,2009,42.27
tjk,sex_f,age_10yrbands_y55_64,edu_aggregate_total,2003,23.41
tjk,sex_f,age_10yrbands_y55_64,edu_aggregate_total,2007,22.56
tjk,sex_f,age_10yrbands_y55_64,edu_aggregate_total,2009,22.59
tjk,sex_f,age_10yrbands_y55_64,edu_isced97_1,2003,18.23
tjk,sex_f,age_10yrbands_y55_64,edu_isced97_1,2007,9.58
tjk,sex_f,age_10yrbands_y55_64,edu_isced97_2,2003,20.25
tjk,sex_f,age_10yrbands_y55_64,edu_isced97_2,2007,18.31
tjk,sex_f,age_10yrbands_y55_64,edu_isced97_2,2009,18.1
tjk,sex_f,age_10yrbands_y55_64,edu_isced97_3,2003,31.31
tjk,sex_f,age_10yrbands_y55_64,edu_isced97_3,2007,24.29
tjk,sex_f,age_10yrbands_y55_64,edu_isced97_3,2009,17.68
tjk,sex_f,age_10yrbands_y55_64,edu_isced97_5,2003,52.65
tjk,sex_f,age_10yrbands_y55_64,edu_isced97_5,2007,61.33
tjk,sex_f,age_10yrbands_y55_64,edu_isced97_5,2009,59.78
tjk,sex_f,age_10yrbands_y55_64,edu_isced97_total,2003,23.41
tjk,sex_f,age_10yrbands_y55_64,edu_isced97_total,2007,22.56
tjk,sex_f,age_10yrbands_y55_64,edu_isced97_total,2009,22.59
tjk,sex_f,age_10yrbands_y55_64,edu_isced97_x,2003,12.84
tjk,sex_f,age_10yrbands_y55_64,edu_isced97_x,2007,17.74
tjk,sex_f,age_10yrbands_y55_64,edu_isced97_x,2009,42.27
tjk,sex_f,age_10yrbands_yge65,edu_aggregate_bas,2003,7.92
tjk,sex_f,age_10yrbands_yge65,edu_aggregate_bas,2007,2.38
tjk,sex_f,age_10yrbands_yge65,edu_aggregate_int,2003,7.03
tjk,sex_f,age_10yrbands_yge65,edu_aggregate_int,2007,3.89
tjk,sex_f,age_10yrbands_yge65,edu_aggregate_ltb,2003,5.18
tjk,sex_f,age_10yrbands_yge65,edu_aggregate_ltb,2007,2.52
tjk,sex_f,age_10yrbands_yge65,edu_aggregate_total,2003,7.18
tjk,sex_f,age_10yrbands_yge65,edu_aggregate_total,2007,3.23
tjk,sex_f,age_10yrbands_yge65,edu_aggregate_total,2009,4.5
tjk,sex_f,age_10yrbands_yge65,edu_isced97_1,2003,5.58
tjk,sex_f,age_10yrbands_yge65,edu_isced97_1,2007,3.07
tjk,sex_f,age_10yrbands_yge65,edu_isced97_2,2003,11.12
tjk,sex_f,age_10yrbands_yge65,edu_isced97_3,2003,7.03
tjk,sex_f,age_10yrbands_yge65,edu_isced97_3,2007,3.89
tjk,sex_f,age_10yrbands_yge65,edu_isced97_total,2003,7.18
tjk,sex_f,age_10yrbands_yge65,edu_isced97_total,2007,3.23
tjk,sex_f,age_10yrbands_yge65,edu_isced97_total,2009,4.5
tjk,sex_f,age_10yrbands_yge65,edu_isced97_x,2003,5.18
tjk,sex_f,age_10yrbands_yge65,edu_isced97_x,2007,2.52
tjk,sex_f,age_aggregate_total,edu_aggregate_adv,2003,69.06
tjk,sex_f,age_aggregate_total,edu_aggregate_adv,2007,64.2
tjk,sex_f,age_aggregate_total,edu_aggregate_adv,2009,57.55
tjk,sex_f,age_aggregate_total,edu_aggregate_bas,2003,34.93
tjk,sex_f,age_aggregate_total,edu_aggregate_bas,2007,23.27
tjk,sex_f,age_aggregate_total,edu_aggregate_bas,2009,22.02
tjk,sex_f,age_aggregate_total,edu_aggregate_int,2003,50.05
tjk,sex_f,age_aggregate_total,edu_aggregate_int,2007,35.9
tjk,sex_f,age_aggregate_total,edu_aggregate_int,2009,31.58
tjk,sex_f,age_aggregate_total,edu_aggregate_ltb,2003,17.06
tjk,sex_f,age_aggregate_total,edu_aggregate_ltb,2007,14.12
tjk,sex_f,age_aggregate_total,edu_aggregate_ltb,2009,20.74
tjk,sex_f,age_aggregate_total,edu_aggregate_total,2003,44.38
tjk,sex_f,age_aggregate_total,edu_aggregate_total,2007,31.75
tjk,sex_f,age_aggregate_total,edu_aggregate_total,2009,29.2
tjk,sex_f,age_aggregate_total,edu_isced97_1,2003,26.78
tjk,sex_f,age_aggregate_total,edu_isced97_1,2007,13.81
tjk,sex_f,age_aggregate_total,edu_isced97_1,2009,14.25
tjk,sex_f,age_aggregate_total,edu_isced97_2,2003,37.73
tjk,sex_f,age_aggregate_total,edu_isced97_2,2007,27.01
tjk,sex_f,age_aggregate_total,edu_isced97_2,2009,25.16
tjk,sex_f,age_aggregate_total,edu_isced97_3,2003,50.05
tjk,sex_f,age_aggregate_total,edu_isced97_3,2007,35.9
tjk,sex_f,age_aggregate_total,edu_isced97_3,2009,31.58
tjk,sex_f,age_aggregate_total,edu_isced97_5,2003,68.91
tjk,sex_f,age_aggregate_total,edu_isced97_5,2007,64.11
tjk,sex_f,age_aggregate_total,edu_isced97_5,2009,57.55
tjk,sex_f,age_aggregate_total,edu_isced97_total,2003,44.38
tjk,sex_f,age_aggregate_total,edu_isced97_total,2007,31.75
tjk,sex_f,age_aggregate_total,edu_isced97_total,2009,29.2
tjk,sex_f,age_aggregate_total,edu_isced97_x,2003,17.06
tjk,sex_f,age_aggregate_total,edu_isced97_x,2007,14.12
tjk,sex_f,age_aggregate_total,edu_isced97_x,2009,20.74
tjk,sex_f,age_aggregate_y15_24,edu_aggregate_adv,2003,41.61
tjk,sex_f,age_aggregate_y15_24,edu_aggregate_adv,2007,37.57
tjk,sex_f,age_aggregate_y15_24,edu_aggregate_bas,2003,35.11
tjk,sex_f,age_aggregate_y15_24,edu_aggregate_bas,2007,20.67
tjk,sex_f,age_aggregate_y15_24,edu_aggregate_bas,2009,17.75
tjk,sex_f,age_aggregate_y15_24,edu_aggregate_int,2003,41.37
tjk,sex_f,age_aggregate_y15_24,edu_aggregate_int,2007,27.81
tjk,sex_f,age_aggregate_y15_24,edu_aggregate_int,2009,25.38
tjk,sex_f,age_aggregate_y15_24,edu_aggregate_ltb,2003,29.54
tjk,sex_f,age_aggregate_y15_24,edu_aggregate_ltb,2007,22
tjk,sex_f,age_aggregate_y15_24,edu_aggregate_ltb,2009,15.42
tjk,sex_f,age_aggregate_y15_24,edu_aggregate_total,2003,38.17
tjk,sex_f,age_aggregate_y15_24,edu_aggregate_total,2007,24.25
tjk,sex_f,age_aggregate_y15_24,edu_aggregate_total,2009,21.61
tjk,sex_f,age_aggregate_y15_24,edu_isced97_1,2003,33.44
tjk,sex_f,age_aggregate_y15_24,edu_isced97_1,2007,13.4
tjk,sex_f,age_aggregate_y15_24,edu_isced97_1,2009,10.79
tjk,sex_f,age_aggregate_y15_24,edu_isced97_2,2003,35.57
tjk,sex_f,age_aggregate_y15_24,edu_isced97_2,2007,23.76
tjk,sex_f,age_aggregate_y15_24,edu_isced97_2,2009,20.46
tjk,sex_f,age_aggregate_y15_24,edu_isced97_3,2003,41.37
tjk,sex_f,age_aggregate_y15_24,edu_isced97_3,2007,27.81
tjk,sex_f,age_aggregate_y15_24,edu_isced97_3,2009,25.38
tjk,sex_f,age_aggregate_y15_24,edu_isced97_5,2003,41.61
tjk,sex_f,age_aggregate_y15_24,edu_isced97_5,2007,38.15
tjk,sex_f,age_aggregate_y15_24,edu_isced97_total,2003,38.17
tjk,sex_f,age_aggregate_y15_24,edu_isced97_total,2007,24.25
tjk,sex_f,age_aggregate_y15_24,edu_isced97_total,2009,21.61
tjk,sex_f,age_aggregate_y15_24,edu_isced97_x,2003,29.54
tjk,sex_f,age_aggregate_y15_24,edu_isced97_x,2007,22
tjk,sex_f,age_aggregate_y15_24,edu_isced97_x,2009,15.42
tjk,sex_f,age_aggregate_y25_54,edu_aggregate_adv,2003,77.48
tjk,sex_f,age_aggregate_y25_54,edu_aggregate_adv,2007,70.88
tjk,sex_f,age_aggregate_y25_54,edu_aggregate_adv,2009,65.91
tjk,sex_f,age_aggregate_y25_54,edu_aggregate_bas,2003,51.08
tjk,sex_f,age_aggregate_y25_54,edu_aggregate_bas,2007,36.78
tjk,sex_f,age_aggregate_y25_54,edu_aggregate_bas,2009,34.99
tjk,sex_f,age_aggregate_y25_54,edu_aggregate_int,2003,55.65
tjk,sex_f,age_aggregate_y25_54,edu_aggregate_int,2007,41.24
tjk,sex_f,age_aggregate_y25_54,edu_aggregate_int,2009,37.43
tjk,sex_f,age_aggregate_y25_54,edu_aggregate_ltb,2003,37.18
tjk,sex_f,age_aggregate_y25_54,edu_aggregate_ltb,2007,27.08
tjk,sex_f,age_aggregate_y25_54,edu_aggregate_ltb,2009,31.7
tjk,sex_f,age_aggregate_y25_54,edu_aggregate_total,2003,55.92
tjk,sex_f,age_aggregate_y25_54,edu_aggregate_total,2007,42.11
tjk,sex_f,age_aggregate_y25_54,edu_aggregate_total,2009,38.61
tjk,sex_f,age_aggregate_y25_54,edu_isced97_1,2003,49.15
tjk,sex_f,age_aggregate_y25_54,edu_isced97_1,2007,34.94
tjk,sex_f,age_aggregate_y25_54,edu_isced97_1,2009,28.62
tjk,sex_f,age_aggregate_y25_54,edu_isced97_2,2003,51.41
tjk,sex_f,age_aggregate_y25_54,edu_isced97_2,2007,37.07
tjk,sex_f,age_aggregate_y25_54,edu_isced97_2,2009,36.78
tjk,sex_f,age_aggregate_y25_54,edu_isced97_3,2003,55.65
tjk,sex_f,age_aggregate_y25_54,edu_isced97_3,2007,41.24
tjk,sex_f,age_aggregate_y25_54,edu_isced97_3,2009,37.43
tjk,sex_f,age_aggregate_y25_54,edu_isced97_5,2003,77.35
tjk,sex_f,age_aggregate_y25_54,edu_isced97_5,2007,70.68
tjk,sex_f,age_aggregate_y25_54,edu_isced97_5,2009,65.91
tjk,sex_f,age_aggregate_y25_54,edu_isced97_total,2003,55.92
tjk,sex_f,age_aggregate_y25_54,edu_isced97_total,2007,42.11
tjk,sex_f,age_aggregate_y25_54,edu_isced97_total,2009,38.61
tjk,sex_f,age_aggregate_y25_54,edu_isced97_x,2003,37.18
tjk,sex_f,age_aggregate_y25_54,edu_isced97_x,2007,27.08
tjk,sex_f,age_aggregate_y25_54,edu_isced97_x,2009,31.7
tjk,sex_f,age_aggregate_y55_64,edu_aggregate_adv,2003,52.65
tjk,sex_f,age_aggregate_y55_64,edu_aggregate_adv,2007,61.33
tjk,sex_f,age_aggregate_y55_64,edu_aggregate_adv,2009,59.78
tjk,sex_f,age_aggregate_y55_64,edu_aggregate_bas,2003,19.4
tjk,sex_f,age_aggregate_y55_64,edu_aggregate_bas,2007,15.39
tjk,sex_f,age_aggregate_y55_64,edu_aggregate_bas,2009,18.77
tjk,sex_f,age_aggregate_y55_64,edu_aggregate_int,2003,31.31
tjk,sex_f,age_aggregate_y55_64,edu_aggregate_int,2007,24.29
tjk,sex_f,age_aggregate_y55_64,edu_aggregate_int,2009,17.68
tjk,sex_f,age_aggregate_y55_64,edu_aggregate_ltb,2003,12.84
tjk,sex_f,age_aggregate_y55_64,edu_aggregate_ltb,2007,17.74
tjk,sex_f,age_aggregate_y55_64,edu_aggregate_ltb,2009,42.27
tjk,sex_f,age_aggregate_y55_64,edu_aggregate_total,2003,23.41
tjk,sex_f,age_aggregate_y55_64,edu_aggregate_total,2007,22.56
tjk,sex_f,age_aggregate_y55_64,edu_aggregate_total,2009,22.59
tjk,sex_f,age_aggregate_y55_64,edu_isced97_1,2003,18.23
tjk,sex_f,age_aggregate_y55_64,edu_isced97_1,2007,9.58
tjk,sex_f,age_aggregate_y55_64,edu_isced97_2,2003,20.25
tjk,sex_f,age_aggregate_y55_64,edu_isced97_2,2007,18.31
tjk,sex_f,age_aggregate_y55_64,edu_isced97_2,2009,18.1
tjk,sex_f,age_aggregate_y55_64,edu_isced97_3,2003,31.31
tjk,sex_f,age_aggregate_y55_64,edu_isced97_3,2007,24.29
tjk,sex_f,age_aggregate_y55_64,edu_isced97_3,2009,17.68
tjk,sex_f,age_aggregate_y55_64,edu_isced97_5,2003,52.65
tjk,sex_f,age_aggregate_y55_64,edu_isced97_5,2007,61.33
tjk,sex_f,age_aggregate_y55_64,edu_isced97_5,2009,59.78
tjk,sex_f,age_aggregate_y55_64,edu_isced97_total,2003,23.41
tjk,sex_f,age_aggregate_y55_64,edu_isced97_total,2007,22.56
tjk,sex_f,age_aggregate_y55_64,edu_isced97_total,2009,22.59
tjk,sex_f,age_aggregate_y55_64,edu_isced97_x,2003,12.84
tjk,sex_f,age_aggregate_y55_64,edu_isced97_x,2007,17.74
tjk,sex_f,age_aggregate_y55_64,edu_isced97_x,2009,42.27
tjk,sex_f,age_aggregate_yge65,edu_aggregate_bas,2003,7.92
tjk,sex_f,age_aggregate_yge65,edu_aggregate_bas,2007,2.38
tjk,sex_f,age_aggregate_yge65,edu_aggregate_int,2003,7.03
tjk,sex_f,age_aggregate_yge65,edu_aggregate_int,2007,3.89
tjk,sex_f,age_aggregate_yge65,edu_aggregate_ltb,2003,5.18
tjk,sex_f,age_aggregate_yge65,edu_aggregate_ltb,2007,2.52
tjk,sex_f,age_aggregate_yge65,edu_aggregate_total,2003,7.18
tjk,sex_f,age_aggregate_yge65,edu_aggregate_total,2007,3.23
tjk,sex_f,age_aggregate_yge65,edu_aggregate_total,2009,4.5
tjk,sex_f,age_aggregate_yge65,edu_isced97_1,2003,5.58
tjk,sex_f,age_aggregate_yge65,edu_isced97_1,2007,3.07
tjk,sex_f,age_aggregate_yge65,edu_isced97_2,2003,11.12
tjk,sex_f,age_aggregate_yge65,edu_isced97_3,2003,7.03
tjk,sex_f,age_aggregate_yge65,edu_isced97_3,2007,3.89
tjk,sex_f,age_aggregate_yge65,edu_isced97_total,2003,7.18
tjk,sex_f,age_aggregate_yge65,edu_isced97_total,2007,3.23
tjk,sex_f,age_aggregate_yge65,edu_isced97_total,2009,4.5
tjk,sex_f,age_aggregate_yge65,edu_isced97_x,2003,5.18
tjk,sex_f,age_aggregate_yge65,edu_isced97_x,2007,2.52
tjk,sex_f,age_ythadult_y15_24,edu_aggregate_adv,2003,41.61
tjk,sex_f,age_ythadult_y15_24,edu_aggregate_adv,2007,37.57
tjk,sex_f,age_ythadult_y15_24,edu_aggregate_bas,2003,35.11
tjk,sex_f,age_ythadult_y15_24,edu_aggregate_bas,2007,20.67
tjk,sex_f,age_ythadult_y15_24,edu_aggregate_bas,2009,17.75
tjk,sex_f,age_ythadult_y15_24,edu_aggregate_int,2003,41.37
tjk,sex_f,age_ythadult_y15_24,edu_aggregate_int,2007,27.81
tjk,sex_f,age_ythadult_y15_24,edu_aggregate_int,2009,25.38
tjk,sex_f,age_ythadult_y15_24,edu_aggregate_ltb,2003,29.54
tjk,sex_f,age_ythadult_y15_24,edu_aggregate_ltb,2007,22
tjk,sex_f,age_ythadult_y15_24,edu_aggregate_ltb,2009,15.42
tjk,sex_f,age_ythadult_y15_24,edu_aggregate_total,2003,38.17
tjk,sex_f,age_ythadult_y15_24,edu_aggregate_total,2007,24.25
tjk,sex_f,age_ythadult_y15_24,edu_aggregate_total,2009,21.61
tjk,sex_f,age_ythadult_y15_24,edu_isced97_1,2003,33.44
tjk,sex_f,age_ythadult_y15_24,edu_isced97_1,2007,13.4
tjk,sex_f,age_ythadult_y15_24,edu_isced97_1,2009,10.79
tjk,sex_f,age_ythadult_y15_24,edu_isced97_2,2003,35.57
tjk,sex_f,age_ythadult_y15_24,edu_isced97_2,2007,23.76
tjk,sex_f,age_ythadult_y15_24,edu_isced97_2,2009,20.46
tjk,sex_f,age_ythadult_y15_24,edu_isced97_3,2003,41.37
tjk,sex_f,age_ythadult_y15_24,edu_isced97_3,2007,27.81
tjk,sex_f,age_ythadult_y15_24,edu_isced97_3,2009,25.38
tjk,sex_f,age_ythadult_y15_24,edu_isced97_5,2003,41.61
tjk,sex_f,age_ythadult_y15_24,edu_isced97_5,2007,38.15
tjk,sex_f,age_ythadult_y15_24,edu_isced97_total,2003,38.17
tjk,sex_f,age_ythadult_y15_24,edu_isced97_total,2007,24.25
tjk,sex_f,age_ythadult_y15_24,edu_isced97_total,2009,21.61
tjk,sex_f,age_ythadult_y15_24,edu_isced97_x,2003,29.54
tjk,sex_f,age_ythadult_y15_24,edu_isced97_x,2007,22
tjk,sex_f,age_ythadult_y15_24,edu_isced97_x,2009,15.42
tjk,sex_f,age_ythadult_y15_64,edu_aggregate_adv,2003,71.78
tjk,sex_f,age_ythadult_y15_64,edu_aggregate_adv,2007,66.15
tjk,sex_f,age_ythadult_y15_64,edu_aggregate_adv,2009,59.41
tjk,sex_f,age_ythadult_y15_64,edu_aggregate_bas,2003,38.2
tjk,sex_f,age_ythadult_y15_64,edu_aggregate_bas,2007,25.54
tjk,sex_f,age_ythadult_y15_64,edu_aggregate_bas,2009,24.1
tjk,sex_f,age_ythadult_y15_64,edu_aggregate_int,2003,50.61
tjk,sex_f,age_ythadult_y15_64,edu_aggregate_int,2007,36.31
tjk,sex_f,age_ythadult_y15_64,edu_aggregate_int,2009,32.17
tjk,sex_f,age_ythadult_y15_64,edu_aggregate_ltb,2003,27.54
tjk,sex_f,age_ythadult_y15_64,edu_aggregate_ltb,2007,22.98
tjk,sex_f,age_ythadult_y15_64,edu_aggregate_ltb,2009,28.04
tjk,sex_f,age_ythadult_y15_64,edu_aggregate_total,2003,47.17
tjk,sex_f,age_ythadult_y15_64,edu_aggregate_total,2007,33.74
tjk,sex_f,age_ythadult_y15_64,edu_aggregate_total,2009,30.76
tjk,sex_f,age_ythadult_y15_64,edu_isced97_1,2003,33.62
tjk,sex_f,age_ythadult_y15_64,edu_isced97_1,2007,16.78
tjk,sex_f,age_ythadult_y15_64,edu_isced97_1,2009,17.17
tjk,sex_f,age_ythadult_y15_64,edu_isced97_2,2003,39.47
tjk,sex_f,age_ythadult_y15_64,edu_isced97_2,2007,28.41
tjk,sex_f,age_ythadult_y15_64,edu_isced97_2,2009,26.49
tjk,sex_f,age_ythadult_y15_64,edu_isced97_3,2003,50.61
tjk,sex_f,age_ythadult_y15_64,edu_isced97_3,2007,36.31
tjk,sex_f,age_ythadult_y15_64,edu_isced97_3,2009,32.17
tjk,sex_f,age_ythadult_y15_64,edu_isced97_5,2003,71.64
tjk,sex_f,age_ythadult_y15_64,edu_isced97_5,2007,66.08
tjk,sex_f,age_ythadult_y15_64,edu_isced97_5,2009,59.41
tjk,sex_f,age_ythadult_y15_64,edu_isced97_total,2003,47.17
tjk,sex_f,age_ythadult_y15_64,edu_isced97_total,2007,33.74
tjk,sex_f,age_ythadult_y15_64,edu_isced97_total,2009,30.76
tjk,sex_f,age_ythadult_y15_64,edu_isced97_x,2003,27.54
tjk,sex_f,age_ythadult_y15_64,edu_isced97_x,2007,22.98
tjk,sex_f,age_ythadult_y15_64,edu_isced97_x,2009,28.04
tjk,sex_f,age_ythadult_yge15,edu_aggregate_adv,2003,69.06
tjk,sex_f,age_ythadult_yge15,edu_aggregate_adv,2007,64.2
tjk,sex_f,age_ythadult_yge15,edu_aggregate_adv,2009,57.55
tjk,sex_f,age_ythadult_yge15,edu_aggregate_bas,2003,34.93
tjk,sex_f,age_ythadult_yge15,edu_aggregate_bas,2007,23.27
tjk,sex_f,age_ythadult_yge15,edu_aggregate_bas,2009,22.02
tjk,sex_f,age_ythadult_yge15,edu_aggregate_int,2003,50.05
tjk,sex_f,age_ythadult_yge15,edu_aggregate_int,2007,35.9
tjk,sex_f,age_ythadult_yge15,edu_aggregate_int,2009,31.58
tjk,sex_f,age_ythadult_yge15,edu_aggregate_ltb,2003,17.06
tjk,sex_f,age_ythadult_yge15,edu_aggregate_ltb,2007,14.12
tjk,sex_f,age_ythadult_yge15,edu_aggregate_ltb,2009,20.74
tjk,sex_f,age_ythadult_yge15,edu_aggregate_total,2003,44.38
tjk,sex_f,age_ythadult_yge15,edu_aggregate_total,2007,31.75
tjk,sex_f,age_ythadult_yge15,edu_aggregate_total,2009,29.2
tjk,sex_f,age_ythadult_yge15,edu_isced97_1,2003,26.78
tjk,sex_f,age_ythadult_yge15,edu_isced97_1,2007,13.81
tjk,sex_f,age_ythadult_yge15,edu_isced97_1,2009,14.25
tjk,sex_f,age_ythadult_yge15,edu_isced97_2,2003,37.73
tjk,sex_f,age_ythadult_yge15,edu_isced97_2,2007,27.01
tjk,sex_f,age_ythadult_yge15,edu_isced97_2,2009,25.16
tjk,sex_f,age_ythadult_yge15,edu_isced97_3,2003,50.05
tjk,sex_f,age_ythadult_yge15,edu_isced97_3,2007,35.9
tjk,sex_f,age_ythadult_yge15,edu_isced97_3,2009,31.58
tjk,sex_f,age_ythadult_yge15,edu_isced97_5,2003,68.91
tjk,sex_f,age_ythadult_yge15,edu_isced97_5,2007,64.11
tjk,sex_f,age_ythadult_yge15,edu_isced97_5,2009,57.55
tjk,sex_f,age_ythadult_yge15,edu_isced97_total,2003,44.38
tjk,sex_f,age_ythadult_yge15,edu_isced97_total,2007,31.75
tjk,sex_f,age_ythadult_yge15,edu_isced97_total,2009,29.2
tjk,sex_f,age_ythadult_yge15,edu_isced97_x,2003,17.06
tjk,sex_f,age_ythadult_yge15,edu_isced97_x,2007,14.12
tjk,sex_f,age_ythadult_yge15,edu_isced97_x,2009,20.74
tjk,sex_f,age_ythadult_yge25,edu_aggregate_adv,2003,72.56
tjk,sex_f,age_ythadult_yge25,edu_aggregate_adv,2007,67.35
tjk,sex_f,age_ythadult_yge25,edu_aggregate_adv,2009,62.69
tjk,sex_f,age_ythadult_yge25,edu_aggregate_bas,2003,34.72
tjk,sex_f,age_ythadult_yge25,edu_aggregate_bas,2007,26.07
tjk,sex_f,age_ythadult_yge25,edu_aggregate_bas,2009,26.3
tjk,sex_f,age_ythadult_yge25,edu_aggregate_int,2003,53.74
tjk,sex_f,age_ythadult_yge25,edu_aggregate_int,2007,39.47
tjk,sex_f,age_ythadult_yge25,edu_aggregate_int,2009,34.55
tjk,sex_f,age_ythadult_yge25,edu_aggregate_ltb,2003,14.93
tjk,sex_f,age_ythadult_yge25,edu_aggregate_ltb,2007,11.42
tjk,sex_f,age_ythadult_yge25,edu_aggregate_ltb,2009,22.46
tjk,sex_f,age_ythadult_yge25,edu_aggregate_total,2003,47.81
tjk,sex_f,age_ythadult_yge25,edu_aggregate_total,2007,36.12
tjk,sex_f,age_ythadult_yge25,edu_aggregate_total,2009,33.59
tjk,sex_f,age_ythadult_yge25,edu_isced97_1,2003,21.06
tjk,sex_f,age_ythadult_yge25,edu_isced97_1,2007,14.3
tjk,sex_f,age_ythadult_yge25,edu_isced97_1,2009,17.54
tjk,sex_f,age_ythadult_yge25,edu_isced97_2,2003,40.65
tjk,sex_f,age_ythadult_yge25,edu_isced97_2,2007,30.38
tjk,sex_f,age_ythadult_yge25,edu_isced97_2,2009,29.97
tjk,sex_f,age_ythadult_yge25,edu_isced97_3,2003,53.74
tjk,sex_f,age_ythadult_yge25,edu_isced97_3,2007,39.47
tjk,sex_f,age_ythadult_yge25,edu_isced97_3,2009,34.55
tjk,sex_f,age_ythadult_yge25,edu_isced97_5,2003,72.41
tjk,sex_f,age_ythadult_yge25,edu_isced97_5,2007,67.17
tjk,sex_f,age_ythadult_yge25,edu_isced97_5,2009,62.69
tjk,sex_f,age_ythadult_yge25,edu_isced97_total,2003,47.81
tjk,sex_f,age_ythadult_yge25,edu_isced97_total,2007,36.12
tjk,sex_f,age_ythadult_yge25,edu_isced97_total,2009,33.59
tjk,sex_f,age_ythadult_yge25,edu_isced97_x,2003,14.93
tjk,sex_f,age_ythadult_yge25,edu_isced97_x,2007,11.42
tjk,sex_f,age_ythadult_yge25,edu_isced97_x,2009,22.46
tjk,sex_m,age_10yrbands_total,edu_aggregate_adv,2003,81.62
tjk,sex_m,age_10yrbands_total,edu_aggregate_adv,2007,80.8
tjk,sex_m,age_10yrbands_total,edu_aggregate_adv,2009,77.99
tjk,sex_m,age_10yrbands_total,edu_aggregate_bas,2003,43.39
tjk,sex_m,age_10yrbands_total,edu_aggregate_bas,2007,34.02
tjk,sex_m,age_10yrbands_total,edu_aggregate_bas,2009,37.45
tjk,sex_m,age_10yrbands_total,edu_aggregate_int,2003,74.26
tjk,sex_m,age_10yrbands_total,edu_aggregate_int,2007,65.65
tjk,sex_m,age_10yrbands_total,edu_aggregate_int,2009,60.2
tjk,sex_m,age_10yrbands_total,edu_aggregate_ltb,2003,20.1
tjk,sex_m,age_10yrbands_total,edu_aggregate_ltb,2007,23.18
tjk,sex_m,age_10yrbands_total,edu_aggregate_ltb,2009,27.25
tjk,sex_m,age_10yrbands_total,edu_aggregate_total,2003,66.76
tjk,sex_m,age_10yrbands_total,edu_aggregate_total,2007,59.13
tjk,sex_m,age_10yrbands_total,edu_aggregate_total,2009,57.04
tjk,sex_m,age_10yrbands_total,edu_isced97_1,2003,31.29
tjk,sex_m,age_10yrbands_total,edu_isced97_1,2007,17.67
tjk,sex_m,age_10yrbands_total,edu_isced97_1,2009,20.9
tjk,sex_m,age_10yrbands_total,edu_isced97_2,2003,47.5
tjk,sex_m,age_10yrbands_total,edu_isced97_2,2007,40.68
tjk,sex_m,age_10yrbands_total,edu_isced97_2,2009,43.5
tjk,sex_m,age_10yrbands_total,edu_isced97_3,2003,74.26
tjk,sex_m,age_10yrbands_total,edu_isced97_3,2007,65.65
tjk,sex_m,age_10yrbands_total,edu_isced97_3,2009,60.2
tjk,sex_m,age_10yrbands_total,edu_isced97_5,2003,81.49
tjk,sex_m,age_10yrbands_total,edu_isced97_5,2007,80.76
tjk,sex_m,age_10yrbands_total,edu_isced97_5,2009,77.85
tjk,sex_m,age_10yrbands_total,edu_isced97_6,2003,92.19
tjk,sex_m,age_10yrbands_total,edu_isced97_6,2007,86.08
tjk,sex_m,age_10yrbands_total,edu_isced97_total,2003,66.76
tjk,sex_m,age_10yrbands_total,edu_isced97_total,2007,59.13
tjk,sex_m,age_10yrbands_total,edu_isced97_total,2009,57.04
tjk,sex_m,age_10yrbands_total,edu_isced97_x,2003,20.1
tjk,sex_m,age_10yrbands_total,edu_isced97_x,2007,23.18
tjk,sex_m,age_10yrbands_total,edu_isced97_x,2009,27.25
tjk,sex_m,age_10yrbands_y15_24,edu_aggregate_adv,2003,45.29
tjk,sex_m,age_10yrbands_y15_24,edu_aggregate_adv,2007,67.66
tjk,sex_m,age_10yrbands_y15_24,edu_aggregate_adv,2009,41.72
tjk,sex_m,age_10yrbands_y15_24,edu_aggregate_bas,2003,36.35
tjk,sex_m,age_10yrbands_y15_24,edu_aggregate_bas,2007,21.97
tjk,sex_m,age_10yrbands_y15_24,edu_aggregate_bas,2009,20.55
tjk,sex_m,age_10yrbands_y15_24,edu_aggregate_int,2003,57.04
tjk,sex_m,age_10yrbands_y15_24,edu_aggregate_int,2007,42.41
tjk,sex_m,age_10yrbands_y15_24,edu_aggregate_int,2009,38.68
tjk,sex_m,age_10yrbands_y15_24,edu_aggregate_ltb,2003,16.59
tjk,sex_m,age_10yrbands_y15_24,edu_aggregate_ltb,2007,28.14
tjk,sex_m,age_10yrbands_y15_24,edu_aggregate_total,2003,48.21
tjk,sex_m,age_10yrbands_y15_24,edu_aggregate_total,2007,34.28
tjk,sex_m,age_10yrbands_y15_24,edu_aggregate_total,2009,31.62
tjk,sex_m,age_10yrbands_y15_24,edu_isced97_1,2003,27.97
tjk,sex_m,age_10yrbands_y15_24,edu_isced97_1,2007,10.92
tjk,sex_m,age_10yrbands_y15_24,edu_isced97_1,2009,12.25
tjk,sex_m,age_10yrbands_y15_24,edu_isced97_2,2003,38.55
tjk,sex_m,age_10yrbands_y15_24,edu_isced97_2,2007,26.82
tjk,sex_m,age_10yrbands_y15_24,edu_isced97_2,2009,23.92
tjk,sex_m,age_10yrbands_y15_24,edu_isced97_3,2003,57.04
tjk,sex_m,age_10yrbands_y15_24,edu_isced97_3,2007,42.41
tjk,sex_m,age_10yrbands_y15_24,edu_isced97_3,2009,38.68
tjk,sex_m,age_10yrbands_y15_24,edu_isced97_5,2003,45.29
tjk,sex_m,age_10yrbands_y15_24,edu_isced97_5,2007,67.66
tjk,sex_m,age_10yrbands_y15_24,edu_isced97_5,2009,41.72
tjk,sex_m,age_10yrbands_y15_24,edu_isced97_total,2003,48.21
tjk,sex_m,age_10yrbands_y15_24,edu_isced97_total,2007,34.28
tjk,sex_m,age_10yrbands_y15_24,edu_isced97_total,2009,31.62
tjk,sex_m,age_10yrbands_y15_24,edu_isced97_x,2003,16.59
tjk,sex_m,age_10yrbands_y15_24,edu_isced97_x,2007,28.14
tjk,sex_m,age_10yrbands_y25_34,edu_aggregate_adv,2003,88.6
tjk,sex_m,age_10yrbands_y25_34,edu_aggregate_adv,2007,85.37
tjk,sex_m,age_10yrbands_y25_34,edu_aggregate_adv,2009,87.78
tjk,sex_m,age_10yrbands_y25_34,edu_aggregate_bas,2003,79.59
tjk,sex_m,age_10yrbands_y25_34,edu_aggregate_bas,2007,79.35
tjk,sex_m,age_10yrbands_y25_34,edu_aggregate_bas,2009,79.53
tjk,sex_m,age_10yrbands_y25_34,edu_aggregate_int,2003,85.39
tjk,sex_m,age_10yrbands_y25_34,edu_aggregate_int,2007,76.56
tjk,sex_m,age_10yrbands_y25_34,edu_aggregate_int,2009,71.17
tjk,sex_m,age_10yrbands_y25_34,edu_aggregate_ltb,2003,30.05
tjk,sex_m,age_10yrbands_y25_34,edu_aggregate_ltb,2007,21.67
tjk,sex_m,age_10yrbands_y25_34,edu_aggregate_total,2003,84.7
tjk,sex_m,age_10yrbands_y25_34,edu_aggregate_total,2007,77.9
tjk,sex_m,age_10yrbands_y25_34,edu_aggregate_total,2009,75.32
tjk,sex_m,age_10yrbands_y25_34,edu_isced97_1,2003,76.92
tjk,sex_m,age_10yrbands_y25_34,edu_isced97_1,2007,74.35
tjk,sex_m,age_10yrbands_y25_34,edu_isced97_1,2009,82.13
tjk,sex_m,age_10yrbands_y25_34,edu_isced97_2,2003,79.94
tjk,sex_m,age_10yrbands_y25_34,edu_isced97_2,2007,79.82
tjk,sex_m,age_10yrbands_y25_34,edu_isced97_2,2009,79.26
tjk,sex_m,age_10yrbands_y25_34,edu_isced97_3,2003,85.39
tjk,sex_m,age_10yrbands_y25_34,edu_isced97_3,2007,76.56
tjk,sex_m,age_10yrbands_y25_34,edu_isced97_3,2009,71.17
tjk,sex_m,age_10yrbands_y25_34,edu_isced97_5,2003,88.6
tjk,sex_m,age_10yrbands_y25_34,edu_isced97_5,2007,85.28
tjk,sex_m,age_10yrbands_y25_34,edu_isced97_5,2009,87.78
tjk,sex_m,age_10yrbands_y25_34,edu_isced97_total,2003,84.7
tjk,sex_m,age_10yrbands_y25_34,edu_isced97_total,2007,77.9
tjk,sex_m,age_10yrbands_y25_34,edu_isced97_total,2009,75.32
tjk,sex_m,age_10yrbands_y25_34,edu_isced97_x,2003,30.05
tjk,sex_m,age_10yrbands_y25_34,edu_isced97_x,2007,21.67
tjk,sex_m,age_10yrbands_y35_44,edu_aggregate_adv,2003,92.68
tjk,sex_m,age_10yrbands_y35_44,edu_aggregate_adv,2007,90.48
tjk,sex_m,age_10yrbands_y35_44,edu_aggregate_adv,2009,88.09
tjk,sex_m,age_10yrbands_y35_44,edu_aggregate_bas,2003,78.05
tjk,sex_m,age_10yrbands_y35_44,edu_aggregate_bas,2007,81.54
tjk,sex_m,age_10yrbands_y35_44,edu_aggregate_bas,2009,81.78
tjk,sex_m,age_10yrbands_y35_44,edu_aggregate_int,2003,90.38
tjk,sex_m,age_10yrbands_y35_44,edu_aggregate_int,2007,83.29
tjk,sex_m,age_10yrbands_y35_44,edu_aggregate_int,2009,79.41
tjk,sex_m,age_10yrbands_y35_44,edu_aggregate_ltb,2003,48.6
tjk,sex_m,age_10yrbands_y35_44,edu_aggregate_ltb,2007,53.01
tjk,sex_m,age_10yrbands_y35_44,edu_aggregate_total,2003,89.81
tjk,sex_m,age_10yrbands_y35_44,edu_aggregate_total,2007,84.19
tjk,sex_m,age_10yrbands_y35_44,edu_aggregate_total,2009,80.37
tjk,sex_m,age_10yrbands_y35_44,edu_isced97_1,2003,61.11
tjk,sex_m,age_10yrbands_y35_44,edu_isced97_1,2007,80.06
tjk,sex_m,age_10yrbands_y35_44,edu_isced97_2,2003,80.69
tjk,sex_m,age_10yrbands_y35_44,edu_isced97_2,2007,81.83
tjk,sex_m,age_10yrbands_y35_44,edu_isced97_2,2009,81.74
tjk,sex_m,age_10yrbands_y35_44,edu_isced97_3,2003,90.38
tjk,sex_m,age_10yrbands_y35_44,edu_isced97_3,2007,83.29
tjk,sex_m,age_10yrbands_y35_44,edu_isced97_3,2009,79.41
tjk,sex_m,age_10yrbands_y35_44,edu_isced97_5,2003,92.53
tjk,sex_m,age_10yrbands_y35_44,edu_isced97_5,2007,90.43
tjk,sex_m,age_10yrbands_y35_44,edu_isced97_5,2009,88.09
tjk,sex_m,age_10yrbands_y35_44,edu_isced97_6,2003,100
tjk,sex_m,age_10yrbands_y35_44,edu_isced97_total,2003,89.81
tjk,sex_m,age_10yrbands_y35_44,edu_isced97_total,2007,84.19
tjk,sex_m,age_10yrbands_y35_44,edu_isced97_total,2009,80.37
tjk,sex_m,age_10yrbands_y35_44,edu_isced97_x,2003,48.6
tjk,sex_m,age_10yrbands_y35_44,edu_isced97_x,2007,53.01
tjk,sex_m,age_10yrbands_y45_54,edu_aggregate_adv,2003,91.99
tjk,sex_m,age_10yrbands_y45_54,edu_aggregate_adv,2007,87
tjk,sex_m,age_10yrbands_y45_54,edu_aggregate_adv,2009,91.26
tjk,sex_m,age_10yrbands_y45_54,edu_aggregate_bas,2003,84.63
tjk,sex_m,age_10yrbands_y45_54,edu_aggregate_bas,2007,78.33
tjk,sex_m,age_10yrbands_y45_54,edu_aggregate_bas,2009,89.09
tjk,sex_m,age_10yrbands_y45_54,edu_aggregate_int,2003,85.29
tjk,sex_m,age_10yrbands_y45_54,edu_aggregate_int,2007,81.68
tjk,sex_m,age_10yrbands_y45_54,edu_aggregate_int,2009,78.73
tjk,sex_m,age_10yrbands_y45_54,edu_aggregate_ltb,2003,45.98
tjk,sex_m,age_10yrbands_y45_54,edu_aggregate_ltb,2009,58.55
tjk,sex_m,age_10yrbands_y45_54,edu_aggregate_total,2003,86.23
tjk,sex_m,age_10yrbands_y45_54,edu_aggregate_total,2007,82.03
tjk,sex_m,age_10yrbands_y45_54,edu_aggregate_total,2009,81.93
tjk,sex_m,age_10yrbands_y45_54,edu_isced97_1,2003,75
tjk,sex_m,age_10yrbands_y45_54,edu_isced97_1,2007,84.3
tjk,sex_m,age_10yrbands_y45_54,edu_isced97_1,2009,100
tjk,sex_m,age_10yrbands_y45_54,edu_isced97_2,2003,86.4
tjk,sex_m,age_10yrbands_y45_54,edu_isced97_2,2007,77.31
tjk,sex_m,age_10yrbands_y45_54,edu_isced97_2,2009,87.11
tjk,sex_m,age_10yrbands_y45_54,edu_isced97_3,2003,85.29
tjk,sex_m,age_10yrbands_y45_54,edu_isced97_3,2007,81.68
tjk,sex_m,age_10yrbands_y45_54,edu_isced97_3,2009,78.73
tjk,sex_m,age_10yrbands_y45_54,edu_isced97_5,2003,91.91
tjk,sex_m,age_10yrbands_y45_54,edu_isced97_5,2007,86.91
tjk,sex_m,age_10yrbands_y45_54,edu_isced97_5,2009,91.26
tjk,sex_m,age_10yrbands_y45_54,edu_isced97_total,2003,86.23
tjk,sex_m,age_10yrbands_y45_54,edu_isced97_total,2007,82.03
tjk,sex_m,age_10yrbands_y45_54,edu_isced97_total,2009,81.93
tjk,sex_m,age_10yrbands_y45_54,edu_isced97_x,2003,45.98
tjk,sex_m,age_10yrbands_y45_54,edu_isced97_x,2009,58.55
tjk,sex_m,age_10yrbands_y55_64,edu_aggregate_adv,2003,78.81
tjk,sex_m,age_10yrbands_y55_64,edu_aggregate_adv,2007,78.43
tjk,sex_m,age_10yrbands_y55_64,edu_aggregate_adv,2009,68.93
tjk,sex_m,age_10yrbands_y55_64,edu_aggregate_bas,2003,69.1
tjk,sex_m,age_10yrbands_y55_64,edu_aggregate_bas,2007,62.87
tjk,sex_m,age_10yrbands_y55_64,edu_aggregate_bas,2009,59.38
tjk,sex_m,age_10yrbands_y55_64,edu_aggregate_int,2003,66.4
tjk,sex_m,age_10yrbands_y55_64,edu_aggregate_int,2007,69.8
tjk,sex_m,age_10yrbands_y55_64,edu_aggregate_int,2009,63.32
tjk,sex_m,age_10yrbands_y55_64,edu_aggregate_ltb,2003,43.48
tjk,sex_m,age_10yrbands_y55_64,edu_aggregate_total,2003,68.92
tjk,sex_m,age_10yrbands_y55_64,edu_aggregate_total,2007,70.21
tjk,sex_m,age_10yrbands_y55_64,edu_aggregate_total,2009,63.69
tjk,sex_m,age_10yrbands_y55_64,edu_isced97_1,2003,58.87
tjk,sex_m,age_10yrbands_y55_64,edu_isced97_1,2007,53.44
tjk,sex_m,age_10yrbands_y55_64,edu_isced97_2,2003,74.26
tjk,sex_m,age_10yrbands_y55_64,edu_isced97_2,2007,65.96
tjk,sex_m,age_10yrbands_y55_64,edu_isced97_2,2009,64.68
tjk,sex_m,age_10yrbands_y55_64,edu_isced97_3,2003,66.4
tjk,sex_m,age_10yrbands_y55_64,edu_isced97_3,2007,69.8
tjk,sex_m,age_10yrbands_y55_64,edu_isced97_3,2009,63.32
tjk,sex_m,age_10yrbands_y55_64,edu_isced97_5,2003,78.46
tjk,sex_m,age_10yrbands_y55_64,edu_isced97_5,2007,78.43
tjk,sex_m,age_10yrbands_y55_64,edu_isced97_5,2009,68.28
tjk,sex_m,age_10yrbands_y55_64,edu_isced97_total,2003,68.92
tjk,sex_m,age_10yrbands_y55_64,edu_isced97_total,2007,70.21
tjk,sex_m,age_10yrbands_y55_64,edu_isced97_total,2009,63.69
tjk,sex_m,age_10yrbands_y55_64,edu_isced97_x,2003,43.48
tjk,sex_m,age_10yrbands_yge65,edu_aggregate_adv,2003,38.6
tjk,sex_m,age_10yrbands_yge65,edu_aggregate_adv,2007,32.84
tjk,sex_m,age_10yrbands_yge65,edu_aggregate_adv,2009,36.38
tjk,sex_m,age_10yrbands_yge65,edu_aggregate_bas,2003,17.48
tjk,sex_m,age_10yrbands_yge65,edu_aggregate_bas,2007,13.74
tjk,sex_m,age_10yrbands_yge65,edu_aggregate_bas,2009,13.25
tjk,sex_m,age_10yrbands_yge65,edu_aggregate_int,2003,22.98
tjk,sex_m,age_10yrbands_yge65,edu_aggregate_int,2007,22.39
tjk,sex_m,age_10yrbands_yge65,edu_aggregate_int,2009,9.9
tjk,sex_m,age_10yrbands_yge65,edu_aggregate_ltb,2003,9.82
tjk,sex_m,age_10yrbands_yge65,edu_aggregate_ltb,2007,10.94
tjk,sex_m,age_10yrbands_yge65,edu_aggregate_total,2003,19.84
tjk,sex_m,age_10yrbands_yge65,edu_aggregate_total,2007,18.67
tjk,sex_m,age_10yrbands_yge65,edu_aggregate_total,2009,14.17
tjk,sex_m,age_10yrbands_yge65,edu_isced97_1,2003,17.16
tjk,sex_m,age_10yrbands_yge65,edu_isced97_1,2007,9.3
tjk,sex_m,age_10yrbands_yge65,edu_isced97_2,2003,17.86
tjk,sex_m,age_10yrbands_yge65,edu_isced97_2,2007,18
tjk,sex_m,age_10yrbands_yge65,edu_isced97_2,2009,20.14
tjk,sex_m,age_10yrbands_yge65,edu_isced97_3,2003,22.98
tjk,sex_m,age_10yrbands_yge65,edu_isced97_3,2007,22.39
tjk,sex_m,age_10yrbands_yge65,edu_isced97_3,2009,9.9
tjk,sex_m,age_10yrbands_yge65,edu_isced97_5,2003,38.32
tjk,sex_m,age_10yrbands_yge65,edu_isced97_5,2007,31.21
tjk,sex_m,age_10yrbands_yge65,edu_isced97_5,2009,31.17
tjk,sex_m,age_10yrbands_yge65,edu_isced97_total,2003,19.84
tjk,sex_m,age_10yrbands_yge65,edu_isced97_total,2007,18.67
tjk,sex_m,age_10yrbands_yge65,edu_isced97_total,2009,14.17
tjk,sex_m,age_10yrbands_yge65,edu_isced97_x,2003,9.82
tjk,sex_m,age_10yrbands_yge65,edu_isced97_x,2007,10.94
tjk,sex_m,age_aggregate_total,edu_aggregate_adv,2003,81.62
tjk,sex_m,age_aggregate_total,edu_aggregate_adv,2007,80.8
tjk,sex_m,age_aggregate_total,edu_aggregate_adv,2009,77.99
tjk,sex_m,age_aggregate_total,edu_aggregate_bas,2003,43.39
tjk,sex_m,age_aggregate_total,edu_aggregate_bas,2007,34.02
tjk,sex_m,age_aggregate_total,edu_aggregate_bas,2009,37.45
tjk,sex_m,age_aggregate_total,edu_aggregate_int,2003,74.26
tjk,sex_m,age_aggregate_total,edu_aggregate_int,2007,65.65
tjk,sex_m,age_aggregate_total,edu_aggregate_int,2009,60.2
tjk,sex_m,age_aggregate_total,edu_aggregate_ltb,2003,20.1
tjk,sex_m,age_aggregate_total,edu_aggregate_ltb,2007,23.18
tjk,sex_m,age_aggregate_total,edu_aggregate_ltb,2009,27.25
tjk,sex_m,age_aggregate_total,edu_aggregate_total,2003,66.76
tjk,sex_m,age_aggregate_total,edu_aggregate_total,2007,59.13
tjk,sex_m,age_aggregate_total,edu_aggregate_total,2009,57.04
tjk,sex_m,age_aggregate_total,edu_isced97_1,2003,31.29
tjk,sex_m,age_aggregate_total,edu_isced97_1,2007,17.67
tjk,sex_m,age_aggregate_total,edu_isced97_1,2009,20.9
tjk,sex_m,age_aggregate_total,edu_isced97_2,2003,47.5
tjk,sex_m,age_aggregate_total,edu_isced97_2,2007,40.68
tjk,sex_m,age_aggregate_total,edu_isced97_2,2009,43.5
tjk,sex_m,age_aggregate_total,edu_isced97_3,2003,74.26
tjk,sex_m,age_aggregate_total,edu_isced97_3,2007,65.65
tjk,sex_m,age_aggregate_total,edu_isced97_3,2009,60.2
tjk,sex_m,age_aggregate_total,edu_isced97_5,2003,81.49
tjk,sex_m,age_aggregate_total,edu_isced97_5,2007,80.76
tjk,sex_m,age_aggregate_total,edu_isced97_5,2009,77.85
tjk,sex_m,age_aggregate_total,edu_isced97_6,2003,92.19
tjk,sex_m,age_aggregate_total,edu_isced97_6,2007,86.08
tjk,sex_m,age_aggregate_total,edu_isced97_total,2003,66.76
tjk,sex_m,age_aggregate_total,edu_isced97_total,2007,59.13
tjk,sex_m,age_aggregate_total,edu_isced97_total,2009,57.04
tjk,sex_m,age_aggregate_total,edu_isced97_x,2003,20.1
tjk,sex_m,age_aggregate_total,edu_isced97_x,2007,23.18
tjk,sex_m,age_aggregate_total,edu_isced97_x,2009,27.25
tjk,sex_m,age_aggregate_y15_24,edu_aggregate_adv,2003,45.29
tjk,sex_m,age_aggregate_y15_24,edu_aggregate_adv,2007,67.66
tjk,sex_m,age_aggregate_y15_24,edu_aggregate_adv,2009,41.72
tjk,sex_m,age_aggregate_y15_24,edu_aggregate_bas,2003,36.35
tjk,sex_m,age_aggregate_y15_24,edu_aggregate_bas,2007,21.97
tjk,sex_m,age_aggregate_y15_24,edu_aggregate_bas,2009,20.55
tjk,sex_m,age_aggregate_y15_24,edu_aggregate_int,2003,57.04
tjk,sex_m,age_aggregate_y15_24,edu_aggregate_int,2007,42.41
tjk,sex_m,age_aggregate_y15_24,edu_aggregate_int,2009,38.68
tjk,sex_m,age_aggregate_y15_24,edu_aggregate_ltb,2003,16.59
tjk,sex_m,age_aggregate_y15_24,edu_aggregate_ltb,2007,28.14
tjk,sex_m,age_aggregate_y15_24,edu_aggregate_total,2003,48.21
tjk,sex_m,age_aggregate_y15_24,edu_aggregate_total,2007,34.28
tjk,sex_m,age_aggregate_y15_24,edu_aggregate_total,2009,31.62
tjk,sex_m,age_aggregate_y15_24,edu_isced97_1,2003,27.97
tjk,sex_m,age_aggregate_y15_24,edu_isced97_1,2007,10.92
tjk,sex_m,age_aggregate_y15_24,edu_isced97_1,2009,12.25
tjk,sex_m,age_aggregate_y15_24,edu_isced97_2,2003,38.55
tjk,sex_m,age_aggregate_y15_24,edu_isced97_2,2007,26.82
tjk,sex_m,age_aggregate_y15_24,edu_isced97_2,2009,23.92
tjk,sex_m,age_aggregate_y15_24,edu_isced97_3,2003,57.04
tjk,sex_m,age_aggregate_y15_24,edu_isced97_3,2007,42.41
tjk,sex_m,age_aggregate_y15_24,edu_isced97_3,2009,38.68
tjk,sex_m,age_aggregate_y15_24,edu_isced97_5,2003,45.29
tjk,sex_m,age_aggregate_y15_24,edu_isced97_5,2007,67.66
tjk,sex_m,age_aggregate_y15_24,edu_isced97_5,2009,41.72
tjk,sex_m,age_aggregate_y15_24,edu_isced97_total,2003,48.21
tjk,sex_m,age_aggregate_y15_24,edu_isced97_total,2007,34.28
tjk,sex_m,age_aggregate_y15_24,edu_isced97_total,2009,31.62
tjk,sex_m,age_aggregate_y15_24,edu_isced97_x,2003,16.59
tjk,sex_m,age_aggregate_y15_24,edu_isced97_x,2007,28.14
tjk,sex_m,age_aggregate_y25_54,edu_aggregate_adv,2003,91.22
tjk,sex_m,age_aggregate_y25_54,edu_aggregate_adv,2007,87.46
tjk,sex_m,age_aggregate_y25_54,edu_aggregate_adv,2009,88.91
tjk,sex_m,age_aggregate_y25_54,edu_aggregate_bas,2003,80.81
tjk,sex_m,age_aggregate_y25_54,edu_aggregate_bas,2007,79.61
tjk,sex_m,age_aggregate_y25_54,edu_aggregate_bas,2009,82.29
tjk,sex_m,age_aggregate_y25_54,edu_aggregate_int,2003,87.12
tjk,sex_m,age_aggregate_y25_54,edu_aggregate_int,2007,80.15
tjk,sex_m,age_aggregate_y25_54,edu_aggregate_int,2009,75.8
tjk,sex_m,age_aggregate_y25_54,edu_aggregate_ltb,2003,40.19
tjk,sex_m,age_aggregate_y25_54,edu_aggregate_ltb,2007,33.06
tjk,sex_m,age_aggregate_y25_54,edu_aggregate_ltb,2009,42.33
tjk,sex_m,age_aggregate_y25_54,edu_aggregate_total,2003,86.81
tjk,sex_m,age_aggregate_y25_54,edu_aggregate_total,2007,81.02
tjk,sex_m,age_aggregate_y25_54,edu_aggregate_total,2009,78.58
tjk,sex_m,age_aggregate_y25_54,edu_isced97_1,2003,72.49
tjk,sex_m,age_aggregate_y25_54,edu_isced97_1,2007,79.34
tjk,sex_m,age_aggregate_y25_54,edu_isced97_1,2009,87.98
tjk,sex_m,age_aggregate_y25_54,edu_isced97_2,2003,82.09
tjk,sex_m,age_aggregate_y25_54,edu_isced97_2,2007,79.65
tjk,sex_m,age_aggregate_y25_54,edu_isced97_2,2009,81.55
tjk,sex_m,age_aggregate_y25_54,edu_isced97_3,2003,87.12
tjk,sex_m,age_aggregate_y25_54,edu_isced97_3,2007,80.15
tjk,sex_m,age_aggregate_y25_54,edu_isced97_3,2009,75.8
tjk,sex_m,age_aggregate_y25_54,edu_isced97_5,2003,91.13
tjk,sex_m,age_aggregate_y25_54,edu_isced97_5,2007,87.38
tjk,sex_m,age_aggregate_y25_54,edu_isced97_5,2009,88.91
tjk,sex_m,age_aggregate_y25_54,edu_isced97_6,2003,100
tjk,sex_m,age_aggregate_y25_54,edu_isced97_6,2007,100
tjk,sex_m,age_aggregate_y25_54,edu_isced97_total,2003,86.81
tjk,sex_m,age_aggregate_y25_54,edu_isced97_total,2007,81.02
tjk,sex_m,age_aggregate_y25_54,edu_isced97_total,2009,78.58
tjk,sex_m,age_aggregate_y25_54,edu_isced97_x,2003,40.19
tjk,sex_m,age_aggregate_y25_54,edu_isced97_x,2007,33.06
tjk,sex_m,age_aggregate_y25_54,edu_isced97_x,2009,42.33
tjk,sex_m,age_aggregate_y55_64,edu_aggregate_adv,2003,78.81
tjk,sex_m,age_aggregate_y55_64,edu_aggregate_adv,2007,78.43
tjk,sex_m,age_aggregate_y55_64,edu_aggregate_adv,2009,68.93
tjk,sex_m,age_aggregate_y55_64,edu_aggregate_bas,2003,69.1
tjk,sex_m,age_aggregate_y55_64,edu_aggregate_bas,2007,62.87
tjk,sex_m,age_aggregate_y55_64,edu_aggregate_bas,2009,59.38
tjk,sex_m,age_aggregate_y55_64,edu_aggregate_int,2003,66.4
tjk,sex_m,age_aggregate_y55_64,edu_aggregate_int,2007,69.8
tjk,sex_m,age_aggregate_y55_64,edu_aggregate_int,2009,63.32
tjk,sex_m,age_aggregate_y55_64,edu_aggregate_ltb,2003,43.48
tjk,sex_m,age_aggregate_y55_64,edu_aggregate_total,2003,68.92
tjk,sex_m,age_aggregate_y55_64,edu_aggregate_total,2007,70.21
tjk,sex_m,age_aggregate_y55_64,edu_aggregate_total,2009,63.69
tjk,sex_m,age_aggregate_y55_64,edu_isced97_1,2003,58.87
tjk,sex_m,age_aggregate_y55_64,edu_isced97_1,2007,53.44
tjk,sex_m,age_aggregate_y55_64,edu_isced97_2,2003,74.26
tjk,sex_m,age_aggregate_y55_64,edu_isced97_2,2007,65.96
tjk,sex_m,age_aggregate_y55_64,edu_isced97_2,2009,64.68
tjk,sex_m,age_aggregate_y55_64,edu_isced97_3,2003,66.4
tjk,sex_m,age_aggregate_y55_64,edu_isced97_3,2007,69.8
tjk,sex_m,age_aggregate_y55_64,edu_isced97_3,2009,63.32
tjk,sex_m,age_aggregate_y55_64,edu_isced97_5,2003,78.46
tjk,sex_m,age_aggregate_y55_64,edu_isced97_5,2007,78.43
tjk,sex_m,age_aggregate_y55_64,edu_isced97_5,2009,68.28
tjk,sex_m,age_aggregate_y55_64,edu_isced97_total,2003,68.92
tjk,sex_m,age_aggregate_y55_64,edu_isced97_total,2007,70.21
tjk,sex_m,age_aggregate_y55_64,edu_isced97_total,2009,63.69
tjk,sex_m,age_aggregate_y55_64,edu_isced97_x,2003,43.48
tjk,sex_m,age_aggregate_yge65,edu_aggregate_adv,2003,38.6
tjk,sex_m,age_aggregate_yge65,edu_aggregate_adv,2007,32.84
tjk,sex_m,age_aggregate_yge65,edu_aggregate_adv,2009,36.38
tjk,sex_m,age_aggregate_yge65,edu_aggregate_bas,2003,17.48
tjk,sex_m,age_aggregate_yge65,edu_aggregate_bas,2007,13.74
tjk,sex_m,age_aggregate_yge65,edu_aggregate_bas,2009,13.25
tjk,sex_m,age_aggregate_yge65,edu_aggregate_int,2003,22.98
tjk,sex_m,age_aggregate_yge65,edu_aggregate_int,2007,22.39
tjk,sex_m,age_aggregate_yge65,edu_aggregate_int,2009,9.9
tjk,sex_m,age_aggregate_yge65,edu_aggregate_ltb,2003,9.82
tjk,sex_m,age_aggregate_yge65,edu_aggregate_ltb,2007,10.94
tjk,sex_m,age_aggregate_yge65,edu_aggregate_total,2003,19.84
tjk,sex_m,age_aggregate_yge65,edu_aggregate_total,2007,18.67
tjk,sex_m,age_aggregate_yge65,edu_aggregate_total,2009,14.17
tjk,sex_m,age_aggregate_yge65,edu_isced97_1,2003,17.16
tjk,sex_m,age_aggregate_yge65,edu_isced97_1,2007,9.3
tjk,sex_m,age_aggregate_yge65,edu_isced97_2,2003,17.86
tjk,sex_m,age_aggregate_yge65,edu_isced97_2,2007,18
tjk,sex_m,age_aggregate_yge65,edu_isced97_2,2009,20.14
tjk,sex_m,age_aggregate_yge65,edu_isced97_3,2003,22.98
tjk,sex_m,age_aggregate_yge65,edu_isced97_3,2007,22.39
tjk,sex_m,age_aggregate_yge65,edu_isced97_3,2009,9.9
tjk,sex_m,age_aggregate_yge65,edu_isced97_5,2003,38.32
tjk,sex_m,age_aggregate_yge65,edu_isced97_5,2007,31.21
tjk,sex_m,age_aggregate_yge65,edu_isced97_5,2009,31.17
tjk,sex_m,age_aggregate_yge65,edu_isced97_total,2003,19.84
tjk,sex_m,age_aggregate_yge65,edu_isced97_total,2007,18.67
tjk,sex_m,age_aggregate_yge65,edu_isced97_total,2009,14.17
tjk,sex_m,age_aggregate_yge65,edu_isced97_x,2003,9.82
tjk,sex_m,age_aggregate_yge65,edu_isced97_x,2007,10.94
tjk,sex_m,age_ythadult_y15_24,edu_aggregate_adv,2003,45.29
tjk,sex_m,age_ythadult_y15_24,edu_aggregate_adv,2007,67.66
tjk,sex_m,age_ythadult_y15_24,edu_aggregate_adv,2009,41.72
tjk,sex_m,age_ythadult_y15_24,edu_aggregate_bas,2003,36.35
tjk,sex_m,age_ythadult_y15_24,edu_aggregate_bas,2007,21.97
tjk,sex_m,age_ythadult_y15_24,edu_aggregate_bas,2009,20.55
tjk,sex_m,age_ythadult_y15_24,edu_aggregate_int,2003,57.04
tjk,sex_m,age_ythadult_y15_24,edu_aggregate_int,2007,42.41
tjk,sex_m,age_ythadult_y15_24,edu_aggregate_int,2009,38.68
tjk,sex_m,age_ythadult_y15_24,edu_aggregate_ltb,2003,16.59
tjk,sex_m,age_ythadult_y15_24,edu_aggregate_ltb,2007,28.14
tjk,sex_m,age_ythadult_y15_24,edu_aggregate_total,2003,48.21
tjk,sex_m,age_ythadult_y15_24,edu_aggregate_total,2007,34.28
tjk,sex_m,age_ythadult_y15_24,edu_aggregate_total,2009,31.62
tjk,sex_m,age_ythadult_y15_24,edu_isced97_1,2003,27.97
tjk,sex_m,age_ythadult_y15_24,edu_isced97_1,2007,10.92
tjk,sex_m,age_ythadult_y15_24,edu_isced97_1,2009,12.25
tjk,sex_m,age_ythadult_y15_24,edu_isced97_2,2003,38.55
tjk,sex_m,age_ythadult_y15_24,edu_isced97_2,2007,26.82
tjk,sex_m,age_ythadult_y15_24,edu_isced97_2,2009,23.92
tjk,sex_m,age_ythadult_y15_24,edu_isced97_3,2003,57.04
tjk,sex_m,age_ythadult_y15_24,edu_isced97_3,2007,42.41
tjk,sex_m,age_ythadult_y15_24,edu_isced97_3,2009,38.68
tjk,sex_m,age_ythadult_y15_24,edu_isced97_5,2003,45.29
tjk,sex_m,age_ythadult_y15_24,edu_isced97_5,2007,67.66
tjk,sex_m,age_ythadult_y15_24,edu_isced97_5,2009,41.72
tjk,sex_m,age_ythadult_y15_24,edu_isced97_total,2003,48.21
tjk,sex_m,age_ythadult_y15_24,edu_isced97_total,2007,34.28
tjk,sex_m,age_ythadult_y15_24,edu_isced97_total,2009,31.62
tjk,sex_m,age_ythadult_y15_24,edu_isced97_x,2003,16.59
tjk,sex_m,age_ythadult_y15_24,edu_isced97_x,2007,28.14
tjk,sex_m,age_ythadult_y15_64,edu_aggregate_adv,2003,84.98
tjk,sex_m,age_ythadult_y15_64,edu_aggregate_adv,2007,84.14
tjk,sex_m,age_ythadult_y15_64,edu_aggregate_adv,2009,80.16
tjk,sex_m,age_ythadult_y15_64,edu_aggregate_bas,2003,47.89
tjk,sex_m,age_ythadult_y15_64,edu_aggregate_bas,2007,37.01
tjk,sex_m,age_ythadult_y15_64,edu_aggregate_bas,2009,40.64
tjk,sex_m,age_ythadult_y15_64,edu_aggregate_int,2003,75.66
tjk,sex_m,age_ythadult_y15_64,edu_aggregate_int,2007,67.53
tjk,sex_m,age_ythadult_y15_64,edu_aggregate_int,2009,62.6
tjk,sex_m,age_ythadult_y15_64,edu_aggregate_ltb,2003,30.69
tjk,sex_m,age_ythadult_y15_64,edu_aggregate_ltb,2007,30.61
tjk,sex_m,age_ythadult_y15_64,edu_aggregate_ltb,2009,31.03
tjk,sex_m,age_ythadult_y15_64,edu_aggregate_total,2003,70.45
tjk,sex_m,age_ythadult_y15_64,edu_aggregate_total,2007,62.29
tjk,sex_m,age_ythadult_y15_64,edu_aggregate_total,2009,59.99
tjk,sex_m,age_ythadult_y15_64,edu_isced97_1,2003,37.86
tjk,sex_m,age_ythadult_y15_64,edu_isced97_1,2007,19.99
tjk,sex_m,age_ythadult_y15_64,edu_isced97_1,2009,24.93
tjk,sex_m,age_ythadult_y15_64,edu_isced97_2,2003,50.44
tjk,sex_m,age_ythadult_y15_64,edu_isced97_2,2007,42.98
tjk,sex_m,age_ythadult_y15_64,edu_isced97_2,2009,45.53
tjk,sex_m,age_ythadult_y15_64,edu_isced97_3,2003,75.66
tjk,sex_m,age_ythadult_y15_64,edu_isced97_3,2007,67.53
tjk,sex_m,age_ythadult_y15_64,edu_isced97_3,2009,62.6
tjk,sex_m,age_ythadult_y15_64,edu_isced97_5,2003,84.82
tjk,sex_m,age_ythadult_y15_64,edu_isced97_5,2007,84.07
tjk,sex_m,age_ythadult_y15_64,edu_isced97_5,2009,80.11
tjk,sex_m,age_ythadult_y15_64,edu_isced97_total,2003,70.45
tjk,sex_m,age_ythadult_y15_64,edu_isced97_total,2007,62.29
tjk,sex_m,age_ythadult_y15_64,edu_isced97_total,2009,59.99
tjk,sex_m,age_ythadult_y15_64,edu_isced97_x,2003,30.69
tjk,sex_m,age_ythadult_y15_64,edu_isced97_x,2007,30.61
tjk,sex_m,age_ythadult_y15_64,edu_isced97_x,2009,31.03
tjk,sex_m,age_ythadult_yge15,edu_aggregate_adv,2003,81.62
tjk,sex_m,age_ythadult_yge15,edu_aggregate_adv,2007,80.8
tjk,sex_m,age_ythadult_yge15,edu_aggregate_adv,2009,77.99
tjk,sex_m,age_ythadult_yge15,edu_aggregate_bas,2003,43.39
tjk,sex_m,age_ythadult_yge15,edu_aggregate_bas,2007,34.02
tjk,sex_m,age_ythadult_yge15,edu_aggregate_bas,2009,37.45
tjk,sex_m,age_ythadult_yge15,edu_aggregate_int,2003,74.26
tjk,sex_m,age_ythadult_yge15,edu_aggregate_int,2007,65.65
tjk,sex_m,age_ythadult_yge15,edu_aggregate_int,2009,60.2
tjk,sex_m,age_ythadult_yge15,edu_aggregate_ltb,2003,20.1
tjk,sex_m,age_ythadult_yge15,edu_aggregate_ltb,2007,23.18
tjk,sex_m,age_ythadult_yge15,edu_aggregate_ltb,2009,27.25
tjk,sex_m,age_ythadult_yge15,edu_aggregate_total,2003,66.76
tjk,sex_m,age_ythadult_yge15,edu_aggregate_total,2007,59.13
tjk,sex_m,age_ythadult_yge15,edu_aggregate_total,2009,57.04
tjk,sex_m,age_ythadult_yge15,edu_isced97_1,2003,31.29
tjk,sex_m,age_ythadult_yge15,edu_isced97_1,2007,17.67
tjk,sex_m,age_ythadult_yge15,edu_isced97_1,2009,20.9
tjk,sex_m,age_ythadult_yge15,edu_isced97_2,2003,47.5
tjk,sex_m,age_ythadult_yge15,edu_isced97_2,2007,40.68
tjk,sex_m,age_ythadult_yge15,edu_isced97_2,2009,43.5
tjk,sex_m,age_ythadult_yge15,edu_isced97_3,2003,74.26
tjk,sex_m,age_ythadult_yge15,edu_isced97_3,2007,65.65
tjk,sex_m,age_ythadult_yge15,edu_isced97_3,2009,60.2
tjk,sex_m,age_ythadult_yge15,edu_isced97_5,2003,81.49
tjk,sex_m,age_ythadult_yge15,edu_isced97_5,2007,80.76
tjk,sex_m,age_ythadult_yge15,edu_isced97_5,2009,77.85
tjk,sex_m,age_ythadult_yge15,edu_isced97_6,2003,92.19
tjk,sex_m,age_ythadult_yge15,edu_isced97_6,2007,86.08
tjk,sex_m,age_ythadult_yge15,edu_isced97_total,2003,66.76
tjk,sex_m,age_ythadult_yge15,edu_isced97_total,2007,59.13
tjk,sex_m,age_ythadult_yge15,edu_isced97_total,2009,57.04
tjk,sex_m,age_ythadult_yge15,edu_isced97_x,2003,20.1
tjk,sex_m,age_ythadult_yge15,edu_isced97_x,2007,23.18
tjk,sex_m,age_ythadult_yge15,edu_isced97_x,2009,27.25
tjk,sex_m,age_ythadult_yge25,edu_aggregate_adv,2003,85.51
tjk,sex_m,age_ythadult_yge25,edu_aggregate_adv,2007,82.21
tjk,sex_m,age_ythadult_yge25,edu_aggregate_adv,2009,82.95
tjk,sex_m,age_ythadult_yge25,edu_aggregate_bas,2003,54.57
tjk,sex_m,age_ythadult_yge25,edu_aggregate_bas,2007,54.71
tjk,sex_m,age_ythadult_yge25,edu_aggregate_bas,2009,60.2
tjk,sex_m,age_ythadult_yge25,edu_aggregate_int,2003,82.9
tjk,sex_m,age_ythadult_yge25,edu_aggregate_int,2007,75.73
tjk,sex_m,age_ythadult_yge25,edu_aggregate_int,2009,70.1
tjk,sex_m,age_ythadult_yge25,edu_aggregate_ltb,2003,21.03
tjk,sex_m,age_ythadult_yge25,edu_aggregate_ltb,2007,20.57
tjk,sex_m,age_ythadult_yge25,edu_aggregate_ltb,2009,33.82
tjk,sex_m,age_ythadult_yge25,edu_aggregate_total,2003,77.36
tjk,sex_m,age_ythadult_yge25,edu_aggregate_total,2007,72.85
tjk,sex_m,age_ythadult_yge25,edu_aggregate_total,2009,70.48
tjk,sex_m,age_ythadult_yge25,edu_isced97_1,2003,34.68
tjk,sex_m,age_ythadult_yge25,edu_isced97_1,2007,31.1
tjk,sex_m,age_ythadult_yge25,edu_isced97_1,2009,34.97
tjk,sex_m,age_ythadult_yge25,edu_isced97_2,2003,64.16
tjk,sex_m,age_ythadult_yge25,edu_isced97_2,2007,63.15
tjk,sex_m,age_ythadult_yge25,edu_isced97_2,2009,68.12
tjk,sex_m,age_ythadult_yge25,edu_isced97_3,2003,82.9
tjk,sex_m,age_ythadult_yge25,edu_isced97_3,2007,75.73
tjk,sex_m,age_ythadult_yge25,edu_isced97_3,2009,70.1
tjk,sex_m,age_ythadult_yge25,edu_isced97_5,2003,85.43
tjk,sex_m,age_ythadult_yge25,edu_isced97_5,2007,82.17
tjk,sex_m,age_ythadult_yge25,edu_isced97_5,2009,82.83
tjk,sex_m,age_ythadult_yge25,edu_isced97_6,2003,92.19
tjk,sex_m,age_ythadult_yge25,edu_isced97_6,2007,86.08
tjk,sex_m,age_ythadult_yge25,edu_isced97_total,2003,77.36
tjk,sex_m,age_ythadult_yge25,edu_isced97_total,2007,72.85
tjk,sex_m,age_ythadult_yge25,edu_isced97_total,2009,70.48
tjk,sex_m,age_ythadult_yge25,edu_isced97_x,2003,21.03
tjk,sex_m,age_ythadult_yge25,edu_isced97_x,2007,20.57
tjk,sex_m,age_ythadult_yge25,edu_isced97_x,2009,33.82
tjk,sex_t,age_10yrbands_total,edu_aggregate_adv,2003,78.1
tjk,sex_t,age_10yrbands_total,edu_aggregate_adv,2007,76
tjk,sex_t,age_10yrbands_total,edu_aggregate_adv,2009,72.78
tjk,sex_t,age_10yrbands_total,edu_aggregate_bas,2003,38.32
tjk,sex_t,age_10yrbands_total,edu_aggregate_bas,2007,27.39
tjk,sex_t,age_10yrbands_total,edu_aggregate_bas,2009,28.12
tjk,sex_t,age_10yrbands_total,edu_aggregate_int,2003,61.84
tjk,sex_t,age_10yrbands_total,edu_aggregate_int,2007,50.65
tjk,sex_t,age_10yrbands_total,edu_aggregate_int,2009,45.54
tjk,sex_t,age_10yrbands_total,edu_aggregate_ltb,2003,17.98
tjk,sex_t,age_10yrbands_total,edu_aggregate_ltb,2007,16.56
tjk,sex_t,age_10yrbands_total,edu_aggregate_ltb,2009,22.31
tjk,sex_t,age_10yrbands_total,edu_aggregate_total,2003,55.01
tjk,sex_t,age_10yrbands_total,edu_aggregate_total,2007,44.7
tjk,sex_t,age_10yrbands_total,edu_aggregate_total,2009,42.51
tjk,sex_t,age_10yrbands_total,edu_isced97_1,2003,28.58
tjk,sex_t,age_10yrbands_total,edu_isced97_1,2007,15.31
tjk,sex_t,age_10yrbands_total,edu_isced97_1,2009,16.76
tjk,sex_t,age_10yrbands_total,edu_isced97_2,2003,41.64
tjk,sex_t,age_10yrbands_total,edu_isced97_2,2007,32.23
tjk,sex_t,age_10yrbands_total,edu_isced97_2,2009,32.53
tjk,sex_t,age_10yrbands_total,edu_isced97_3,2003,61.84
tjk,sex_t,age_10yrbands_total,edu_isced97_3,2007,50.65
tjk,sex_t,age_10yrbands_total,edu_isced97_3,2009,45.54
tjk,sex_t,age_10yrbands_total,edu_isced97_5,2003,77.95
tjk,sex_t,age_10yrbands_total,edu_isced97_5,2007,75.95
tjk,sex_t,age_10yrbands_total,edu_isced97_5,2009,72.65
tjk,sex_t,age_10yrbands_total,edu_isced97_6,2003,93.24
tjk,sex_t,age_10yrbands_total,edu_isced97_6,2007,83.37
tjk,sex_t,age_10yrbands_total,edu_isced97_total,2003,55.01
tjk,sex_t,age_10yrbands_total,edu_isced97_total,2007,44.7
tjk,sex_t,age_10yrbands_total,edu_isced97_total,2009,42.51
tjk,sex_t,age_10yrbands_total,edu_isced97_x,2003,17.98
tjk,sex_t,age_10yrbands_total,edu_isced97_x,2007,16.56
tjk,sex_t,age_10yrbands_total,edu_isced97_x,2009,22.31
tjk,sex_t,age_10yrbands_y15_24,edu_aggregate_adv,2003,44.14
tjk,sex_t,age_10yrbands_y15_24,edu_aggregate_adv,2007,58.39
tjk,sex_t,age_10yrbands_y15_24,edu_aggregate_adv,2009,35.34
tjk,sex_t,age_10yrbands_y15_24,edu_aggregate_bas,2003,35.64
tjk,sex_t,age_10yrbands_y15_24,edu_aggregate_bas,2007,21.23
tjk,sex_t,age_10yrbands_y15_24,edu_aggregate_bas,2009,18.95
tjk,sex_t,age_10yrbands_y15_24,edu_aggregate_int,2003,49.45
tjk,sex_t,age_10yrbands_y15_24,edu_aggregate_int,2007,35
tjk,sex_t,age_10yrbands_y15_24,edu_aggregate_int,2009,31.78
tjk,sex_t,age_10yrbands_y15_24,edu_aggregate_ltb,2003,24.54
tjk,sex_t,age_10yrbands_y15_24,edu_aggregate_ltb,2007,24.04
tjk,sex_t,age_10yrbands_y15_24,edu_aggregate_ltb,2009,14.38
tjk,sex_t,age_10yrbands_y15_24,edu_aggregate_total,2003,42.99
tjk,sex_t,age_10yrbands_y15_24,edu_aggregate_total,2007,28.91
tjk,sex_t,age_10yrbands_y15_24,edu_aggregate_total,2009,26.25
tjk,sex_t,age_10yrbands_y15_24,edu_isced97_1,2003,31.15
tjk,sex_t,age_10yrbands_y15_24,edu_isced97_1,2007,12.32
tjk,sex_t,age_10yrbands_y15_24,edu_isced97_1,2009,11.43
tjk,sex_t,age_10yrbands_y15_24,edu_isced97_2,2003,36.85
tjk,sex_t,age_10yrbands_y15_24,edu_isced97_2,2007,25.07
tjk,sex_t,age_10yrbands_y15_24,edu_isced97_2,2009,21.93
tjk,sex_t,age_10yrbands_y15_24,edu_isced97_3,2003,49.45
tjk,sex_t,age_10yrbands_y15_24,edu_isced97_3,2007,35
tjk,sex_t,age_10yrbands_y15_24,edu_isced97_3,2009,31.78
tjk,sex_t,age_10yrbands_y15_24,edu_isced97_5,2003,44.14
tjk,sex_t,age_10yrbands_y15_24,edu_isced97_5,2007,58.67
tjk,sex_t,age_10yrbands_y15_24,edu_isced97_5,2009,35.34
tjk,sex_t,age_10yrbands_y15_24,edu_isced97_total,2003,42.99
tjk,sex_t,age_10yrbands_y15_24,edu_isced97_total,2007,28.91
tjk,sex_t,age_10yrbands_y15_24,edu_isced97_total,2009,26.25
tjk,sex_t,age_10yrbands_y15_24,edu_isced97_x,2003,24.54
tjk,sex_t,age_10yrbands_y15_24,edu_isced97_x,2007,24.04
tjk,sex_t,age_10yrbands_y15_24,edu_isced97_x,2009,14.38
tjk,sex_t,age_10yrbands_y25_34,edu_aggregate_adv,2003,83.36
tjk,sex_t,age_10yrbands_y25_34,edu_aggregate_adv,2007,78.55
tjk,sex_t,age_10yrbands_y25_34,edu_aggregate_adv,2009,79.42
tjk,sex_t,age_10yrbands_y25_34,edu_aggregate_bas,2003,59.05
tjk,sex_t,age_10yrbands_y25_34,edu_aggregate_bas,2007,46.56
tjk,sex_t,age_10yrbands_y25_34,edu_aggregate_bas,2009,46.58
tjk,sex_t,age_10yrbands_y25_34,edu_aggregate_int,2003,66.9
tjk,sex_t,age_10yrbands_y25_34,edu_aggregate_int,2007,54.76
tjk,sex_t,age_10yrbands_y25_34,edu_aggregate_int,2009,49.91
tjk,sex_t,age_10yrbands_y25_34,edu_aggregate_ltb,2003,27.53
tjk,sex_t,age_10yrbands_y25_34,edu_aggregate_ltb,2007,17.33
tjk,sex_t,age_10yrbands_y25_34,edu_aggregate_ltb,2009,33.04
tjk,sex_t,age_10yrbands_y25_34,edu_aggregate_total,2003,66.98
tjk,sex_t,age_10yrbands_y25_34,edu_aggregate_total,2007,55.57
tjk,sex_t,age_10yrbands_y25_34,edu_aggregate_total,2009,52.88
tjk,sex_t,age_10yrbands_y25_34,edu_isced97_1,2003,54.94
tjk,sex_t,age_10yrbands_y25_34,edu_isced97_1,2007,43.96
tjk,sex_t,age_10yrbands_y25_34,edu_isced97_1,2009,40.25
tjk,sex_t,age_10yrbands_y25_34,edu_isced97_2,2003,59.66
tjk,sex_t,age_10yrbands_y25_34,edu_isced97_2,2007,46.91
tjk,sex_t,age_10yrbands_y25_34,edu_isced97_2,2009,47.89
tjk,sex_t,age_10yrbands_y25_34,edu_isced97_3,2003,66.9
tjk,sex_t,age_10yrbands_y25_34,edu_isced97_3,2007,54.76
tjk,sex_t,age_10yrbands_y25_34,edu_isced97_3,2009,49.91
tjk,sex_t,age_10yrbands_y25_34,edu_isced97_5,2003,83.31
tjk,sex_t,age_10yrbands_y25_34,edu_isced97_5,2007,78.34
tjk,sex_t,age_10yrbands_y25_34,edu_isced97_5,2009,79.42
tjk,sex_t,age_10yrbands_y25_34,edu_isced97_total,2003,66.98
tjk,sex_t,age_10yrbands_y25_34,edu_isced97_total,2007,55.57
tjk,sex_t,age_10yrbands_y25_34,edu_isced97_total,2009,52.88
tjk,sex_t,age_10yrbands_y25_34,edu_isced97_x,2003,27.53
tjk,sex_t,age_10yrbands_y25_34,edu_isced97_x,2007,17.33
tjk,sex_t,age_10yrbands_y25_34,edu_isced97_x,2009,33.04
tjk,sex_t,age_10yrbands_y35_44,edu_aggregate_adv,2003,88.68
tjk,sex_t,age_10yrbands_y35_44,edu_aggregate_adv,2007,84.93
tjk,sex_t,age_10yrbands_y35_44,edu_aggregate_adv,2009,86.37
tjk,sex_t,age_10yrbands_y35_44,edu_aggregate_bas,2003,61.8
tjk,sex_t,age_10yrbands_y35_44,edu_aggregate_bas,2007,58.47
tjk,sex_t,age_10yrbands_y35_44,edu_aggregate_bas,2009,52.27
tjk,sex_t,age_10yrbands_y35_44,edu_aggregate_int,2003,75.23
tjk,sex_t,age_10yrbands_y35_44,edu_aggregate_int,2007,64.21
tjk,sex_t,age_10yrbands_y35_44,edu_aggregate_int,2009,60.02
tjk,sex_t,age_10yrbands_y35_44,edu_aggregate_ltb,2003,47.74
tjk,sex_t,age_10yrbands_y35_44,edu_aggregate_ltb,2007,38.38
tjk,sex_t,age_10yrbands_y35_44,edu_aggregate_ltb,2009,26.09
tjk,sex_t,age_10yrbands_y35_44,edu_aggregate_total,2003,75.26
tjk,sex_t,age_10yrbands_y35_44,edu_aggregate_total,2007,65.86
tjk,sex_t,age_10yrbands_y35_44,edu_aggregate_total,2009,61.39
tjk,sex_t,age_10yrbands_y35_44,edu_isced97_1,2003,64.18
tjk,sex_t,age_10yrbands_y35_44,edu_isced97_1,2007,60.69
tjk,sex_t,age_10yrbands_y35_44,edu_isced97_1,2009,31.09
tjk,sex_t,age_10yrbands_y35_44,edu_isced97_2,2003,61.33
tjk,sex_t,age_10yrbands_y35_44,edu_isced97_2,2007,58.14
tjk,sex_t,age_10yrbands_y35_44,edu_isced97_2,2009,58.42
tjk,sex_t,age_10yrbands_y35_44,edu_isced97_3,2003,75.23
tjk,sex_t,age_10yrbands_y35_44,edu_isced97_3,2007,64.21
tjk,sex_t,age_10yrbands_y35_44,edu_isced97_3,2009,60.02
tjk,sex_t,age_10yrbands_y35_44,edu_isced97_5,2003,88.51
tjk,sex_t,age_10yrbands_y35_44,edu_isced97_5,2007,84.87
tjk,sex_t,age_10yrbands_y35_44,edu_isced97_5,2009,86.37
tjk,sex_t,age_10yrbands_y35_44,edu_isced97_6,2003,100
tjk,sex_t,age_10yrbands_y35_44,edu_isced97_total,2003,75.26
tjk,sex_t,age_10yrbands_y35_44,edu_isced97_total,2007,65.86
tjk,sex_t,age_10yrbands_y35_44,edu_isced97_total,2009,61.39
tjk,sex_t,age_10yrbands_y35_44,edu_isced97_x,2003,47.74
tjk,sex_t,age_10yrbands_y35_44,edu_isced97_x,2007,38.38
tjk,sex_t,age_10yrbands_y35_44,edu_isced97_x,2009,26.09
tjk,sex_t,age_10yrbands_y45_54,edu_aggregate_adv,2003,89.41
tjk,sex_t,age_10yrbands_y45_54,edu_aggregate_adv,2007,85.02
tjk,sex_t,age_10yrbands_y45_54,edu_aggregate_adv,2009,84.89
tjk,sex_t,age_10yrbands_y45_54,edu_aggregate_bas,2003,60.27
tjk,sex_t,age_10yrbands_y45_54,edu_aggregate_bas,2007,46.08
tjk,sex_t,age_10yrbands_y45_54,edu_aggregate_bas,2009,56.34
tjk,sex_t,age_10yrbands_y45_54,edu_aggregate_int,2003,67.77
tjk,sex_t,age_10yrbands_y45_54,edu_aggregate_int,2007,61.69
tjk,sex_t,age_10yrbands_y45_54,edu_aggregate_int,2009,59.3
tjk,sex_t,age_10yrbands_y45_54,edu_aggregate_ltb,2003,39.46
tjk,sex_t,age_10yrbands_y45_54,edu_aggregate_ltb,2007,34.78
tjk,sex_t,age_10yrbands_y45_54,edu_aggregate_ltb,2009,46.76
tjk,sex_t,age_10yrbands_y45_54,edu_aggregate_total,2003,69.04
tjk,sex_t,age_10yrbands_y45_54,edu_aggregate_total,2007,61.57
tjk,sex_t,age_10yrbands_y45_54,edu_aggregate_total,2009,61.85
tjk,sex_t,age_10yrbands_y45_54,edu_isced97_1,2003,49.08
tjk,sex_t,age_10yrbands_y45_54,edu_isced97_1,2007,40.9
tjk,sex_t,age_10yrbands_y45_54,edu_isced97_1,2009,50.89
tjk,sex_t,age_10yrbands_y45_54,edu_isced97_2,2003,62.08
tjk,sex_t,age_10yrbands_y45_54,edu_isced97_2,2007,46.97
tjk,sex_t,age_10yrbands_y45_54,edu_isced97_2,2009,57.51
tjk,sex_t,age_10yrbands_y45_54,edu_isced97_3,2003,67.77
tjk,sex_t,age_10yrbands_y45_54,edu_isced97_3,2007,61.69
tjk,sex_t,age_10yrbands_y45_54,edu_isced97_3,2009,59.3
tjk,sex_t,age_10yrbands_y45_54,edu_isced97_5,2003,89.31
tjk,sex_t,age_10yrbands_y45_54,edu_isced97_5,2007,84.95
tjk,sex_t,age_10yrbands_y45_54,edu_isced97_5,2009,84.89
tjk,sex_t,age_10yrbands_y45_54,edu_isced97_total,2003,69.04
tjk,sex_t,age_10yrbands_y45_54,edu_isced97_total,2007,61.57
tjk,sex_t,age_10yrbands_y45_54,edu_isced97_total,2009,61.85
tjk,sex_t,age_10yrbands_y45_54,edu_isced97_x,2003,39.46
tjk,sex_t,age_10yrbands_y45_54,edu_isced97_x,2007,34.78
tjk,sex_t,age_10yrbands_y45_54,edu_isced97_x,2009,46.76
tjk,sex_t,age_10yrbands_y55_64,edu_aggregate_adv,2003,74.54
tjk,sex_t,age_10yrbands_y55_64,edu_aggregate_adv,2007,74.29
tjk,sex_t,age_10yrbands_y55_64,edu_aggregate_adv,2009,67.13
tjk,sex_t,age_10yrbands_y55_64,edu_aggregate_bas,2003,36.21
tjk,sex_t,age_10yrbands_y55_64,edu_aggregate_bas,2007,26.98
tjk,sex_t,age_10yrbands_y55_64,edu_aggregate_bas,2009,32.82
tjk,sex_t,age_10yrbands_y55_64,edu_aggregate_int,2003,53.47
tjk,sex_t,age_10yrbands_y55_64,edu_aggregate_int,2007,51.16
tjk,sex_t,age_10yrbands_y55_64,edu_aggregate_int,2009,41.42
tjk,sex_t,age_10yrbands_y55_64,edu_aggregate_ltb,2003,17.81
tjk,sex_t,age_10yrbands_y55_64,edu_aggregate_ltb,2007,21.02
tjk,sex_t,age_10yrbands_y55_64,edu_aggregate_ltb,2009,41.76
tjk,sex_t,age_10yrbands_y55_64,edu_aggregate_total,2003,46.49
tjk,sex_t,age_10yrbands_y55_64,edu_aggregate_total,2007,45.94
tjk,sex_t,age_10yrbands_y55_64,edu_aggregate_total,2009,43.11
tjk,sex_t,age_10yrbands_y55_64,edu_isced97_1,2003,29.95
tjk,sex_t,age_10yrbands_y55_64,edu_isced97_1,2007,18.02
tjk,sex_t,age_10yrbands_y55_64,edu_isced97_1,2009,28.87
tjk,sex_t,age_10yrbands_y55_64,edu_isced97_2,2003,40.28
tjk,sex_t,age_10yrbands_y55_64,edu_isced97_2,2007,31.06
tjk,sex_t,age_10yrbands_y55_64,edu_isced97_2,2009,34.15
tjk,sex_t,age_10yrbands_y55_64,edu_isced97_3,2003,53.47
tjk,sex_t,age_10yrbands_y55_64,edu_isced97_3,2007,51.16
tjk,sex_t,age_10yrbands_y55_64,edu_isced97_3,2009,41.42
tjk,sex_t,age_10yrbands_y55_64,edu_isced97_5,2003,74.18
tjk,sex_t,age_10yrbands_y55_64,edu_isced97_5,2007,74.29
tjk,sex_t,age_10yrbands_y55_64,edu_isced97_5,2009,66.58
tjk,sex_t,age_10yrbands_y55_64,edu_isced97_total,2003,46.49
tjk,sex_t,age_10yrbands_y55_64,edu_isced97_total,2007,45.94
tjk,sex_t,age_10yrbands_y55_64,edu_isced97_total,2009,43.11
tjk,sex_t,age_10yrbands_y55_64,edu_isced97_x,2003,17.81
tjk,sex_t,age_10yrbands_y55_64,edu_isced97_x,2007,21.02
tjk,sex_t,age_10yrbands_y55_64,edu_isced97_x,2009,41.76
tjk,sex_t,age_10yrbands_yge65,edu_aggregate_adv,2003,34.63
tjk,sex_t,age_10yrbands_yge65,edu_aggregate_adv,2007,30.53
tjk,sex_t,age_10yrbands_yge65,edu_aggregate_adv,2009,35.03
tjk,sex_t,age_10yrbands_yge65,edu_aggregate_bas,2003,12.48
tjk,sex_t,age_10yrbands_yge65,edu_aggregate_bas,2007,7.47
tjk,sex_t,age_10yrbands_yge65,edu_aggregate_bas,2009,7.18
tjk,sex_t,age_10yrbands_yge65,edu_aggregate_int,2003,17.59
tjk,sex_t,age_10yrbands_yge65,edu_aggregate_int,2007,18.03
tjk,sex_t,age_10yrbands_yge65,edu_aggregate_int,2009,8.09
tjk,sex_t,age_10yrbands_yge65,edu_aggregate_ltb,2003,6.67
tjk,sex_t,age_10yrbands_yge65,edu_aggregate_ltb,2007,4.57
tjk,sex_t,age_10yrbands_yge65,edu_aggregate_total,2003,13.33
tjk,sex_t,age_10yrbands_yge65,edu_aggregate_total,2007,10.94
tjk,sex_t,age_10yrbands_yge65,edu_aggregate_total,2009,9.3
tjk,sex_t,age_10yrbands_yge65,edu_isced97_1,2003,10.93
tjk,sex_t,age_10yrbands_yge65,edu_isced97_1,2007,5.5
tjk,sex_t,age_10yrbands_yge65,edu_isced97_2,2003,14.47
tjk,sex_t,age_10yrbands_yge65,edu_isced97_2,2007,10.04
tjk,sex_t,age_10yrbands_yge65,edu_isced97_2,2009,11.18
tjk,sex_t,age_10yrbands_yge65,edu_isced97_3,2003,17.59
tjk,sex_t,age_10yrbands_yge65,edu_isced97_3,2007,18.03
tjk,sex_t,age_10yrbands_yge65,edu_isced97_3,2009,8.09
tjk,sex_t,age_10yrbands_yge65,edu_isced97_5,2003,34.33
tjk,sex_t,age_10yrbands_yge65,edu_isced97_5,2007,29.18
tjk,sex_t,age_10yrbands_yge65,edu_isced97_5,2009,31.5
tjk,sex_t,age_10yrbands_yge65,edu_isced97_total,2003,13.33
tjk,sex_t,age_10yrbands_yge65,edu_isced97_total,2007,10.94
tjk,sex_t,age_10yrbands_yge65,edu_isced97_total,2009,9.3
tjk,sex_t,age_10yrbands_yge65,edu_isced97_x,2003,6.67
tjk,sex_t,age_10yrbands_yge65,edu_isced97_x,2007,4.57
tjk,sex_t,age_aggregate_total,edu_aggregate_adv,2003,78.1
tjk,sex_t,age_aggregate_total,edu_aggregate_adv,2007,76
tjk,sex_t,age_aggregate_total,edu_aggregate_adv,2009,72.78
tjk,sex_t,age_aggregate_total,edu_aggregate_bas,2003,38.32
tjk,sex_t,age_aggregate_total,edu_aggregate_bas,2007,27.39
tjk,sex_t,age_aggregate_total,edu_aggregate_bas,2009,28.12
tjk,sex_t,age_aggregate_total,edu_aggregate_int,2003,61.84
tjk,sex_t,age_aggregate_total,edu_aggregate_int,2007,50.65
tjk,sex_t,age_aggregate_total,edu_aggregate_int,2009,45.54
tjk,sex_t,age_aggregate_total,edu_aggregate_ltb,2003,17.98
tjk,sex_t,age_aggregate_total,edu_aggregate_ltb,2007,16.56
tjk,sex_t,age_aggregate_total,edu_aggregate_ltb,2009,22.31
tjk,sex_t,age_aggregate_total,edu_aggregate_total,2003,55.01
tjk,sex_t,age_aggregate_total,edu_aggregate_total,2007,44.7
tjk,sex_t,age_aggregate_total,edu_aggregate_total,2009,42.51
tjk,sex_t,age_aggregate_total,edu_isced11_2,2016,27.84
tjk,sex_t,age_aggregate_total,edu_isced11_3,2016,42
tjk,sex_t,age_aggregate_total,edu_isced11_4,2016,66.13
tjk,sex_t,age_aggregate_total,edu_isced11_5,2016,60.3
tjk,sex_t,age_aggregate_total,edu_isced11_6,2016,68.04
tjk,sex_t,age_aggregate_total,edu_isced11_7,2016,69.51
tjk,sex_t,age_aggregate_total,edu_isced11_8,2016,35.01
tjk,sex_t,age_aggregate_total,edu_isced11_total,2016,42.38
tjk,sex_t,age_aggregate_total,edu_isced11_x,2016,18.2
tjk,sex_t,age_aggregate_total,edu_isced97_1,2003,28.58
tjk,sex_t,age_aggregate_total,edu_isced97_1,2007,15.31
tjk,sex_t,age_aggregate_total,edu_isced97_1,2009,16.76
tjk,sex_t,age_aggregate_total,edu_isced97_2,2003,41.64
tjk,sex_t,age_aggregate_total,edu_isced97_2,2007,32.23
tjk,sex_t,age_aggregate_total,edu_isced97_2,2009,32.53
tjk,sex_t,age_aggregate_total,edu_isced97_3,2003,61.84
tjk,sex_t,age_aggregate_total,edu_isced97_3,2007,50.65
tjk,sex_t,age_aggregate_total,edu_isced97_3,2009,45.54
tjk,sex_t,age_aggregate_total,edu_isced97_5,2003,77.95
tjk,sex_t,age_aggregate_total,edu_isced97_5,2007,75.95
tjk,sex_t,age_aggregate_total,edu_isced97_5,2009,72.65
tjk,sex_t,age_aggregate_total,edu_isced97_6,2003,93.24
tjk,sex_t,age_aggregate_total,edu_isced97_6,2007,83.37
tjk,sex_t,age_aggregate_total,edu_isced97_total,2003,55.01
tjk,sex_t,age_aggregate_total,edu_isced97_total,2007,44.7
tjk,sex_t,age_aggregate_total,edu_isced97_total,2009,42.51
tjk,sex_t,age_aggregate_total,edu_isced97_x,2003,17.98
tjk,sex_t,age_aggregate_total,edu_isced97_x,2007,16.56
tjk,sex_t,age_aggregate_total,edu_isced97_x,2009,22.31
tjk,sex_t,age_aggregate_y15_24,edu_aggregate_adv,2003,44.14
tjk,sex_t,age_aggregate_y15_24,edu_aggregate_adv,2007,58.39
tjk,sex_t,age_aggregate_y15_24,edu_aggregate_adv,2009,35.34
tjk,sex_t,age_aggregate_y15_24,edu_aggregate_bas,2003,35.64
tjk,sex_t,age_aggregate_y15_24,edu_aggregate_bas,2007,21.23
tjk,sex_t,age_aggregate_y15_24,edu_aggregate_bas,2009,18.95
tjk,sex_t,age_aggregate_y15_24,edu_aggregate_int,2003,49.45
tjk,sex_t,age_aggregate_y15_24,edu_aggregate_int,2007,35
tjk,sex_t,age_aggregate_y15_24,edu_aggregate_int,2009,31.78
tjk,sex_t,age_aggregate_y15_24,edu_aggregate_ltb,2003,24.54
tjk,sex_t,age_aggregate_y15_24,edu_aggregate_ltb,2007,24.04
tjk,sex_t,age_aggregate_y15_24,edu_aggregate_ltb,2009,14.38
tjk,sex_t,age_aggregate_y15_24,edu_aggregate_total,2003,42.99
tjk,sex_t,age_aggregate_y15_24,edu_aggregate_total,2007,28.91
tjk,sex_t,age_aggregate_y15_24,edu_aggregate_total,2009,26.25
tjk,sex_t,age_aggregate_y15_24,edu_isced97_1,2003,31.15
tjk,sex_t,age_aggregate_y15_24,edu_isced97_1,2007,12.32
tjk,sex_t,age_aggregate_y15_24,edu_isced97_1,2009,11.43
tjk,sex_t,age_aggregate_y15_24,edu_isced97_2,2003,36.85
tjk,sex_t,age_aggregate_y15_24,edu_isced97_2,2007,25.07
tjk,sex_t,age_aggregate_y15_24,edu_isced97_2,2009,21.93
tjk,sex_t,age_aggregate_y15_24,edu_isced97_3,2003,49.45
tjk,sex_t,age_aggregate_y15_24,edu_isced97_3,2007,35
tjk,sex_t,age_aggregate_y15_24,edu_isced97_3,2009,31.78
tjk,sex_t,age_aggregate_y15_24,edu_isced97_5,2003,44.14
tjk,sex_t,age_aggregate_y15_24,edu_isced97_5,2007,58.67
tjk,sex_t,age_aggregate_y15_24,edu_isced97_5,2009,35.34
tjk,sex_t,age_aggregate_y15_24,edu_isced97_total,2003,42.99
tjk,sex_t,age_aggregate_y15_24,edu_isced97_total,2007,28.91
tjk,sex_t,age_aggregate_y15_24,edu_isced97_total,2009,26.25
tjk,sex_t,age_aggregate_y15_24,edu_isced97_x,2003,24.54
tjk,sex_t,age_aggregate_y15_24,edu_isced97_x,2007,24.04
tjk,sex_t,age_aggregate_y15_24,edu_isced97_x,2009,14.38
tjk,sex_t,age_aggregate_y25_54,edu_aggregate_adv,2003,87.16
tjk,sex_t,age_aggregate_y25_54,edu_aggregate_adv,2007,82.48
tjk,sex_t,age_aggregate_y25_54,edu_aggregate_adv,2009,82.84
tjk,sex_t,age_aggregate_y25_54,edu_aggregate_bas,2003,60.2
tjk,sex_t,age_aggregate_y25_54,edu_aggregate_bas,2007,49.24
tjk,sex_t,age_aggregate_y25_54,edu_aggregate_bas,2009,50.66
tjk,sex_t,age_aggregate_y25_54,edu_aggregate_int,2003,70.04
tjk,sex_t,age_aggregate_y25_54,edu_aggregate_int,2007,59.79
tjk,sex_t,age_aggregate_y25_54,edu_aggregate_int,2009,55.74
tjk,sex_t,age_aggregate_y25_54,edu_aggregate_ltb,2003,38.07
tjk,sex_t,age_aggregate_y25_54,edu_aggregate_ltb,2007,28.74
tjk,sex_t,age_aggregate_y25_54,edu_aggregate_ltb,2009,35.01
tjk,sex_t,age_aggregate_y25_54,edu_aggregate_total,2003,70.32
tjk,sex_t,age_aggregate_y25_54,edu_aggregate_total,2007,60.51
tjk,sex_t,age_aggregate_y25_54,edu_aggregate_total,2009,57.91
tjk,sex_t,age_aggregate_y25_54,edu_isced97_1,2003,55.82
tjk,sex_t,age_aggregate_y25_54,edu_isced97_1,2007,46.89
tjk,sex_t,age_aggregate_y25_54,edu_isced97_1,2009,40.85
tjk,sex_t,age_aggregate_y25_54,edu_isced97_2,2003,60.93
tjk,sex_t,age_aggregate_y25_54,edu_isced97_2,2007,49.58
tjk,sex_t,age_aggregate_y25_54,edu_isced97_2,2009,52.89
tjk,sex_t,age_aggregate_y25_54,edu_isced97_3,2003,70.04
tjk,sex_t,age_aggregate_y25_54,edu_isced97_3,2007,59.79
tjk,sex_t,age_aggregate_y25_54,edu_isced97_3,2009,55.74
tjk,sex_t,age_aggregate_y25_54,edu_isced97_5,2003,87.04
tjk,sex_t,age_aggregate_y25_54,edu_isced97_5,2007,82.37
tjk,sex_t,age_aggregate_y25_54,edu_isced97_5,2009,82.84
tjk,sex_t,age_aggregate_y25_54,edu_isced97_6,2003,100
tjk,sex_t,age_aggregate_y25_54,edu_isced97_6,2007,100
tjk,sex_t,age_aggregate_y25_54,edu_isced97_total,2003,70.32
tjk,sex_t,age_aggregate_y25_54,edu_isced97_total,2007,60.51
tjk,sex_t,age_aggregate_y25_54,edu_isced97_total,2009,57.91
tjk,sex_t,age_aggregate_y25_54,edu_isced97_x,2003,38.07
tjk,sex_t,age_aggregate_y25_54,edu_isced97_x,2007,28.74
tjk,sex_t,age_aggregate_y25_54,edu_isced97_x,2009,35.01
tjk,sex_t,age_aggregate_y55_64,edu_aggregate_adv,2003,74.54
tjk,sex_t,age_aggregate_y55_64,edu_aggregate_adv,2007,74.29
tjk,sex_t,age_aggregate_y55_64,edu_aggregate_adv,2009,67.13
tjk,sex_t,age_aggregate_y55_64,edu_aggregate_bas,2003,36.21
tjk,sex_t,age_aggregate_y55_64,edu_aggregate_bas,2007,26.98
tjk,sex_t,age_aggregate_y55_64,edu_aggregate_bas,2009,32.82
tjk,sex_t,age_aggregate_y55_64,edu_aggregate_int,2003,53.47
tjk,sex_t,age_aggregate_y55_64,edu_aggregate_int,2007,51.16
tjk,sex_t,age_aggregate_y55_64,edu_aggregate_int,2009,41.42
tjk,sex_t,age_aggregate_y55_64,edu_aggregate_ltb,2003,17.81
tjk,sex_t,age_aggregate_y55_64,edu_aggregate_ltb,2007,21.02
tjk,sex_t,age_aggregate_y55_64,edu_aggregate_ltb,2009,41.76
tjk,sex_t,age_aggregate_y55_64,edu_aggregate_total,2003,46.49
tjk,sex_t,age_aggregate_y55_64,edu_aggregate_total,2007,45.94
tjk,sex_t,age_aggregate_y55_64,edu_aggregate_total,2009,43.11
tjk,sex_t,age_aggregate_y55_64,edu_isced97_1,2003,29.95
tjk,sex_t,age_aggregate_y55_64,edu_isced97_1,2007,18.02
tjk,sex_t,age_aggregate_y55_64,edu_isced97_1,2009,28.87
tjk,sex_t,age_aggregate_y55_64,edu_isced97_2,2003,40.28
tjk,sex_t,age_aggregate_y55_64,edu_isced97_2,2007,31.06
tjk,sex_t,age_aggregate_y55_64,edu_isced97_2,2009,34.15
tjk,sex_t,age_aggregate_y55_64,edu_isced97_3,2003,53.47
tjk,sex_t,age_aggregate_y55_64,edu_isced97_3,2007,51.16
tjk,sex_t,age_aggregate_y55_64,edu_isced97_3,2009,41.42
tjk,sex_t,age_aggregate_y55_64,edu_isced97_5,2003,74.18
tjk,sex_t,age_aggregate_y55_64,edu_isced97_5,2007,74.29
tjk,sex_t,age_aggregate_y55_64,edu_isced97_5,2009,66.58
tjk,sex_t,age_aggregate_y55_64,edu_isced97_total,2003,46.49
tjk,sex_t,age_aggregate_y55_64,edu_isced97_total,2007,45.94
tjk,sex_t,age_aggregate_y55_64,edu_isced97_total,2009,43.11
tjk,sex_t,age_aggregate_y55_64,edu_isced97_x,2003,17.81
tjk,sex_t,age_aggregate_y55_64,edu_isced97_x,2007,21.02
tjk,sex_t,age_aggregate_y55_64,edu_isced97_x,2009,41.76
tjk,sex_t,age_aggregate_yge65,edu_aggregate_adv,2003,34.63
tjk,sex_t,age_aggregate_yge65,edu_aggregate_adv,2007,30.53
tjk,sex_t,age_aggregate_yge65,edu_aggregate_adv,2009,35.03
tjk,sex_t,age_aggregate_yge65,edu_aggregate_bas,2003,12.48
tjk,sex_t,age_aggregate_yge65,edu_aggregate_bas,2007,7.47
tjk,sex_t,age_aggregate_yge65,edu_aggregate_bas,2009,7.18
tjk,sex_t,age_aggregate_yge65,edu_aggregate_int,2003,17.59
tjk,sex_t,age_aggregate_yge65,edu_aggregate_int,2007,18.03
tjk,sex_t,age_aggregate_yge65,edu_aggregate_int,2009,8.09
tjk,sex_t,age_aggregate_yge65,edu_aggregate_ltb,2003,6.67
tjk,sex_t,age_aggregate_yge65,edu_aggregate_ltb,2007,4.57
tjk,sex_t,age_aggregate_yge65,edu_aggregate_total,2003,13.33
tjk,sex_t,age_aggregate_yge65,edu_aggregate_total,2007,10.94
tjk,sex_t,age_aggregate_yge65,edu_aggregate_total,2009,9.3
tjk,sex_t,age_aggregate_yge65,edu_isced97_1,2003,10.93
tjk,sex_t,age_aggregate_yge65,edu_isced97_1,2007,5.5
tjk,sex_t,age_aggregate_yge65,edu_isced97_2,2003,14.47
tjk,sex_t,age_aggregate_yge65,edu_isced97_2,2007,10.04
tjk,sex_t,age_aggregate_yge65,edu_isced97_2,2009,11.18
tjk,sex_t,age_aggregate_yge65,edu_isced97_3,2003,17.59
tjk,sex_t,age_aggregate_yge65,edu_isced97_3,2007,18.03
tjk,sex_t,age_aggregate_yge65,edu_isced97_3,2009,8.09
tjk,sex_t,age_aggregate_yge65,edu_isced97_5,2003,34.33
tjk,sex_t,age_aggregate_yge65,edu_isced97_5,2007,29.18
tjk,sex_t,age_aggregate_yge65,edu_isced97_5,2009,31.5
tjk,sex_t,age_aggregate_yge65,edu_isced97_total,2003,13.33
tjk,sex_t,age_aggregate_yge65,edu_isced97_total,2007,10.94
tjk,sex_t,age_aggregate_yge65,edu_isced97_total,2009,9.3
tjk,sex_t,age_aggregate_yge65,edu_isced97_x,2003,6.67
tjk,sex_t,age_aggregate_yge65,edu_isced97_x,2007,4.57
tjk,sex_t,age_ythadult_y15_24,edu_aggregate_adv,2003,44.14
tjk,sex_t,age_ythadult_y15_24,edu_aggregate_adv,2007,58.39
tjk,sex_t,age_ythadult_y15_24,edu_aggregate_adv,2009,35.34
tjk,sex_t,age_ythadult_y15_24,edu_aggregate_bas,2003,35.64
tjk,sex_t,age_ythadult_y15_24,edu_aggregate_bas,2007,21.23
tjk,sex_t,age_ythadult_y15_24,edu_aggregate_bas,2009,18.95
tjk,sex_t,age_ythadult_y15_24,edu_aggregate_int,2003,49.45
tjk,sex_t,age_ythadult_y15_24,edu_aggregate_int,2007,35
tjk,sex_t,age_ythadult_y15_24,edu_aggregate_int,2009,31.78
tjk,sex_t,age_ythadult_y15_24,edu_aggregate_ltb,2003,24.54
tjk,sex_t,age_ythadult_y15_24,edu_aggregate_ltb,2007,24.04
tjk,sex_t,age_ythadult_y15_24,edu_aggregate_ltb,2009,14.38
tjk,sex_t,age_ythadult_y15_24,edu_aggregate_total,2003,42.99
tjk,sex_t,age_ythadult_y15_24,edu_aggregate_total,2007,28.91
tjk,sex_t,age_ythadult_y15_24,edu_aggregate_total,2009,26.25
tjk,sex_t,age_ythadult_y15_24,edu_isced97_1,2003,31.15
tjk,sex_t,age_ythadult_y15_24,edu_isced97_1,2007,12.32
tjk,sex_t,age_ythadult_y15_24,edu_isced97_1,2009,11.43
tjk,sex_t,age_ythadult_y15_24,edu_isced97_2,2003,36.85
tjk,sex_t,age_ythadult_y15_24,edu_isced97_2,2007,25.07
tjk,sex_t,age_ythadult_y15_24,edu_isced97_2,2009,21.93
tjk,sex_t,age_ythadult_y15_24,edu_isced97_3,2003,49.45
tjk,sex_t,age_ythadult_y15_24,edu_isced97_3,2007,35
tjk,sex_t,age_ythadult_y15_24,edu_isced97_3,2009,31.78
tjk,sex_t,age_ythadult_y15_24,edu_isced97_5,2003,44.14
tjk,sex_t,age_ythadult_y15_24,edu_isced97_5,2007,58.67
tjk,sex_t,age_ythadult_y15_24,edu_isced97_5,2009,35.34
tjk,sex_t,age_ythadult_y15_24,edu_isced97_total,2003,42.99
tjk,sex_t,age_ythadult_y15_24,edu_isced97_total,2007,28.91
tjk,sex_t,age_ythadult_y15_24,edu_isced97_total,2009,26.25
tjk,sex_t,age_ythadult_y15_24,edu_isced97_x,2003,24.54
tjk,sex_t,age_ythadult_y15_24,edu_isced97_x,2007,24.04
tjk,sex_t,age_ythadult_y15_24,edu_isced97_x,2009,14.38
tjk,sex_t,age_ythadult_y15_64,edu_aggregate_adv,2003,81.22
tjk,sex_t,age_ythadult_y15_64,edu_aggregate_adv,2007,78.86
tjk,sex_t,age_ythadult_y15_64,edu_aggregate_adv,2009,74.95
tjk,sex_t,age_ythadult_y15_64,edu_aggregate_bas,2003,41.97
tjk,sex_t,age_ythadult_y15_64,edu_aggregate_bas,2007,29.85
tjk,sex_t,age_ythadult_y15_64,edu_aggregate_bas,2009,30.55
tjk,sex_t,age_ythadult_y15_64,edu_aggregate_int,2003,62.72
tjk,sex_t,age_ythadult_y15_64,edu_aggregate_int,2007,51.55
tjk,sex_t,age_ythadult_y15_64,edu_aggregate_int,2009,46.82
tjk,sex_t,age_ythadult_y15_64,edu_aggregate_ltb,2003,28.45
tjk,sex_t,age_ythadult_y15_64,edu_aggregate_ltb,2007,25.18
tjk,sex_t,age_ythadult_y15_64,edu_aggregate_ltb,2009,28.85
tjk,sex_t,age_ythadult_y15_64,edu_aggregate_total,2003,58.21
tjk,sex_t,age_ythadult_y15_64,edu_aggregate_total,2007,47.19
tjk,sex_t,age_ythadult_y15_64,edu_aggregate_total,2009,44.7
tjk,sex_t,age_ythadult_y15_64,edu_isced97_1,2003,35.21
tjk,sex_t,age_ythadult_y15_64,edu_isced97_1,2007,18.03
tjk,sex_t,age_ythadult_y15_64,edu_isced97_1,2009,20.06
tjk,sex_t,age_ythadult_y15_64,edu_isced97_2,2003,43.78
tjk,sex_t,age_ythadult_y15_64,edu_isced97_2,2007,33.83
tjk,sex_t,age_ythadult_y15_64,edu_isced97_2,2009,34.02
tjk,sex_t,age_ythadult_y15_64,edu_isced97_3,2003,62.72
tjk,sex_t,age_ythadult_y15_64,edu_isced97_3,2007,51.55
tjk,sex_t,age_ythadult_y15_64,edu_isced97_3,2009,46.82
tjk,sex_t,age_ythadult_y15_64,edu_isced97_5,2003,81.06
tjk,sex_t,age_ythadult_y15_64,edu_isced97_5,2007,78.8
tjk,sex_t,age_ythadult_y15_64,edu_isced97_5,2009,74.9
tjk,sex_t,age_ythadult_y15_64,edu_isced97_total,2003,58.21
tjk,sex_t,age_ythadult_y15_64,edu_isced97_total,2007,47.19
tjk,sex_t,age_ythadult_y15_64,edu_isced97_total,2009,44.7
tjk,sex_t,age_ythadult_y15_64,edu_isced97_x,2003,28.45
tjk,sex_t,age_ythadult_y15_64,edu_isced97_x,2007,25.18
tjk,sex_t,age_ythadult_y15_64,edu_isced97_x,2009,28.85
tjk,sex_t,age_ythadult_yge15,edu_aggregate_adv,2003,78.1
tjk,sex_t,age_ythadult_yge15,edu_aggregate_adv,2007,76
tjk,sex_t,age_ythadult_yge15,edu_aggregate_adv,2009,72.78
tjk,sex_t,age_ythadult_yge15,edu_aggregate_bas,2003,38.32
tjk,sex_t,age_ythadult_yge15,edu_aggregate_bas,2007,27.39
tjk,sex_t,age_ythadult_yge15,edu_aggregate_bas,2009,28.12
tjk,sex_t,age_ythadult_yge15,edu_aggregate_int,2003,61.84
tjk,sex_t,age_ythadult_yge15,edu_aggregate_int,2007,50.65
tjk,sex_t,age_ythadult_yge15,edu_aggregate_int,2009,45.54
tjk,sex_t,age_ythadult_yge15,edu_aggregate_ltb,2003,17.98
tjk,sex_t,age_ythadult_yge15,edu_aggregate_ltb,2007,16.56
tjk,sex_t,age_ythadult_yge15,edu_aggregate_ltb,2009,22.31
tjk,sex_t,age_ythadult_yge15,edu_aggregate_total,2003,55.01
tjk,sex_t,age_ythadult_yge15,edu_aggregate_total,2007,44.7
tjk,sex_t,age_ythadult_yge15,edu_aggregate_total,2009,42.51
tjk,sex_t,age_ythadult_yge15,edu_isced11_2,2016,27.84
tjk,sex_t,age_ythadult_yge15,edu_isced11_3,2016,42
tjk,sex_t,age_ythadult_yge15,edu_isced11_4,2016,66.13
tjk,sex_t,age_ythadult_yge15,edu_isced11_5,2016,60.3
tjk,sex_t,age_ythadult_yge15,edu_isced11_6,2016,68.04
tjk,sex_t,age_ythadult_yge15,edu_isced11_7,2016,69.51
tjk,sex_t,age_ythadult_yge15,edu_isced11_8,2016,35.01
tjk,sex_t,age_ythadult_yge15,edu_isced11_total,2016,42.38
tjk,sex_t,age_ythadult_yge15,edu_isced11_x,2016,18.2
tjk,sex_t,age_ythadult_yge15,edu_isced97_1,2003,28.58
tjk,sex_t,age_ythadult_yge15,edu_isced97_1,2007,15.31
tjk,sex_t,age_ythadult_yge15,edu_isced97_1,2009,16.76
tjk,sex_t,age_ythadult_yge15,edu_isced97_2,2003,41.64
tjk,sex_t,age_ythadult_yge15,edu_isced97_2,2007,32.23
tjk,sex_t,age_ythadult_yge15,edu_isced97_2,2009,32.53
tjk,sex_t,age_ythadult_yge15,edu_isced97_3,2003,61.84
tjk,sex_t,age_ythadult_yge15,edu_isced97_3,2007,50.65
tjk,sex_t,age_ythadult_yge15,edu_isced97_3,2009,45.54
tjk,sex_t,age_ythadult_yge15,edu_isced97_5,2003,77.95
tjk,sex_t,age_ythadult_yge15,edu_isced97_5,2007,75.95
tjk,sex_t,age_ythadult_yge15,edu_isced97_5,2009,72.65
tjk,sex_t,age_ythadult_yge15,edu_isced97_6,2003,93.24
tjk,sex_t,age_ythadult_yge15,edu_isced97_6,2007,83.37
tjk,sex_t,age_ythadult_yge15,edu_isced97_total,2003,55.01
tjk,sex_t,age_ythadult_yge15,edu_isced97_total,2007,44.7
tjk,sex_t,age_ythadult_yge15,edu_isced97_total,2009,42.51
tjk,sex_t,age_ythadult_yge15,edu_isced97_x,2003,17.98
tjk,sex_t,age_ythadult_yge15,edu_isced97_x,2007,16.56
tjk,sex_t,age_ythadult_yge15,edu_isced97_x,2009,22.31
tjk,sex_t,age_ythadult_yge25,edu_aggregate_adv,2003,81.93
tjk,sex_t,age_ythadult_yge25,edu_aggregate_adv,2007,77.95
tjk,sex_t,age_ythadult_yge25,edu_aggregate_adv,2009,77.72
tjk,sex_t,age_ythadult_yge25,edu_aggregate_bas,2003,41.91
tjk,sex_t,age_ythadult_yge25,edu_aggregate_bas,2007,35.33
tjk,sex_t,age_ythadult_yge25,edu_aggregate_bas,2009,38.44
tjk,sex_t,age_ythadult_yge25,edu_aggregate_int,2003,67.55
tjk,sex_t,age_ythadult_yge25,edu_aggregate_int,2007,57.49
tjk,sex_t,age_ythadult_yge25,edu_aggregate_int,2009,52
tjk,sex_t,age_ythadult_yge25,edu_aggregate_ltb,2003,16.69
tjk,sex_t,age_ythadult_yge25,edu_aggregate_ltb,2007,13.66
tjk,sex_t,age_ythadult_yge25,edu_aggregate_ltb,2009,25.04
tjk,sex_t,age_ythadult_yge25,edu_aggregate_total,2003,61.76
tjk,sex_t,age_ythadult_yge25,edu_aggregate_total,2007,53.66
tjk,sex_t,age_ythadult_yge25,edu_aggregate_total,2009,51.53
tjk,sex_t,age_ythadult_yge25,edu_isced97_1,2003,26.22
tjk,sex_t,age_ythadult_yge25,edu_isced97_1,2007,19.67
tjk,sex_t,age_ythadult_yge25,edu_isced97_1,2009,22.96
tjk,sex_t,age_ythadult_yge25,edu_isced97_2,2003,48.99
tjk,sex_t,age_ythadult_yge25,edu_isced97_2,2007,41.02
tjk,sex_t,age_ythadult_yge25,edu_isced97_2,2009,44.31
tjk,sex_t,age_ythadult_yge25,edu_isced97_3,2003,67.55
tjk,sex_t,age_ythadult_yge25,edu_isced97_3,2007,57.49
tjk,sex_t,age_ythadult_yge25,edu_isced97_3,2009,52
tjk,sex_t,age_ythadult_yge25,edu_isced97_5,2003,81.81
tjk,sex_t,age_ythadult_yge25,edu_isced97_5,2007,77.86
tjk,sex_t,age_ythadult_yge25,edu_isced97_5,2009,77.6
tjk,sex_t,age_ythadult_yge25,edu_isced97_6,2003,93.24
tjk,sex_t,age_ythadult_yge25,edu_isced97_6,2007,89.14
tjk,sex_t,age_ythadult_yge25,edu_isced97_total,2003,61.76
tjk,sex_t,age_ythadult_yge25,edu_isced97_total,2007,53.66
tjk,sex_t,age_ythadult_yge25,edu_isced97_total,2009,51.53
tjk,sex_t,age_ythadult_yge25,edu_isced97_x,2003,16.69
tjk,sex_t,age_ythadult_yge25,edu_isced97_x,2007,13.66
tjk,sex_t,age_ythadult_yge25,edu_isced97_x,2009,25.04
