ref_area,sex,classif1,classif2,time,mst_xwap_sex_age_cbr_nb
pan,sex_f,age_10yrbands_total,cbr_bir_foreign,1997,29.01
pan,sex_f,age_10yrbands_total,cbr_bir_foreign,2003,35.346
pan,sex_f,age_10yrbands_total,cbr_bir_foreign,2008,41.974
pan,sex_f,age_10yrbands_total,cbr_bir_foreign,2017,82.574
pan,sex_f,age_10yrbands_total,cbr_bir_foreign,2020,101.195
pan,sex_f,age_10yrbands_total,cbr_bir_native,1997,897.374
pan,sex_f,age_10yrbands_total,cbr_bir_native,2003,1025.103
pan,sex_f,age_10yrbands_total,cbr_bir_native,2008,1127.333
pan,sex_f,age_10yrbands_total,cbr_bir_native,2017,1447.978
pan,sex_f,age_10yrbands_total,cbr_bir_native,2020,1585.471
pan,sex_f,age_10yrbands_total,cbr_bir_total,1997,934.061
pan,sex_f,age_10yrbands_total,cbr_bir_total,2003,1069.455
pan,sex_f,age_10yrbands_total,cbr_bir_total,2008,1170.954
pan,sex_f,age_10yrbands_total,cbr_bir_total,2017,1530.552
pan,sex_f,age_10yrbands_total,cbr_bir_total,2020,1686.666
pan,sex_f,age_10yrbands_total,cbr_bir_x,1997,7.677
pan,sex_f,age_10yrbands_total,cbr_bir_x,2003,9.007
pan,sex_f,age_10yrbands_total,cbr_bir_x,2008,1.647
pan,sex_f,age_10yrbands_total,cbr_bir_x,2017,0
pan,sex_f,age_10yrbands_y15_24,cbr_bir_foreign,1997,4.051
pan,sex_f,age_10yrbands_y15_24,cbr_bir_foreign,2003,4.953
pan,sex_f,age_10yrbands_y15_24,cbr_bir_foreign,2008,7.264
pan,sex_f,age_10yrbands_y15_24,cbr_bir_foreign,2017,10.102
pan,sex_f,age_10yrbands_y15_24,cbr_bir_foreign,2020,11.084
pan,sex_f,age_10yrbands_y15_24,cbr_bir_native,1997,241.342
pan,sex_f,age_10yrbands_y15_24,cbr_bir_native,2003,269.673
pan,sex_f,age_10yrbands_y15_24,cbr_bir_native,2008,273.582
pan,sex_f,age_10yrbands_y15_24,cbr_bir_native,2017,333.029
pan,sex_f,age_10yrbands_y15_24,cbr_bir_native,2020,339.909
pan,sex_f,age_10yrbands_y15_24,cbr_bir_total,1997,247.92
pan,sex_f,age_10yrbands_y15_24,cbr_bir_total,2003,276.439
pan,sex_f,age_10yrbands_y15_24,cbr_bir_total,2008,281.153
pan,sex_f,age_10yrbands_y15_24,cbr_bir_total,2017,343.131
pan,sex_f,age_10yrbands_y15_24,cbr_bir_total,2020,350.993
pan,sex_f,age_10yrbands_y15_24,cbr_bir_x,1997,2.527
pan,sex_f,age_10yrbands_y15_24,cbr_bir_x,2003,1.813
pan,sex_f,age_10yrbands_y15_24,cbr_bir_x,2017,0
pan,sex_f,age_10yrbands_y25_34,cbr_bir_foreign,1997,7.03
pan,sex_f,age_10yrbands_y25_34,cbr_bir_foreign,2003,6.484
pan,sex_f,age_10yrbands_y25_34,cbr_bir_foreign,2008,9.616
pan,sex_f,age_10yrbands_y25_34,cbr_bir_foreign,2017,21.15
pan,sex_f,age_10yrbands_y25_34,cbr_bir_foreign,2020,33.166
pan,sex_f,age_10yrbands_y25_34,cbr_bir_native,1997,197.173
pan,sex_f,age_10yrbands_y25_34,cbr_bir_native,2003,217.633
pan,sex_f,age_10yrbands_y25_34,cbr_bir_native,2008,229.275
pan,sex_f,age_10yrbands_y25_34,cbr_bir_native,2017,243.192
pan,sex_f,age_10yrbands_y25_34,cbr_bir_native,2020,358.097
pan,sex_f,age_10yrbands_y25_34,cbr_bir_total,1997,206.621
pan,sex_f,age_10yrbands_y25_34,cbr_bir_total,2003,226.437
pan,sex_f,age_10yrbands_y25_34,cbr_bir_total,2008,239.274
pan,sex_f,age_10yrbands_y25_34,cbr_bir_total,2017,264.342
pan,sex_f,age_10yrbands_y25_34,cbr_bir_total,2020,391.263
pan,sex_f,age_10yrbands_y25_34,cbr_bir_x,1997,2.418
pan,sex_f,age_10yrbands_y25_34,cbr_bir_x,2003,2.321
pan,sex_f,age_10yrbands_y25_34,cbr_bir_x,2017,0
pan,sex_f,age_10yrbands_y35_44,cbr_bir_foreign,1997,6.963
pan,sex_f,age_10yrbands_y35_44,cbr_bir_foreign,2003,9.372
pan,sex_f,age_10yrbands_y35_44,cbr_bir_foreign,2008,7.444
pan,sex_f,age_10yrbands_y35_44,cbr_bir_foreign,2017,23.64
pan,sex_f,age_10yrbands_y35_44,cbr_bir_native,1997,160.594
pan,sex_f,age_10yrbands_y35_44,cbr_bir_native,2003,196.02
pan,sex_f,age_10yrbands_y35_44,cbr_bir_native,2008,217.422
pan,sex_f,age_10yrbands_y35_44,cbr_bir_native,2017,247.735
pan,sex_f,age_10yrbands_y35_44,cbr_bir_total,1997,168.487
pan,sex_f,age_10yrbands_y35_44,cbr_bir_total,2003,207.526
pan,sex_f,age_10yrbands_y35_44,cbr_bir_total,2008,225.02
pan,sex_f,age_10yrbands_y35_44,cbr_bir_total,2017,271.375
pan,sex_f,age_10yrbands_y35_44,cbr_bir_x,1997,0.931
pan,sex_f,age_10yrbands_y35_44,cbr_bir_x,2003,2.134
pan,sex_f,age_10yrbands_y35_44,cbr_bir_x,2017,0
pan,sex_f,age_10yrbands_y45_54,cbr_bir_foreign,1997,4.435
pan,sex_f,age_10yrbands_y45_54,cbr_bir_foreign,2003,6.311
pan,sex_f,age_10yrbands_y45_54,cbr_bir_foreign,2008,9.051
pan,sex_f,age_10yrbands_y45_54,cbr_bir_foreign,2017,11.352
pan,sex_f,age_10yrbands_y45_54,cbr_bir_foreign,2020,25.166
pan,sex_f,age_10yrbands_y45_54,cbr_bir_native,1997,124.945
pan,sex_f,age_10yrbands_y45_54,cbr_bir_native,2003,137.197
pan,sex_f,age_10yrbands_y45_54,cbr_bir_native,2008,165.677
pan,sex_f,age_10yrbands_y45_54,cbr_bir_native,2017,244.254
pan,sex_f,age_10yrbands_y45_54,cbr_bir_native,2020,273.903
pan,sex_f,age_10yrbands_y45_54,cbr_bir_total,1997,130.268
pan,sex_f,age_10yrbands_y45_54,cbr_bir_total,2003,144.87
pan,sex_f,age_10yrbands_y45_54,cbr_bir_total,2008,174.886
pan,sex_f,age_10yrbands_y45_54,cbr_bir_total,2017,255.606
pan,sex_f,age_10yrbands_y45_54,cbr_bir_total,2020,299.069
pan,sex_f,age_10yrbands_y45_54,cbr_bir_x,1997,0.888
pan,sex_f,age_10yrbands_y45_54,cbr_bir_x,2003,1.362
pan,sex_f,age_10yrbands_y45_54,cbr_bir_x,2017,0
pan,sex_f,age_10yrbands_y55_64,cbr_bir_foreign,1997,2.347
pan,sex_f,age_10yrbands_y55_64,cbr_bir_foreign,2003,3.695
pan,sex_f,age_10yrbands_y55_64,cbr_bir_foreign,2008,4.178
pan,sex_f,age_10yrbands_y55_64,cbr_bir_foreign,2017,10.071
pan,sex_f,age_10yrbands_y55_64,cbr_bir_foreign,2020,16.168
pan,sex_f,age_10yrbands_y55_64,cbr_bir_native,1997,83.443
pan,sex_f,age_10yrbands_y55_64,cbr_bir_native,2003,95.06
pan,sex_f,age_10yrbands_y55_64,cbr_bir_native,2008,114.089
pan,sex_f,age_10yrbands_y55_64,cbr_bir_native,2017,175.705
pan,sex_f,age_10yrbands_y55_64,cbr_bir_native,2020,254.293
pan,sex_f,age_10yrbands_y55_64,cbr_bir_total,1997,86.265
pan,sex_f,age_10yrbands_y55_64,cbr_bir_total,2003,99.484
pan,sex_f,age_10yrbands_y55_64,cbr_bir_total,2008,118.672
pan,sex_f,age_10yrbands_y55_64,cbr_bir_total,2017,185.776
pan,sex_f,age_10yrbands_y55_64,cbr_bir_total,2020,270.461
pan,sex_f,age_10yrbands_y55_64,cbr_bir_x,1997,0.475
pan,sex_f,age_10yrbands_y55_64,cbr_bir_x,2003,0.729
pan,sex_f,age_10yrbands_y55_64,cbr_bir_x,2017,0
pan,sex_f,age_10yrbands_yge65,cbr_bir_foreign,1997,4.185
pan,sex_f,age_10yrbands_yge65,cbr_bir_foreign,2003,4.531
pan,sex_f,age_10yrbands_yge65,cbr_bir_foreign,2008,4.421
pan,sex_f,age_10yrbands_yge65,cbr_bir_foreign,2017,6.259
pan,sex_f,age_10yrbands_yge65,cbr_bir_foreign,2020,15.611
pan,sex_f,age_10yrbands_yge65,cbr_bir_native,1997,89.878
pan,sex_f,age_10yrbands_yge65,cbr_bir_native,2003,109.521
pan,sex_f,age_10yrbands_yge65,cbr_bir_native,2008,127.288
pan,sex_f,age_10yrbands_yge65,cbr_bir_native,2017,204.063
pan,sex_f,age_10yrbands_yge65,cbr_bir_native,2020,359.269
pan,sex_f,age_10yrbands_yge65,cbr_bir_total,1997,94.501
pan,sex_f,age_10yrbands_yge65,cbr_bir_total,2003,114.699
pan,sex_f,age_10yrbands_yge65,cbr_bir_total,2008,131.949
pan,sex_f,age_10yrbands_yge65,cbr_bir_total,2017,210.322
pan,sex_f,age_10yrbands_yge65,cbr_bir_total,2020,374.88
pan,sex_f,age_10yrbands_yge65,cbr_bir_x,1997,0.439
pan,sex_f,age_10yrbands_yge65,cbr_bir_x,2017,0
pan,sex_f,age_aggregate_total,cbr_bir_foreign,1997,29.01
pan,sex_f,age_aggregate_total,cbr_bir_foreign,2003,35.346
pan,sex_f,age_aggregate_total,cbr_bir_foreign,2008,41.974
pan,sex_f,age_aggregate_total,cbr_bir_foreign,2017,82.574
pan,sex_f,age_aggregate_total,cbr_bir_foreign,2018,85.516
pan,sex_f,age_aggregate_total,cbr_bir_foreign,2020,101.195
pan,sex_f,age_aggregate_total,cbr_bir_native,1997,897.374
pan,sex_f,age_aggregate_total,cbr_bir_native,2003,1025.103
pan,sex_f,age_aggregate_total,cbr_bir_native,2008,1127.333
pan,sex_f,age_aggregate_total,cbr_bir_native,2017,1447.978
pan,sex_f,age_aggregate_total,cbr_bir_native,2018,1480.975
pan,sex_f,age_aggregate_total,cbr_bir_native,2020,1585.471
pan,sex_f,age_aggregate_total,cbr_bir_total,1997,934.061
pan,sex_f,age_aggregate_total,cbr_bir_total,2003,1069.455
pan,sex_f,age_aggregate_total,cbr_bir_total,2008,1170.954
pan,sex_f,age_aggregate_total,cbr_bir_total,2017,1530.552
pan,sex_f,age_aggregate_total,cbr_bir_total,2018,1566.491
pan,sex_f,age_aggregate_total,cbr_bir_total,2020,1686.666
pan,sex_f,age_aggregate_total,cbr_bir_x,1997,7.677
pan,sex_f,age_aggregate_total,cbr_bir_x,2003,9.007
pan,sex_f,age_aggregate_total,cbr_bir_x,2008,1.647
pan,sex_f,age_aggregate_total,cbr_bir_x,2018,0
pan,sex_f,age_aggregate_y15_24,cbr_bir_foreign,1997,4.051
pan,sex_f,age_aggregate_y15_24,cbr_bir_foreign,2003,4.953
pan,sex_f,age_aggregate_y15_24,cbr_bir_foreign,2008,7.264
pan,sex_f,age_aggregate_y15_24,cbr_bir_foreign,2017,10.102
pan,sex_f,age_aggregate_y15_24,cbr_bir_foreign,2018,11.546
pan,sex_f,age_aggregate_y15_24,cbr_bir_foreign,2020,11.084
pan,sex_f,age_aggregate_y15_24,cbr_bir_native,1997,241.342
pan,sex_f,age_aggregate_y15_24,cbr_bir_native,2003,269.673
pan,sex_f,age_aggregate_y15_24,cbr_bir_native,2008,273.582
pan,sex_f,age_aggregate_y15_24,cbr_bir_native,2017,333.029
pan,sex_f,age_aggregate_y15_24,cbr_bir_native,2018,340.136
pan,sex_f,age_aggregate_y15_24,cbr_bir_native,2020,339.909
pan,sex_f,age_aggregate_y15_24,cbr_bir_total,1997,247.92
pan,sex_f,age_aggregate_y15_24,cbr_bir_total,2003,276.439
pan,sex_f,age_aggregate_y15_24,cbr_bir_total,2008,281.153
pan,sex_f,age_aggregate_y15_24,cbr_bir_total,2017,343.131
pan,sex_f,age_aggregate_y15_24,cbr_bir_total,2018,351.682
pan,sex_f,age_aggregate_y15_24,cbr_bir_total,2020,350.993
pan,sex_f,age_aggregate_y15_24,cbr_bir_x,1997,2.527
pan,sex_f,age_aggregate_y15_24,cbr_bir_x,2003,1.813
pan,sex_f,age_aggregate_y15_24,cbr_bir_x,2018,0
pan,sex_f,age_aggregate_y25_54,cbr_bir_foreign,1997,18.428
pan,sex_f,age_aggregate_y25_54,cbr_bir_foreign,2003,22.167
pan,sex_f,age_aggregate_y25_54,cbr_bir_foreign,2008,26.111
pan,sex_f,age_aggregate_y25_54,cbr_bir_foreign,2017,56.142
pan,sex_f,age_aggregate_y25_54,cbr_bir_foreign,2018,56.829
pan,sex_f,age_aggregate_y25_54,cbr_bir_foreign,2020,26.111
pan,sex_f,age_aggregate_y25_54,cbr_bir_native,1997,482.712
pan,sex_f,age_aggregate_y25_54,cbr_bir_native,2003,550.849
pan,sex_f,age_aggregate_y25_54,cbr_bir_native,2008,612.374
pan,sex_f,age_aggregate_y25_54,cbr_bir_native,2017,735.181
pan,sex_f,age_aggregate_y25_54,cbr_bir_native,2018,727.69
pan,sex_f,age_aggregate_y25_54,cbr_bir_native,2020,373.232
pan,sex_f,age_aggregate_y25_54,cbr_bir_total,1997,505.376
pan,sex_f,age_aggregate_y25_54,cbr_bir_total,2003,578.833
pan,sex_f,age_aggregate_y25_54,cbr_bir_total,2008,639.18
pan,sex_f,age_aggregate_y25_54,cbr_bir_total,2017,791.323
pan,sex_f,age_aggregate_y25_54,cbr_bir_total,2018,784.519
pan,sex_f,age_aggregate_y25_54,cbr_bir_total,2020,399.343
pan,sex_f,age_aggregate_y25_54,cbr_bir_x,1997,4.236
pan,sex_f,age_aggregate_y25_54,cbr_bir_x,2003,5.818
pan,sex_f,age_aggregate_y25_54,cbr_bir_x,2008,0.694
pan,sex_f,age_aggregate_y25_54,cbr_bir_x,2018,0
pan,sex_f,age_aggregate_y55_64,cbr_bir_foreign,1997,2.347
pan,sex_f,age_aggregate_y55_64,cbr_bir_foreign,2003,3.695
pan,sex_f,age_aggregate_y55_64,cbr_bir_foreign,2008,4.178
pan,sex_f,age_aggregate_y55_64,cbr_bir_foreign,2017,10.071
pan,sex_f,age_aggregate_y55_64,cbr_bir_foreign,2018,10.009
pan,sex_f,age_aggregate_y55_64,cbr_bir_native,1997,83.443
pan,sex_f,age_aggregate_y55_64,cbr_bir_native,2003,95.06
pan,sex_f,age_aggregate_y55_64,cbr_bir_native,2008,114.089
pan,sex_f,age_aggregate_y55_64,cbr_bir_native,2017,175.705
pan,sex_f,age_aggregate_y55_64,cbr_bir_native,2018,190.905
pan,sex_f,age_aggregate_y55_64,cbr_bir_total,1997,86.265
pan,sex_f,age_aggregate_y55_64,cbr_bir_total,2003,99.484
pan,sex_f,age_aggregate_y55_64,cbr_bir_total,2008,118.672
pan,sex_f,age_aggregate_y55_64,cbr_bir_total,2017,185.776
pan,sex_f,age_aggregate_y55_64,cbr_bir_total,2018,200.914
pan,sex_f,age_aggregate_y55_64,cbr_bir_x,1997,0.475
pan,sex_f,age_aggregate_y55_64,cbr_bir_x,2003,0.729
pan,sex_f,age_aggregate_y55_64,cbr_bir_x,2018,0
pan,sex_f,age_aggregate_yge65,cbr_bir_foreign,1997,4.185
pan,sex_f,age_aggregate_yge65,cbr_bir_foreign,2003,4.531
pan,sex_f,age_aggregate_yge65,cbr_bir_foreign,2008,4.421
pan,sex_f,age_aggregate_yge65,cbr_bir_foreign,2017,6.259
pan,sex_f,age_aggregate_yge65,cbr_bir_foreign,2018,7.132
pan,sex_f,age_aggregate_yge65,cbr_bir_foreign,2020,15.611
pan,sex_f,age_aggregate_yge65,cbr_bir_native,1997,89.878
pan,sex_f,age_aggregate_yge65,cbr_bir_native,2003,109.521
pan,sex_f,age_aggregate_yge65,cbr_bir_native,2008,127.288
pan,sex_f,age_aggregate_yge65,cbr_bir_native,2017,204.063
pan,sex_f,age_aggregate_yge65,cbr_bir_native,2018,222.244
pan,sex_f,age_aggregate_yge65,cbr_bir_native,2020,359.269
pan,sex_f,age_aggregate_yge65,cbr_bir_total,1997,94.501
pan,sex_f,age_aggregate_yge65,cbr_bir_total,2003,114.699
pan,sex_f,age_aggregate_yge65,cbr_bir_total,2008,131.949
pan,sex_f,age_aggregate_yge65,cbr_bir_total,2017,210.322
pan,sex_f,age_aggregate_yge65,cbr_bir_total,2018,229.376
pan,sex_f,age_aggregate_yge65,cbr_bir_total,2020,374.88
pan,sex_f,age_aggregate_yge65,cbr_bir_x,1997,0.439
pan,sex_f,age_aggregate_yge65,cbr_bir_x,2018,0
pan,sex_f,age_ythadult_y15_24,cbr_bir_foreign,1997,4.051
pan,sex_f,age_ythadult_y15_24,cbr_bir_foreign,2003,4.953
pan,sex_f,age_ythadult_y15_24,cbr_bir_foreign,2008,7.264
pan,sex_f,age_ythadult_y15_24,cbr_bir_foreign,2017,10.102
pan,sex_f,age_ythadult_y15_24,cbr_bir_foreign,2018,11.546
pan,sex_f,age_ythadult_y15_24,cbr_bir_foreign,2020,11.084
pan,sex_f,age_ythadult_y15_24,cbr_bir_native,1997,241.342
pan,sex_f,age_ythadult_y15_24,cbr_bir_native,2003,269.673
pan,sex_f,age_ythadult_y15_24,cbr_bir_native,2008,273.582
pan,sex_f,age_ythadult_y15_24,cbr_bir_native,2017,333.029
pan,sex_f,age_ythadult_y15_24,cbr_bir_native,2018,340.136
pan,sex_f,age_ythadult_y15_24,cbr_bir_native,2020,339.909
pan,sex_f,age_ythadult_y15_24,cbr_bir_total,1997,247.92
pan,sex_f,age_ythadult_y15_24,cbr_bir_total,2003,276.439
pan,sex_f,age_ythadult_y15_24,cbr_bir_total,2008,281.153
pan,sex_f,age_ythadult_y15_24,cbr_bir_total,2017,343.131
pan,sex_f,age_ythadult_y15_24,cbr_bir_total,2018,351.682
pan,sex_f,age_ythadult_y15_24,cbr_bir_total,2020,350.993
pan,sex_f,age_ythadult_y15_24,cbr_bir_x,1997,2.527
pan,sex_f,age_ythadult_y15_24,cbr_bir_x,2003,1.813
pan,sex_f,age_ythadult_y15_64,cbr_bir_foreign,1997,24.826
pan,sex_f,age_ythadult_y15_64,cbr_bir_foreign,2003,30.815
pan,sex_f,age_ythadult_y15_64,cbr_bir_foreign,2008,37.554
pan,sex_f,age_ythadult_y15_64,cbr_bir_foreign,2017,76.315
pan,sex_f,age_ythadult_y15_64,cbr_bir_foreign,2018,78.384
pan,sex_f,age_ythadult_y15_64,cbr_bir_native,1997,807.497
pan,sex_f,age_ythadult_y15_64,cbr_bir_native,2003,915.582
pan,sex_f,age_ythadult_y15_64,cbr_bir_native,2008,1000.046
pan,sex_f,age_ythadult_y15_64,cbr_bir_native,2017,1243.915
pan,sex_f,age_ythadult_y15_64,cbr_bir_native,2018,1258.731
pan,sex_f,age_ythadult_y15_64,cbr_bir_total,1997,839.56
pan,sex_f,age_ythadult_y15_64,cbr_bir_total,2003,954.756
pan,sex_f,age_ythadult_y15_64,cbr_bir_total,2008,1039.005
pan,sex_f,age_ythadult_y15_64,cbr_bir_total,2017,1320.23
pan,sex_f,age_ythadult_y15_64,cbr_bir_total,2018,1337.115
pan,sex_f,age_ythadult_y15_64,cbr_bir_x,1997,7.238
pan,sex_f,age_ythadult_y15_64,cbr_bir_x,2003,8.36
pan,sex_f,age_ythadult_y15_64,cbr_bir_x,2008,1.406
pan,sex_f,age_ythadult_yge15,cbr_bir_foreign,1997,29.01
pan,sex_f,age_ythadult_yge15,cbr_bir_foreign,2003,35.346
pan,sex_f,age_ythadult_yge15,cbr_bir_foreign,2008,41.974
pan,sex_f,age_ythadult_yge15,cbr_bir_foreign,2017,82.574
pan,sex_f,age_ythadult_yge15,cbr_bir_foreign,2018,85.516
pan,sex_f,age_ythadult_yge15,cbr_bir_foreign,2020,101.195
pan,sex_f,age_ythadult_yge15,cbr_bir_native,1997,897.374
pan,sex_f,age_ythadult_yge15,cbr_bir_native,2003,1025.103
pan,sex_f,age_ythadult_yge15,cbr_bir_native,2008,1127.333
pan,sex_f,age_ythadult_yge15,cbr_bir_native,2017,1447.978
pan,sex_f,age_ythadult_yge15,cbr_bir_native,2018,1480.975
pan,sex_f,age_ythadult_yge15,cbr_bir_native,2020,1585.471
pan,sex_f,age_ythadult_yge15,cbr_bir_total,1997,934.061
pan,sex_f,age_ythadult_yge15,cbr_bir_total,2003,1069.455
pan,sex_f,age_ythadult_yge15,cbr_bir_total,2008,1170.954
pan,sex_f,age_ythadult_yge15,cbr_bir_total,2017,1530.552
pan,sex_f,age_ythadult_yge15,cbr_bir_total,2018,1566.491
pan,sex_f,age_ythadult_yge15,cbr_bir_total,2020,1686.666
pan,sex_f,age_ythadult_yge15,cbr_bir_x,1997,7.677
pan,sex_f,age_ythadult_yge15,cbr_bir_x,2003,9.007
pan,sex_f,age_ythadult_yge15,cbr_bir_x,2008,1.647
pan,sex_f,age_ythadult_yge25,cbr_bir_foreign,1997,24.959
pan,sex_f,age_ythadult_yge25,cbr_bir_foreign,2003,30.393
pan,sex_f,age_ythadult_yge25,cbr_bir_foreign,2008,34.71
pan,sex_f,age_ythadult_yge25,cbr_bir_foreign,2017,72.472
pan,sex_f,age_ythadult_yge25,cbr_bir_foreign,2018,73.97
pan,sex_f,age_ythadult_yge25,cbr_bir_foreign,2020,41.722
pan,sex_f,age_ythadult_yge25,cbr_bir_native,1997,656.033
pan,sex_f,age_ythadult_yge25,cbr_bir_native,2003,755.429
pan,sex_f,age_ythadult_yge25,cbr_bir_native,2008,853.751
pan,sex_f,age_ythadult_yge25,cbr_bir_native,2017,1114.949
pan,sex_f,age_ythadult_yge25,cbr_bir_native,2018,1140.839
pan,sex_f,age_ythadult_yge25,cbr_bir_native,2020,732.501
pan,sex_f,age_ythadult_yge25,cbr_bir_total,1997,686.141
pan,sex_f,age_ythadult_yge25,cbr_bir_total,2003,793.016
pan,sex_f,age_ythadult_yge25,cbr_bir_total,2008,889.801
pan,sex_f,age_ythadult_yge25,cbr_bir_total,2017,1187.421
pan,sex_f,age_ythadult_yge25,cbr_bir_total,2018,1214.809
pan,sex_f,age_ythadult_yge25,cbr_bir_total,2020,774.223
pan,sex_f,age_ythadult_yge25,cbr_bir_x,1997,5.149
pan,sex_f,age_ythadult_yge25,cbr_bir_x,2003,7.194
pan,sex_f,age_ythadult_yge25,cbr_bir_x,2008,1.339
pan,sex_m,age_10yrbands_total,cbr_bir_foreign,1997,24.53
pan,sex_m,age_10yrbands_total,cbr_bir_foreign,2003,30.484
pan,sex_m,age_10yrbands_total,cbr_bir_foreign,2008,45.813
pan,sex_m,age_10yrbands_total,cbr_bir_foreign,2017,78.521
pan,sex_m,age_10yrbands_total,cbr_bir_foreign,2020,81.848
pan,sex_m,age_10yrbands_total,cbr_bir_native,1997,874.828
pan,sex_m,age_10yrbands_total,cbr_bir_native,2003,957.443
pan,sex_m,age_10yrbands_total,cbr_bir_native,2008,1117.14
pan,sex_m,age_10yrbands_total,cbr_bir_native,2017,1364.213
pan,sex_m,age_10yrbands_total,cbr_bir_native,2020,1412.448
pan,sex_m,age_10yrbands_total,cbr_bir_total,1997,910.225
pan,sex_m,age_10yrbands_total,cbr_bir_total,2003,1007.223
pan,sex_m,age_10yrbands_total,cbr_bir_total,2008,1165.617
pan,sex_m,age_10yrbands_total,cbr_bir_total,2017,1442.734
pan,sex_m,age_10yrbands_total,cbr_bir_total,2020,1494.296
pan,sex_m,age_10yrbands_total,cbr_bir_x,1997,10.868
pan,sex_m,age_10yrbands_total,cbr_bir_x,2003,19.296
pan,sex_m,age_10yrbands_total,cbr_bir_x,2008,2.665
pan,sex_m,age_10yrbands_total,cbr_bir_x,2017,0
pan,sex_m,age_10yrbands_y15_24,cbr_bir_foreign,1997,3.415
pan,sex_m,age_10yrbands_y15_24,cbr_bir_foreign,2003,4.759
pan,sex_m,age_10yrbands_y15_24,cbr_bir_foreign,2008,7.048
pan,sex_m,age_10yrbands_y15_24,cbr_bir_foreign,2017,10.961
pan,sex_m,age_10yrbands_y15_24,cbr_bir_foreign,2020,10.389
pan,sex_m,age_10yrbands_y15_24,cbr_bir_native,1997,245.972
pan,sex_m,age_10yrbands_y15_24,cbr_bir_native,2003,265.761
pan,sex_m,age_10yrbands_y15_24,cbr_bir_native,2008,289.839
pan,sex_m,age_10yrbands_y15_24,cbr_bir_native,2017,339.858
pan,sex_m,age_10yrbands_y15_24,cbr_bir_native,2020,327.687
pan,sex_m,age_10yrbands_y15_24,cbr_bir_total,1997,252.674
pan,sex_m,age_10yrbands_y15_24,cbr_bir_total,2003,275.242
pan,sex_m,age_10yrbands_y15_24,cbr_bir_total,2008,297.255
pan,sex_m,age_10yrbands_y15_24,cbr_bir_total,2017,350.819
pan,sex_m,age_10yrbands_y15_24,cbr_bir_total,2020,338.076
pan,sex_m,age_10yrbands_y15_24,cbr_bir_x,1997,3.287
pan,sex_m,age_10yrbands_y15_24,cbr_bir_x,2003,4.722
pan,sex_m,age_10yrbands_y15_24,cbr_bir_x,2008,0.368
pan,sex_m,age_10yrbands_y15_24,cbr_bir_x,2017,0
pan,sex_m,age_10yrbands_y25_34,cbr_bir_foreign,1997,3.844
pan,sex_m,age_10yrbands_y25_34,cbr_bir_foreign,2003,3.17
pan,sex_m,age_10yrbands_y25_34,cbr_bir_foreign,2008,12.277
pan,sex_m,age_10yrbands_y25_34,cbr_bir_foreign,2017,20.838
pan,sex_m,age_10yrbands_y25_34,cbr_bir_foreign,2020,25.664
pan,sex_m,age_10yrbands_y25_34,cbr_bir_native,1997,188.331
pan,sex_m,age_10yrbands_y25_34,cbr_bir_native,2003,207.997
pan,sex_m,age_10yrbands_y25_34,cbr_bir_native,2008,223.866
pan,sex_m,age_10yrbands_y25_34,cbr_bir_native,2017,229.618
pan,sex_m,age_10yrbands_y25_34,cbr_bir_native,2020,340.51
pan,sex_m,age_10yrbands_y25_34,cbr_bir_total,1997,195.307
pan,sex_m,age_10yrbands_y25_34,cbr_bir_total,2003,216.561
pan,sex_m,age_10yrbands_y25_34,cbr_bir_total,2008,237.253
pan,sex_m,age_10yrbands_y25_34,cbr_bir_total,2017,250.456
pan,sex_m,age_10yrbands_y25_34,cbr_bir_total,2020,366.174
pan,sex_m,age_10yrbands_y25_34,cbr_bir_x,1997,3.132
pan,sex_m,age_10yrbands_y25_34,cbr_bir_x,2003,5.394
pan,sex_m,age_10yrbands_y25_34,cbr_bir_x,2008,1.11
pan,sex_m,age_10yrbands_y25_34,cbr_bir_x,2017,0
pan,sex_m,age_10yrbands_y35_44,cbr_bir_foreign,1997,3.794
pan,sex_m,age_10yrbands_y35_44,cbr_bir_foreign,2003,7.864
pan,sex_m,age_10yrbands_y35_44,cbr_bir_foreign,2008,8.818
pan,sex_m,age_10yrbands_y35_44,cbr_bir_foreign,2017,18.355
pan,sex_m,age_10yrbands_y35_44,cbr_bir_native,1997,154.22
pan,sex_m,age_10yrbands_y35_44,cbr_bir_native,2003,178.867
pan,sex_m,age_10yrbands_y35_44,cbr_bir_native,2008,213.638
pan,sex_m,age_10yrbands_y35_44,cbr_bir_native,2017,220.887
pan,sex_m,age_10yrbands_y35_44,cbr_bir_total,1997,160.229
pan,sex_m,age_10yrbands_y35_44,cbr_bir_total,2003,191.292
pan,sex_m,age_10yrbands_y35_44,cbr_bir_total,2008,223.047
pan,sex_m,age_10yrbands_y35_44,cbr_bir_total,2017,239.242
pan,sex_m,age_10yrbands_y35_44,cbr_bir_x,1997,2.216
pan,sex_m,age_10yrbands_y35_44,cbr_bir_x,2003,4.56
pan,sex_m,age_10yrbands_y35_44,cbr_bir_x,2008,0.591
pan,sex_m,age_10yrbands_y35_44,cbr_bir_x,2017,0
pan,sex_m,age_10yrbands_y45_54,cbr_bir_foreign,1997,4.266
pan,sex_m,age_10yrbands_y45_54,cbr_bir_foreign,2003,4.325
pan,sex_m,age_10yrbands_y45_54,cbr_bir_foreign,2008,6.872
pan,sex_m,age_10yrbands_y45_54,cbr_bir_foreign,2017,12.532
pan,sex_m,age_10yrbands_y45_54,cbr_bir_foreign,2020,15.223
pan,sex_m,age_10yrbands_y45_54,cbr_bir_native,1997,118.168
pan,sex_m,age_10yrbands_y45_54,cbr_bir_native,2003,128.09
pan,sex_m,age_10yrbands_y45_54,cbr_bir_native,2008,161.771
pan,sex_m,age_10yrbands_y45_54,cbr_bir_native,2017,223.931
pan,sex_m,age_10yrbands_y45_54,cbr_bir_native,2020,220.713
pan,sex_m,age_10yrbands_y45_54,cbr_bir_total,1997,124.127
pan,sex_m,age_10yrbands_y45_54,cbr_bir_total,2003,135.161
pan,sex_m,age_10yrbands_y45_54,cbr_bir_total,2008,169.025
pan,sex_m,age_10yrbands_y45_54,cbr_bir_total,2017,236.463
pan,sex_m,age_10yrbands_y45_54,cbr_bir_total,2020,235.936
pan,sex_m,age_10yrbands_y45_54,cbr_bir_x,1997,1.694
pan,sex_m,age_10yrbands_y45_54,cbr_bir_x,2003,2.745
pan,sex_m,age_10yrbands_y45_54,cbr_bir_x,2017,0
pan,sex_m,age_10yrbands_y55_64,cbr_bir_foreign,1997,2.894
pan,sex_m,age_10yrbands_y55_64,cbr_bir_foreign,2003,5.866
pan,sex_m,age_10yrbands_y55_64,cbr_bir_foreign,2008,3.76
pan,sex_m,age_10yrbands_y55_64,cbr_bir_foreign,2017,7.354
pan,sex_m,age_10yrbands_y55_64,cbr_bir_foreign,2020,14.419
pan,sex_m,age_10yrbands_y55_64,cbr_bir_native,1997,85.798
pan,sex_m,age_10yrbands_y55_64,cbr_bir_native,2003,84.361
pan,sex_m,age_10yrbands_y55_64,cbr_bir_native,2008,112.148
pan,sex_m,age_10yrbands_y55_64,cbr_bir_native,2017,167.149
pan,sex_m,age_10yrbands_y55_64,cbr_bir_native,2020,233.039
pan,sex_m,age_10yrbands_y55_64,cbr_bir_total,1997,88.861
pan,sex_m,age_10yrbands_y55_64,cbr_bir_total,2003,91.484
pan,sex_m,age_10yrbands_y55_64,cbr_bir_total,2008,116.031
pan,sex_m,age_10yrbands_y55_64,cbr_bir_total,2017,174.503
pan,sex_m,age_10yrbands_y55_64,cbr_bir_total,2020,247.458
pan,sex_m,age_10yrbands_y55_64,cbr_bir_x,1997,0.17
pan,sex_m,age_10yrbands_y55_64,cbr_bir_x,2003,1.258
pan,sex_m,age_10yrbands_y55_64,cbr_bir_x,2017,0
pan,sex_m,age_10yrbands_yge65,cbr_bir_foreign,1997,6.318
pan,sex_m,age_10yrbands_yge65,cbr_bir_foreign,2003,4.501
pan,sex_m,age_10yrbands_yge65,cbr_bir_foreign,2008,7.038
pan,sex_m,age_10yrbands_yge65,cbr_bir_foreign,2017,8.481
pan,sex_m,age_10yrbands_yge65,cbr_bir_foreign,2020,16.153
pan,sex_m,age_10yrbands_yge65,cbr_bir_native,1997,82.34
pan,sex_m,age_10yrbands_yge65,cbr_bir_native,2003,92.366
pan,sex_m,age_10yrbands_yge65,cbr_bir_native,2008,115.877
pan,sex_m,age_10yrbands_yge65,cbr_bir_native,2017,182.77
pan,sex_m,age_10yrbands_yge65,cbr_bir_native,2020,290.499
pan,sex_m,age_10yrbands_yge65,cbr_bir_total,1997,89.027
pan,sex_m,age_10yrbands_yge65,cbr_bir_total,2003,97.483
pan,sex_m,age_10yrbands_yge65,cbr_bir_total,2008,123.005
pan,sex_m,age_10yrbands_yge65,cbr_bir_total,2017,191.251
pan,sex_m,age_10yrbands_yge65,cbr_bir_total,2020,306.652
pan,sex_m,age_10yrbands_yge65,cbr_bir_x,1997,0.369
pan,sex_m,age_10yrbands_yge65,cbr_bir_x,2003,0.616
pan,sex_m,age_10yrbands_yge65,cbr_bir_x,2017,0
pan,sex_m,age_aggregate_total,cbr_bir_foreign,1997,24.53
pan,sex_m,age_aggregate_total,cbr_bir_foreign,2003,30.484
pan,sex_m,age_aggregate_total,cbr_bir_foreign,2008,45.813
pan,sex_m,age_aggregate_total,cbr_bir_foreign,2017,78.521
pan,sex_m,age_aggregate_total,cbr_bir_foreign,2018,72.064
pan,sex_m,age_aggregate_total,cbr_bir_foreign,2020,81.848
pan,sex_m,age_aggregate_total,cbr_bir_native,1997,874.828
pan,sex_m,age_aggregate_total,cbr_bir_native,2003,957.443
pan,sex_m,age_aggregate_total,cbr_bir_native,2008,1117.14
pan,sex_m,age_aggregate_total,cbr_bir_native,2017,1364.213
pan,sex_m,age_aggregate_total,cbr_bir_native,2018,1399.863
pan,sex_m,age_aggregate_total,cbr_bir_native,2020,1412.448
pan,sex_m,age_aggregate_total,cbr_bir_total,1997,910.225
pan,sex_m,age_aggregate_total,cbr_bir_total,2003,1007.223
pan,sex_m,age_aggregate_total,cbr_bir_total,2008,1165.617
pan,sex_m,age_aggregate_total,cbr_bir_total,2017,1442.734
pan,sex_m,age_aggregate_total,cbr_bir_total,2018,1471.927
pan,sex_m,age_aggregate_total,cbr_bir_total,2020,1494.296
pan,sex_m,age_aggregate_total,cbr_bir_x,1997,10.868
pan,sex_m,age_aggregate_total,cbr_bir_x,2003,19.296
pan,sex_m,age_aggregate_total,cbr_bir_x,2008,2.665
pan,sex_m,age_aggregate_total,cbr_bir_x,2018,0
pan,sex_m,age_aggregate_y15_24,cbr_bir_foreign,1997,3.415
pan,sex_m,age_aggregate_y15_24,cbr_bir_foreign,2003,4.759
pan,sex_m,age_aggregate_y15_24,cbr_bir_foreign,2008,7.048
pan,sex_m,age_aggregate_y15_24,cbr_bir_foreign,2017,10.961
pan,sex_m,age_aggregate_y15_24,cbr_bir_foreign,2018,12.454
pan,sex_m,age_aggregate_y15_24,cbr_bir_foreign,2020,10.389
pan,sex_m,age_aggregate_y15_24,cbr_bir_native,1997,245.972
pan,sex_m,age_aggregate_y15_24,cbr_bir_native,2003,265.761
pan,sex_m,age_aggregate_y15_24,cbr_bir_native,2008,289.839
pan,sex_m,age_aggregate_y15_24,cbr_bir_native,2017,339.858
pan,sex_m,age_aggregate_y15_24,cbr_bir_native,2018,351.458
pan,sex_m,age_aggregate_y15_24,cbr_bir_native,2020,327.687
pan,sex_m,age_aggregate_y15_24,cbr_bir_total,1997,252.674
pan,sex_m,age_aggregate_y15_24,cbr_bir_total,2003,275.242
pan,sex_m,age_aggregate_y15_24,cbr_bir_total,2008,297.255
pan,sex_m,age_aggregate_y15_24,cbr_bir_total,2017,350.819
pan,sex_m,age_aggregate_y15_24,cbr_bir_total,2018,363.912
pan,sex_m,age_aggregate_y15_24,cbr_bir_total,2020,338.076
pan,sex_m,age_aggregate_y15_24,cbr_bir_x,1997,3.287
pan,sex_m,age_aggregate_y15_24,cbr_bir_x,2003,4.722
pan,sex_m,age_aggregate_y15_24,cbr_bir_x,2008,0.368
pan,sex_m,age_aggregate_y15_24,cbr_bir_x,2018,0
pan,sex_m,age_aggregate_y25_54,cbr_bir_foreign,1997,11.903
pan,sex_m,age_aggregate_y25_54,cbr_bir_foreign,2003,15.359
pan,sex_m,age_aggregate_y25_54,cbr_bir_foreign,2008,27.967
pan,sex_m,age_aggregate_y25_54,cbr_bir_foreign,2017,51.725
pan,sex_m,age_aggregate_y25_54,cbr_bir_foreign,2018,47.291
pan,sex_m,age_aggregate_y25_54,cbr_bir_foreign,2020,21.165
pan,sex_m,age_aggregate_y25_54,cbr_bir_native,1997,460.718
pan,sex_m,age_aggregate_y25_54,cbr_bir_native,2003,514.955
pan,sex_m,age_aggregate_y25_54,cbr_bir_native,2008,599.276
pan,sex_m,age_aggregate_y25_54,cbr_bir_native,2017,674.436
pan,sex_m,age_aggregate_y25_54,cbr_bir_native,2018,683.79
pan,sex_m,age_aggregate_y25_54,cbr_bir_native,2020,358.058
pan,sex_m,age_aggregate_y25_54,cbr_bir_total,1997,479.663
pan,sex_m,age_aggregate_y25_54,cbr_bir_total,2003,543.014
pan,sex_m,age_aggregate_y25_54,cbr_bir_total,2008,629.325
pan,sex_m,age_aggregate_y25_54,cbr_bir_total,2017,726.161
pan,sex_m,age_aggregate_y25_54,cbr_bir_total,2018,731.081
pan,sex_m,age_aggregate_y25_54,cbr_bir_total,2020,379.223
pan,sex_m,age_aggregate_y25_54,cbr_bir_x,1997,7.042
pan,sex_m,age_aggregate_y25_54,cbr_bir_x,2003,12.7
pan,sex_m,age_aggregate_y25_54,cbr_bir_x,2008,2.083
pan,sex_m,age_aggregate_y25_54,cbr_bir_x,2018,0
pan,sex_m,age_aggregate_y55_64,cbr_bir_foreign,1997,2.894
pan,sex_m,age_aggregate_y55_64,cbr_bir_foreign,2003,5.866
pan,sex_m,age_aggregate_y55_64,cbr_bir_foreign,2008,3.76
pan,sex_m,age_aggregate_y55_64,cbr_bir_foreign,2017,7.354
pan,sex_m,age_aggregate_y55_64,cbr_bir_foreign,2018,5.49
pan,sex_m,age_aggregate_y55_64,cbr_bir_native,1997,85.798
pan,sex_m,age_aggregate_y55_64,cbr_bir_native,2003,84.361
pan,sex_m,age_aggregate_y55_64,cbr_bir_native,2008,112.148
pan,sex_m,age_aggregate_y55_64,cbr_bir_native,2017,167.149
pan,sex_m,age_aggregate_y55_64,cbr_bir_native,2018,176.542
pan,sex_m,age_aggregate_y55_64,cbr_bir_total,1997,88.861
pan,sex_m,age_aggregate_y55_64,cbr_bir_total,2003,91.484
pan,sex_m,age_aggregate_y55_64,cbr_bir_total,2008,116.031
pan,sex_m,age_aggregate_y55_64,cbr_bir_total,2017,174.503
pan,sex_m,age_aggregate_y55_64,cbr_bir_total,2018,182.032
pan,sex_m,age_aggregate_y55_64,cbr_bir_x,1997,0.17
pan,sex_m,age_aggregate_y55_64,cbr_bir_x,2003,1.258
pan,sex_m,age_aggregate_y55_64,cbr_bir_x,2018,0
pan,sex_m,age_aggregate_yge65,cbr_bir_foreign,1997,6.318
pan,sex_m,age_aggregate_yge65,cbr_bir_foreign,2003,4.501
pan,sex_m,age_aggregate_yge65,cbr_bir_foreign,2008,7.038
pan,sex_m,age_aggregate_yge65,cbr_bir_foreign,2017,8.481
pan,sex_m,age_aggregate_yge65,cbr_bir_foreign,2018,6.829
pan,sex_m,age_aggregate_yge65,cbr_bir_foreign,2020,16.153
pan,sex_m,age_aggregate_yge65,cbr_bir_native,1997,82.34
pan,sex_m,age_aggregate_yge65,cbr_bir_native,2003,92.366
pan,sex_m,age_aggregate_yge65,cbr_bir_native,2008,115.877
pan,sex_m,age_aggregate_yge65,cbr_bir_native,2017,182.77
pan,sex_m,age_aggregate_yge65,cbr_bir_native,2018,188.073
pan,sex_m,age_aggregate_yge65,cbr_bir_native,2020,290.499
pan,sex_m,age_aggregate_yge65,cbr_bir_total,1997,89.027
pan,sex_m,age_aggregate_yge65,cbr_bir_total,2003,97.483
pan,sex_m,age_aggregate_yge65,cbr_bir_total,2008,123.005
pan,sex_m,age_aggregate_yge65,cbr_bir_total,2017,191.251
pan,sex_m,age_aggregate_yge65,cbr_bir_total,2018,194.902
pan,sex_m,age_aggregate_yge65,cbr_bir_total,2020,306.652
pan,sex_m,age_aggregate_yge65,cbr_bir_x,1997,0.369
pan,sex_m,age_aggregate_yge65,cbr_bir_x,2003,0.616
pan,sex_m,age_aggregate_yge65,cbr_bir_x,2018,0
pan,sex_m,age_ythadult_y15_24,cbr_bir_foreign,1997,3.415
pan,sex_m,age_ythadult_y15_24,cbr_bir_foreign,2003,4.759
pan,sex_m,age_ythadult_y15_24,cbr_bir_foreign,2008,7.048
pan,sex_m,age_ythadult_y15_24,cbr_bir_foreign,2017,10.961
pan,sex_m,age_ythadult_y15_24,cbr_bir_foreign,2018,12.454
pan,sex_m,age_ythadult_y15_24,cbr_bir_foreign,2020,10.389
pan,sex_m,age_ythadult_y15_24,cbr_bir_native,1997,245.972
pan,sex_m,age_ythadult_y15_24,cbr_bir_native,2003,265.761
pan,sex_m,age_ythadult_y15_24,cbr_bir_native,2008,289.839
pan,sex_m,age_ythadult_y15_24,cbr_bir_native,2017,339.858
pan,sex_m,age_ythadult_y15_24,cbr_bir_native,2018,351.458
pan,sex_m,age_ythadult_y15_24,cbr_bir_native,2020,327.687
pan,sex_m,age_ythadult_y15_24,cbr_bir_total,1997,252.674
pan,sex_m,age_ythadult_y15_24,cbr_bir_total,2003,275.242
pan,sex_m,age_ythadult_y15_24,cbr_bir_total,2008,297.255
pan,sex_m,age_ythadult_y15_24,cbr_bir_total,2017,350.819
pan,sex_m,age_ythadult_y15_24,cbr_bir_total,2018,363.912
pan,sex_m,age_ythadult_y15_24,cbr_bir_total,2020,338.076
pan,sex_m,age_ythadult_y15_24,cbr_bir_x,1997,3.287
pan,sex_m,age_ythadult_y15_24,cbr_bir_x,2003,4.722
pan,sex_m,age_ythadult_y15_24,cbr_bir_x,2008,0.368
pan,sex_m,age_ythadult_y15_64,cbr_bir_foreign,1997,18.212
pan,sex_m,age_ythadult_y15_64,cbr_bir_foreign,2003,25.984
pan,sex_m,age_ythadult_y15_64,cbr_bir_foreign,2008,38.775
pan,sex_m,age_ythadult_y15_64,cbr_bir_foreign,2017,70.04
pan,sex_m,age_ythadult_y15_64,cbr_bir_foreign,2018,65.235
pan,sex_m,age_ythadult_y15_64,cbr_bir_native,1997,792.488
pan,sex_m,age_ythadult_y15_64,cbr_bir_native,2003,865.077
pan,sex_m,age_ythadult_y15_64,cbr_bir_native,2008,1001.263
pan,sex_m,age_ythadult_y15_64,cbr_bir_native,2017,1181.443
pan,sex_m,age_ythadult_y15_64,cbr_bir_native,2018,1211.79
pan,sex_m,age_ythadult_y15_64,cbr_bir_total,1997,821.198
pan,sex_m,age_ythadult_y15_64,cbr_bir_total,2003,909.74
pan,sex_m,age_ythadult_y15_64,cbr_bir_total,2008,1042.611
pan,sex_m,age_ythadult_y15_64,cbr_bir_total,2017,1251.483
pan,sex_m,age_ythadult_y15_64,cbr_bir_total,2018,1277.025
pan,sex_m,age_ythadult_y15_64,cbr_bir_x,1997,10.499
pan,sex_m,age_ythadult_y15_64,cbr_bir_x,2003,18.68
pan,sex_m,age_ythadult_y15_64,cbr_bir_x,2008,2.574
pan,sex_m,age_ythadult_yge15,cbr_bir_foreign,1997,24.53
pan,sex_m,age_ythadult_yge15,cbr_bir_foreign,2003,30.484
pan,sex_m,age_ythadult_yge15,cbr_bir_foreign,2008,45.813
pan,sex_m,age_ythadult_yge15,cbr_bir_foreign,2017,78.521
pan,sex_m,age_ythadult_yge15,cbr_bir_foreign,2018,72.064
pan,sex_m,age_ythadult_yge15,cbr_bir_foreign,2020,81.848
pan,sex_m,age_ythadult_yge15,cbr_bir_native,1997,874.828
pan,sex_m,age_ythadult_yge15,cbr_bir_native,2003,957.443
pan,sex_m,age_ythadult_yge15,cbr_bir_native,2008,1117.14
pan,sex_m,age_ythadult_yge15,cbr_bir_native,2017,1364.213
pan,sex_m,age_ythadult_yge15,cbr_bir_native,2018,1399.863
pan,sex_m,age_ythadult_yge15,cbr_bir_native,2020,1412.448
pan,sex_m,age_ythadult_yge15,cbr_bir_total,1997,910.225
pan,sex_m,age_ythadult_yge15,cbr_bir_total,2003,1007.223
pan,sex_m,age_ythadult_yge15,cbr_bir_total,2008,1165.617
pan,sex_m,age_ythadult_yge15,cbr_bir_total,2017,1442.734
pan,sex_m,age_ythadult_yge15,cbr_bir_total,2018,1471.927
pan,sex_m,age_ythadult_yge15,cbr_bir_total,2020,1494.296
pan,sex_m,age_ythadult_yge15,cbr_bir_x,1997,10.868
pan,sex_m,age_ythadult_yge15,cbr_bir_x,2003,19.296
pan,sex_m,age_ythadult_yge15,cbr_bir_x,2008,2.665
pan,sex_m,age_ythadult_yge25,cbr_bir_foreign,1997,21.115
pan,sex_m,age_ythadult_yge25,cbr_bir_foreign,2003,25.726
pan,sex_m,age_ythadult_yge25,cbr_bir_foreign,2008,38.764
pan,sex_m,age_ythadult_yge25,cbr_bir_foreign,2017,67.56
pan,sex_m,age_ythadult_yge25,cbr_bir_foreign,2018,59.61
pan,sex_m,age_ythadult_yge25,cbr_bir_foreign,2020,37.318
pan,sex_m,age_ythadult_yge25,cbr_bir_native,1997,628.855
pan,sex_m,age_ythadult_yge25,cbr_bir_native,2003,691.682
pan,sex_m,age_ythadult_yge25,cbr_bir_native,2008,827.3
pan,sex_m,age_ythadult_yge25,cbr_bir_native,2017,1024.355
pan,sex_m,age_ythadult_yge25,cbr_bir_native,2018,1048.405
pan,sex_m,age_ythadult_yge25,cbr_bir_native,2020,648.557
pan,sex_m,age_ythadult_yge25,cbr_bir_total,1997,657.551
pan,sex_m,age_ythadult_yge25,cbr_bir_total,2003,731.981
pan,sex_m,age_ythadult_yge25,cbr_bir_total,2008,868.362
pan,sex_m,age_ythadult_yge25,cbr_bir_total,2017,1091.915
pan,sex_m,age_ythadult_yge25,cbr_bir_total,2018,1108.015
pan,sex_m,age_ythadult_yge25,cbr_bir_total,2020,685.875
pan,sex_m,age_ythadult_yge25,cbr_bir_x,1997,7.58
pan,sex_m,age_ythadult_yge25,cbr_bir_x,2003,14.573
pan,sex_m,age_ythadult_yge25,cbr_bir_x,2008,2.297
pan,sex_t,age_10yrbands_total,cbr_bir_foreign,1997,53.541
pan,sex_t,age_10yrbands_total,cbr_bir_foreign,2003,65.83
pan,sex_t,age_10yrbands_total,cbr_bir_foreign,2008,87.787
pan,sex_t,age_10yrbands_total,cbr_bir_foreign,2017,161.095
pan,sex_t,age_10yrbands_total,cbr_bir_foreign,2020,183.043
pan,sex_t,age_10yrbands_total,cbr_bir_native,1997,1772.202
pan,sex_t,age_10yrbands_total,cbr_bir_native,2003,1982.546
pan,sex_t,age_10yrbands_total,cbr_bir_native,2008,2244.473
pan,sex_t,age_10yrbands_total,cbr_bir_native,2017,2812.191
pan,sex_t,age_10yrbands_total,cbr_bir_native,2020,2997.919
pan,sex_t,age_10yrbands_total,cbr_bir_total,1997,1844.286
pan,sex_t,age_10yrbands_total,cbr_bir_total,2003,2076.678
pan,sex_t,age_10yrbands_total,cbr_bir_total,2008,2336.571
pan,sex_t,age_10yrbands_total,cbr_bir_total,2017,2973.286
pan,sex_t,age_10yrbands_total,cbr_bir_total,2020,3180.962
pan,sex_t,age_10yrbands_total,cbr_bir_x,1997,18.544
pan,sex_t,age_10yrbands_total,cbr_bir_x,2003,28.303
pan,sex_t,age_10yrbands_total,cbr_bir_x,2008,4.312
pan,sex_t,age_10yrbands_total,cbr_bir_x,2017,0
pan,sex_t,age_10yrbands_y15_24,cbr_bir_foreign,1997,7.466
pan,sex_t,age_10yrbands_y15_24,cbr_bir_foreign,2003,9.711
pan,sex_t,age_10yrbands_y15_24,cbr_bir_foreign,2008,14.312
pan,sex_t,age_10yrbands_y15_24,cbr_bir_foreign,2017,21.063
pan,sex_t,age_10yrbands_y15_24,cbr_bir_foreign,2020,21.473
pan,sex_t,age_10yrbands_y15_24,cbr_bir_native,1997,487.314
pan,sex_t,age_10yrbands_y15_24,cbr_bir_native,2003,535.434
pan,sex_t,age_10yrbands_y15_24,cbr_bir_native,2008,563.421
pan,sex_t,age_10yrbands_y15_24,cbr_bir_native,2017,672.887
pan,sex_t,age_10yrbands_y15_24,cbr_bir_native,2020,667.596
pan,sex_t,age_10yrbands_y15_24,cbr_bir_total,1997,500.594
pan,sex_t,age_10yrbands_y15_24,cbr_bir_total,2003,551.681
pan,sex_t,age_10yrbands_y15_24,cbr_bir_total,2008,578.409
pan,sex_t,age_10yrbands_y15_24,cbr_bir_total,2017,693.95
pan,sex_t,age_10yrbands_y15_24,cbr_bir_total,2020,689.069
pan,sex_t,age_10yrbands_y15_24,cbr_bir_x,1997,5.815
pan,sex_t,age_10yrbands_y15_24,cbr_bir_x,2003,6.536
pan,sex_t,age_10yrbands_y15_24,cbr_bir_x,2008,0.676
pan,sex_t,age_10yrbands_y15_24,cbr_bir_x,2017,0
pan,sex_t,age_10yrbands_y25_34,cbr_bir_foreign,1997,10.873
pan,sex_t,age_10yrbands_y25_34,cbr_bir_foreign,2003,9.653
pan,sex_t,age_10yrbands_y25_34,cbr_bir_foreign,2008,21.893
pan,sex_t,age_10yrbands_y25_34,cbr_bir_foreign,2017,41.988
pan,sex_t,age_10yrbands_y25_34,cbr_bir_foreign,2020,58.83
pan,sex_t,age_10yrbands_y25_34,cbr_bir_native,1997,385.504
pan,sex_t,age_10yrbands_y25_34,cbr_bir_native,2003,425.63
pan,sex_t,age_10yrbands_y25_34,cbr_bir_native,2008,453.141
pan,sex_t,age_10yrbands_y25_34,cbr_bir_native,2017,472.81
pan,sex_t,age_10yrbands_y25_34,cbr_bir_native,2020,698.607
pan,sex_t,age_10yrbands_y25_34,cbr_bir_total,1997,401.927
pan,sex_t,age_10yrbands_y25_34,cbr_bir_total,2003,442.998
pan,sex_t,age_10yrbands_y25_34,cbr_bir_total,2008,476.528
pan,sex_t,age_10yrbands_y25_34,cbr_bir_total,2017,514.798
pan,sex_t,age_10yrbands_y25_34,cbr_bir_total,2020,757.437
pan,sex_t,age_10yrbands_y25_34,cbr_bir_x,1997,5.55
pan,sex_t,age_10yrbands_y25_34,cbr_bir_x,2003,7.715
pan,sex_t,age_10yrbands_y25_34,cbr_bir_x,2008,1.493
pan,sex_t,age_10yrbands_y25_34,cbr_bir_x,2017,0
pan,sex_t,age_10yrbands_y35_44,cbr_bir_foreign,1997,10.757
pan,sex_t,age_10yrbands_y35_44,cbr_bir_foreign,2003,17.236
pan,sex_t,age_10yrbands_y35_44,cbr_bir_foreign,2008,16.262
pan,sex_t,age_10yrbands_y35_44,cbr_bir_foreign,2017,41.995
pan,sex_t,age_10yrbands_y35_44,cbr_bir_native,1997,314.813
pan,sex_t,age_10yrbands_y35_44,cbr_bir_native,2003,374.887
pan,sex_t,age_10yrbands_y35_44,cbr_bir_native,2008,431.06
pan,sex_t,age_10yrbands_y35_44,cbr_bir_native,2017,468.622
pan,sex_t,age_10yrbands_y35_44,cbr_bir_total,1997,328.716
pan,sex_t,age_10yrbands_y35_44,cbr_bir_total,2003,398.818
pan,sex_t,age_10yrbands_y35_44,cbr_bir_total,2008,448.067
pan,sex_t,age_10yrbands_y35_44,cbr_bir_total,2017,510.617
pan,sex_t,age_10yrbands_y35_44,cbr_bir_x,1997,3.146
pan,sex_t,age_10yrbands_y35_44,cbr_bir_x,2003,6.695
pan,sex_t,age_10yrbands_y35_44,cbr_bir_x,2008,0.745
pan,sex_t,age_10yrbands_y35_44,cbr_bir_x,2017,0
pan,sex_t,age_10yrbands_y45_54,cbr_bir_foreign,1997,8.701
pan,sex_t,age_10yrbands_y45_54,cbr_bir_foreign,2003,10.637
pan,sex_t,age_10yrbands_y45_54,cbr_bir_foreign,2008,15.923
pan,sex_t,age_10yrbands_y45_54,cbr_bir_foreign,2017,23.884
pan,sex_t,age_10yrbands_y45_54,cbr_bir_foreign,2020,40.389
pan,sex_t,age_10yrbands_y45_54,cbr_bir_native,1997,243.113
pan,sex_t,age_10yrbands_y45_54,cbr_bir_native,2003,265.287
pan,sex_t,age_10yrbands_y45_54,cbr_bir_native,2008,327.448
pan,sex_t,age_10yrbands_y45_54,cbr_bir_native,2017,468.185
pan,sex_t,age_10yrbands_y45_54,cbr_bir_native,2020,494.616
pan,sex_t,age_10yrbands_y45_54,cbr_bir_total,1997,254.395
pan,sex_t,age_10yrbands_y45_54,cbr_bir_total,2003,280.031
pan,sex_t,age_10yrbands_y45_54,cbr_bir_total,2008,343.91
pan,sex_t,age_10yrbands_y45_54,cbr_bir_total,2017,492.069
pan,sex_t,age_10yrbands_y45_54,cbr_bir_total,2020,535.005
pan,sex_t,age_10yrbands_y45_54,cbr_bir_x,1997,2.581
pan,sex_t,age_10yrbands_y45_54,cbr_bir_x,2003,4.108
pan,sex_t,age_10yrbands_y45_54,cbr_bir_x,2017,0
pan,sex_t,age_10yrbands_y55_64,cbr_bir_foreign,1997,5.241
pan,sex_t,age_10yrbands_y55_64,cbr_bir_foreign,2003,9.561
pan,sex_t,age_10yrbands_y55_64,cbr_bir_foreign,2008,7.938
pan,sex_t,age_10yrbands_y55_64,cbr_bir_foreign,2017,17.425
pan,sex_t,age_10yrbands_y55_64,cbr_bir_foreign,2020,30.587
pan,sex_t,age_10yrbands_y55_64,cbr_bir_native,1997,169.241
pan,sex_t,age_10yrbands_y55_64,cbr_bir_native,2003,179.42
pan,sex_t,age_10yrbands_y55_64,cbr_bir_native,2008,226.237
pan,sex_t,age_10yrbands_y55_64,cbr_bir_native,2017,342.854
pan,sex_t,age_10yrbands_y55_64,cbr_bir_native,2020,487.332
pan,sex_t,age_10yrbands_y55_64,cbr_bir_total,1997,175.126
pan,sex_t,age_10yrbands_y55_64,cbr_bir_total,2003,190.968
pan,sex_t,age_10yrbands_y55_64,cbr_bir_total,2008,234.703
pan,sex_t,age_10yrbands_y55_64,cbr_bir_total,2017,360.279
pan,sex_t,age_10yrbands_y55_64,cbr_bir_total,2020,517.919
pan,sex_t,age_10yrbands_y55_64,cbr_bir_x,1997,0.645
pan,sex_t,age_10yrbands_y55_64,cbr_bir_x,2003,1.987
pan,sex_t,age_10yrbands_y55_64,cbr_bir_x,2017,0
pan,sex_t,age_10yrbands_yge65,cbr_bir_foreign,1997,10.503
pan,sex_t,age_10yrbands_yge65,cbr_bir_foreign,2003,9.032
pan,sex_t,age_10yrbands_yge65,cbr_bir_foreign,2008,11.459
pan,sex_t,age_10yrbands_yge65,cbr_bir_foreign,2017,14.74
pan,sex_t,age_10yrbands_yge65,cbr_bir_foreign,2020,31.764
pan,sex_t,age_10yrbands_yge65,cbr_bir_native,1997,172.218
pan,sex_t,age_10yrbands_yge65,cbr_bir_native,2003,201.887
pan,sex_t,age_10yrbands_yge65,cbr_bir_native,2008,243.164
pan,sex_t,age_10yrbands_yge65,cbr_bir_native,2017,386.833
pan,sex_t,age_10yrbands_yge65,cbr_bir_native,2020,649.768
pan,sex_t,age_10yrbands_yge65,cbr_bir_total,1997,183.528
pan,sex_t,age_10yrbands_yge65,cbr_bir_total,2003,212.182
pan,sex_t,age_10yrbands_yge65,cbr_bir_total,2008,254.955
pan,sex_t,age_10yrbands_yge65,cbr_bir_total,2017,401.573
pan,sex_t,age_10yrbands_yge65,cbr_bir_total,2020,681.532
pan,sex_t,age_10yrbands_yge65,cbr_bir_x,1997,0.807
pan,sex_t,age_10yrbands_yge65,cbr_bir_x,2003,1.263
pan,sex_t,age_10yrbands_yge65,cbr_bir_x,2017,0
pan,sex_t,age_aggregate_total,cbr_bir_foreign,1997,53.541
pan,sex_t,age_aggregate_total,cbr_bir_foreign,2003,65.83
pan,sex_t,age_aggregate_total,cbr_bir_foreign,2008,87.787
pan,sex_t,age_aggregate_total,cbr_bir_foreign,2017,161.095
pan,sex_t,age_aggregate_total,cbr_bir_foreign,2018,157.58
pan,sex_t,age_aggregate_total,cbr_bir_foreign,2020,183.043
pan,sex_t,age_aggregate_total,cbr_bir_native,1997,1772.202
pan,sex_t,age_aggregate_total,cbr_bir_native,2003,1982.546
pan,sex_t,age_aggregate_total,cbr_bir_native,2008,2244.473
pan,sex_t,age_aggregate_total,cbr_bir_native,2017,2812.191
pan,sex_t,age_aggregate_total,cbr_bir_native,2018,2880.838
pan,sex_t,age_aggregate_total,cbr_bir_native,2020,2997.919
pan,sex_t,age_aggregate_total,cbr_bir_total,1997,1844.286
pan,sex_t,age_aggregate_total,cbr_bir_total,2003,2076.678
pan,sex_t,age_aggregate_total,cbr_bir_total,2008,2336.571
pan,sex_t,age_aggregate_total,cbr_bir_total,2017,2973.286
pan,sex_t,age_aggregate_total,cbr_bir_total,2018,3038.418
pan,sex_t,age_aggregate_total,cbr_bir_total,2020,3180.962
pan,sex_t,age_aggregate_total,cbr_bir_x,1997,18.544
pan,sex_t,age_aggregate_total,cbr_bir_x,2003,28.303
pan,sex_t,age_aggregate_total,cbr_bir_x,2008,4.312
pan,sex_t,age_aggregate_total,cbr_bir_x,2018,0
pan,sex_t,age_aggregate_y15_24,cbr_bir_foreign,1997,7.466
pan,sex_t,age_aggregate_y15_24,cbr_bir_foreign,2003,9.711
pan,sex_t,age_aggregate_y15_24,cbr_bir_foreign,2008,14.312
pan,sex_t,age_aggregate_y15_24,cbr_bir_foreign,2017,21.063
pan,sex_t,age_aggregate_y15_24,cbr_bir_foreign,2018,24
pan,sex_t,age_aggregate_y15_24,cbr_bir_foreign,2020,21.473
pan,sex_t,age_aggregate_y15_24,cbr_bir_native,1997,487.314
pan,sex_t,age_aggregate_y15_24,cbr_bir_native,2003,535.434
pan,sex_t,age_aggregate_y15_24,cbr_bir_native,2008,563.421
pan,sex_t,age_aggregate_y15_24,cbr_bir_native,2017,672.887
pan,sex_t,age_aggregate_y15_24,cbr_bir_native,2018,691.594
pan,sex_t,age_aggregate_y15_24,cbr_bir_native,2020,667.596
pan,sex_t,age_aggregate_y15_24,cbr_bir_total,1997,500.594
pan,sex_t,age_aggregate_y15_24,cbr_bir_total,2003,551.681
pan,sex_t,age_aggregate_y15_24,cbr_bir_total,2008,578.409
pan,sex_t,age_aggregate_y15_24,cbr_bir_total,2017,693.95
pan,sex_t,age_aggregate_y15_24,cbr_bir_total,2018,715.594
pan,sex_t,age_aggregate_y15_24,cbr_bir_total,2020,689.069
pan,sex_t,age_aggregate_y15_24,cbr_bir_x,1997,5.815
pan,sex_t,age_aggregate_y15_24,cbr_bir_x,2003,6.536
pan,sex_t,age_aggregate_y15_24,cbr_bir_x,2008,0.676
pan,sex_t,age_aggregate_y15_24,cbr_bir_x,2018,0
pan,sex_t,age_aggregate_y25_54,cbr_bir_foreign,1997,30.331
pan,sex_t,age_aggregate_y25_54,cbr_bir_foreign,2003,37.526
pan,sex_t,age_aggregate_y25_54,cbr_bir_foreign,2008,54.078
pan,sex_t,age_aggregate_y25_54,cbr_bir_foreign,2017,107.867
pan,sex_t,age_aggregate_y25_54,cbr_bir_foreign,2018,104.12
pan,sex_t,age_aggregate_y25_54,cbr_bir_foreign,2020,47.276
pan,sex_t,age_aggregate_y25_54,cbr_bir_native,1997,943.43
pan,sex_t,age_aggregate_y25_54,cbr_bir_native,2003,1065.804
pan,sex_t,age_aggregate_y25_54,cbr_bir_native,2008,1211.65
pan,sex_t,age_aggregate_y25_54,cbr_bir_native,2017,1409.617
pan,sex_t,age_aggregate_y25_54,cbr_bir_native,2018,1411.48
pan,sex_t,age_aggregate_y25_54,cbr_bir_native,2020,731.29
pan,sex_t,age_aggregate_y25_54,cbr_bir_total,1997,985.038
pan,sex_t,age_aggregate_y25_54,cbr_bir_total,2003,1121.847
pan,sex_t,age_aggregate_y25_54,cbr_bir_total,2008,1268.505
pan,sex_t,age_aggregate_y25_54,cbr_bir_total,2017,1517.484
pan,sex_t,age_aggregate_y25_54,cbr_bir_total,2018,1515.6
pan,sex_t,age_aggregate_y25_54,cbr_bir_total,2020,778.566
pan,sex_t,age_aggregate_y25_54,cbr_bir_x,1997,11.278
pan,sex_t,age_aggregate_y25_54,cbr_bir_x,2003,18.517
pan,sex_t,age_aggregate_y25_54,cbr_bir_x,2008,2.777
pan,sex_t,age_aggregate_y25_54,cbr_bir_x,2018,0
pan,sex_t,age_aggregate_y55_64,cbr_bir_foreign,1997,5.241
pan,sex_t,age_aggregate_y55_64,cbr_bir_foreign,2003,9.561
pan,sex_t,age_aggregate_y55_64,cbr_bir_foreign,2008,7.938
pan,sex_t,age_aggregate_y55_64,cbr_bir_foreign,2017,17.425
pan,sex_t,age_aggregate_y55_64,cbr_bir_foreign,2018,15.499
pan,sex_t,age_aggregate_y55_64,cbr_bir_native,1997,169.241
pan,sex_t,age_aggregate_y55_64,cbr_bir_native,2003,179.42
pan,sex_t,age_aggregate_y55_64,cbr_bir_native,2008,226.237
pan,sex_t,age_aggregate_y55_64,cbr_bir_native,2017,342.854
pan,sex_t,age_aggregate_y55_64,cbr_bir_native,2018,367.447
pan,sex_t,age_aggregate_y55_64,cbr_bir_total,1997,175.126
pan,sex_t,age_aggregate_y55_64,cbr_bir_total,2003,190.968
pan,sex_t,age_aggregate_y55_64,cbr_bir_total,2008,234.703
pan,sex_t,age_aggregate_y55_64,cbr_bir_total,2017,360.279
pan,sex_t,age_aggregate_y55_64,cbr_bir_total,2018,382.946
pan,sex_t,age_aggregate_y55_64,cbr_bir_x,1997,0.645
pan,sex_t,age_aggregate_y55_64,cbr_bir_x,2003,1.987
pan,sex_t,age_aggregate_y55_64,cbr_bir_x,2018,0
pan,sex_t,age_aggregate_yge65,cbr_bir_foreign,1997,10.503
pan,sex_t,age_aggregate_yge65,cbr_bir_foreign,2003,9.032
pan,sex_t,age_aggregate_yge65,cbr_bir_foreign,2008,11.459
pan,sex_t,age_aggregate_yge65,cbr_bir_foreign,2017,14.74
pan,sex_t,age_aggregate_yge65,cbr_bir_foreign,2018,13.961
pan,sex_t,age_aggregate_yge65,cbr_bir_foreign,2020,31.764
pan,sex_t,age_aggregate_yge65,cbr_bir_native,1997,172.218
pan,sex_t,age_aggregate_yge65,cbr_bir_native,2003,201.887
pan,sex_t,age_aggregate_yge65,cbr_bir_native,2008,243.164
pan,sex_t,age_aggregate_yge65,cbr_bir_native,2017,386.833
pan,sex_t,age_aggregate_yge65,cbr_bir_native,2018,410.317
pan,sex_t,age_aggregate_yge65,cbr_bir_native,2020,649.768
pan,sex_t,age_aggregate_yge65,cbr_bir_total,1997,183.528
pan,sex_t,age_aggregate_yge65,cbr_bir_total,2003,212.182
pan,sex_t,age_aggregate_yge65,cbr_bir_total,2008,254.955
pan,sex_t,age_aggregate_yge65,cbr_bir_total,2017,401.573
pan,sex_t,age_aggregate_yge65,cbr_bir_total,2018,424.278
pan,sex_t,age_aggregate_yge65,cbr_bir_total,2020,681.532
pan,sex_t,age_aggregate_yge65,cbr_bir_x,1997,0.807
pan,sex_t,age_aggregate_yge65,cbr_bir_x,2003,1.263
pan,sex_t,age_aggregate_yge65,cbr_bir_x,2018,0
pan,sex_t,age_ythadult_y15_24,cbr_bir_foreign,1997,7.466
pan,sex_t,age_ythadult_y15_24,cbr_bir_foreign,2003,9.711
pan,sex_t,age_ythadult_y15_24,cbr_bir_foreign,2008,14.312
pan,sex_t,age_ythadult_y15_24,cbr_bir_foreign,2017,21.063
pan,sex_t,age_ythadult_y15_24,cbr_bir_foreign,2018,24
pan,sex_t,age_ythadult_y15_24,cbr_bir_foreign,2020,21.473
pan,sex_t,age_ythadult_y15_24,cbr_bir_native,1997,487.314
pan,sex_t,age_ythadult_y15_24,cbr_bir_native,2003,535.434
pan,sex_t,age_ythadult_y15_24,cbr_bir_native,2008,563.421
pan,sex_t,age_ythadult_y15_24,cbr_bir_native,2017,672.887
pan,sex_t,age_ythadult_y15_24,cbr_bir_native,2018,691.594
pan,sex_t,age_ythadult_y15_24,cbr_bir_native,2020,667.596
pan,sex_t,age_ythadult_y15_24,cbr_bir_total,1997,500.594
pan,sex_t,age_ythadult_y15_24,cbr_bir_total,2003,551.681
pan,sex_t,age_ythadult_y15_24,cbr_bir_total,2008,578.409
pan,sex_t,age_ythadult_y15_24,cbr_bir_total,2017,693.95
pan,sex_t,age_ythadult_y15_24,cbr_bir_total,2018,715.594
pan,sex_t,age_ythadult_y15_24,cbr_bir_total,2020,689.069
pan,sex_t,age_ythadult_y15_24,cbr_bir_x,1997,5.815
pan,sex_t,age_ythadult_y15_24,cbr_bir_x,2003,6.536
pan,sex_t,age_ythadult_y15_24,cbr_bir_x,2008,0.676
pan,sex_t,age_ythadult_y15_64,cbr_bir_foreign,1997,43.038
pan,sex_t,age_ythadult_y15_64,cbr_bir_foreign,2003,56.798
pan,sex_t,age_ythadult_y15_64,cbr_bir_foreign,2008,76.328
pan,sex_t,age_ythadult_y15_64,cbr_bir_foreign,2017,146.355
pan,sex_t,age_ythadult_y15_64,cbr_bir_foreign,2018,143.619
pan,sex_t,age_ythadult_y15_64,cbr_bir_native,1997,1599.984
pan,sex_t,age_ythadult_y15_64,cbr_bir_native,2003,1780.658
pan,sex_t,age_ythadult_y15_64,cbr_bir_native,2008,2001.309
pan,sex_t,age_ythadult_y15_64,cbr_bir_native,2017,2425.358
pan,sex_t,age_ythadult_y15_64,cbr_bir_native,2018,2470.521
pan,sex_t,age_ythadult_y15_64,cbr_bir_total,1997,1660.759
pan,sex_t,age_ythadult_y15_64,cbr_bir_total,2003,1864.496
pan,sex_t,age_ythadult_y15_64,cbr_bir_total,2008,2081.616
pan,sex_t,age_ythadult_y15_64,cbr_bir_total,2017,2571.713
pan,sex_t,age_ythadult_y15_64,cbr_bir_total,2018,2614.14
pan,sex_t,age_ythadult_y15_64,cbr_bir_x,1997,17.737
pan,sex_t,age_ythadult_y15_64,cbr_bir_x,2003,27.04
pan,sex_t,age_ythadult_y15_64,cbr_bir_x,2008,3.98
pan,sex_t,age_ythadult_yge15,cbr_bir_foreign,1997,53.541
pan,sex_t,age_ythadult_yge15,cbr_bir_foreign,2003,65.83
pan,sex_t,age_ythadult_yge15,cbr_bir_foreign,2008,87.787
pan,sex_t,age_ythadult_yge15,cbr_bir_foreign,2017,161.095
pan,sex_t,age_ythadult_yge15,cbr_bir_foreign,2018,157.58
pan,sex_t,age_ythadult_yge15,cbr_bir_foreign,2020,183.043
pan,sex_t,age_ythadult_yge15,cbr_bir_native,1997,1772.202
pan,sex_t,age_ythadult_yge15,cbr_bir_native,2003,1982.546
pan,sex_t,age_ythadult_yge15,cbr_bir_native,2008,2244.473
pan,sex_t,age_ythadult_yge15,cbr_bir_native,2017,2812.191
pan,sex_t,age_ythadult_yge15,cbr_bir_native,2018,2880.838
pan,sex_t,age_ythadult_yge15,cbr_bir_native,2020,2997.919
pan,sex_t,age_ythadult_yge15,cbr_bir_total,1997,1844.286
pan,sex_t,age_ythadult_yge15,cbr_bir_total,2003,2076.678
pan,sex_t,age_ythadult_yge15,cbr_bir_total,2008,2336.571
pan,sex_t,age_ythadult_yge15,cbr_bir_total,2017,2973.286
pan,sex_t,age_ythadult_yge15,cbr_bir_total,2018,3038.418
pan,sex_t,age_ythadult_yge15,cbr_bir_total,2020,3180.962
pan,sex_t,age_ythadult_yge15,cbr_bir_x,1997,18.544
pan,sex_t,age_ythadult_yge15,cbr_bir_x,2003,28.303
pan,sex_t,age_ythadult_yge15,cbr_bir_x,2008,4.312
pan,sex_t,age_ythadult_yge25,cbr_bir_foreign,1997,46.075
pan,sex_t,age_ythadult_yge25,cbr_bir_foreign,2003,56.119
pan,sex_t,age_ythadult_yge25,cbr_bir_foreign,2008,73.475
pan,sex_t,age_ythadult_yge25,cbr_bir_foreign,2017,140.032
pan,sex_t,age_ythadult_yge25,cbr_bir_foreign,2018,133.58
pan,sex_t,age_ythadult_yge25,cbr_bir_foreign,2020,79.04
pan,sex_t,age_ythadult_yge25,cbr_bir_native,1997,1284.888
pan,sex_t,age_ythadult_yge25,cbr_bir_native,2003,1447.111
pan,sex_t,age_ythadult_yge25,cbr_bir_native,2008,1681.052
pan,sex_t,age_ythadult_yge25,cbr_bir_native,2017,2139.304
pan,sex_t,age_ythadult_yge25,cbr_bir_native,2018,2189.244
pan,sex_t,age_ythadult_yge25,cbr_bir_native,2020,1381.058
pan,sex_t,age_ythadult_yge25,cbr_bir_total,1997,1343.692
pan,sex_t,age_ythadult_yge25,cbr_bir_total,2003,1524.997
pan,sex_t,age_ythadult_yge25,cbr_bir_total,2008,1758.162
pan,sex_t,age_ythadult_yge25,cbr_bir_total,2017,2279.336
pan,sex_t,age_ythadult_yge25,cbr_bir_total,2018,2322.824
pan,sex_t,age_ythadult_yge25,cbr_bir_total,2020,1460.098
pan,sex_t,age_ythadult_yge25,cbr_bir_x,1997,12.73
pan,sex_t,age_ythadult_yge25,cbr_bir_x,2003,21.767
pan,sex_t,age_ythadult_yge25,cbr_bir_x,2008,3.636
