ref_area,sex,classif1,time,emp_2emp_sex_eco_nb
cmr,sex_f,eco_aggregate_agr,1991,1768.569
cmr,sex_f,eco_aggregate_agr,1992,1816.112
cmr,sex_f,eco_aggregate_agr,1993,1865.624
cmr,sex_f,eco_aggregate_agr,1994,1915.344
cmr,sex_f,eco_aggregate_agr,1995,1965.685
cmr,sex_f,eco_aggregate_agr,1996,2014.308
cmr,sex_f,eco_aggregate_agr,1997,2064.527
cmr,sex_f,eco_aggregate_agr,1998,2114.584
cmr,sex_f,eco_aggregate_agr,1999,2164.975
cmr,sex_f,eco_aggregate_agr,2000,2213.785
cmr,sex_f,eco_aggregate_agr,2001,2246.029
cmr,sex_f,eco_aggregate_agr,2002,2319.052
cmr,sex_f,eco_aggregate_agr,2003,2388.702
cmr,sex_f,eco_aggregate_agr,2004,2454.182
cmr,sex_f,eco_aggregate_agr,2005,2524.322
cmr,sex_f,eco_aggregate_agr,2006,2583.305
cmr,sex_f,eco_aggregate_agr,2007,2641.85
cmr,sex_f,eco_aggregate_agr,2008,2565.371
cmr,sex_f,eco_aggregate_agr,2009,2470.079
cmr,sex_f,eco_aggregate_agr,2010,2372.504
cmr,sex_f,eco_aggregate_agr,2011,2374.756
cmr,sex_f,eco_aggregate_agr,2012,2371.184
cmr,sex_f,eco_aggregate_agr,2013,2362.358
cmr,sex_f,eco_aggregate_agr,2014,2350.791
cmr,sex_f,eco_aggregate_agr,2015,2359.142
cmr,sex_f,eco_aggregate_agr,2016,2377.145
cmr,sex_f,eco_aggregate_agr,2017,2399.418
cmr,sex_f,eco_aggregate_agr,2018,2425.909
cmr,sex_f,eco_aggregate_agr,2019,2455.29
cmr,sex_f,eco_aggregate_con,1991,26.961
cmr,sex_f,eco_aggregate_con,1992,27.181
cmr,sex_f,eco_aggregate_con,1993,27.734
cmr,sex_f,eco_aggregate_con,1994,27.777
cmr,sex_f,eco_aggregate_con,1995,28.121
cmr,sex_f,eco_aggregate_con,1996,28.638
cmr,sex_f,eco_aggregate_con,1997,29.08
cmr,sex_f,eco_aggregate_con,1998,30.386
cmr,sex_f,eco_aggregate_con,1999,31.13
cmr,sex_f,eco_aggregate_con,2000,33.396
cmr,sex_f,eco_aggregate_con,2001,41.786
cmr,sex_f,eco_aggregate_con,2002,22.997
cmr,sex_f,eco_aggregate_con,2003,11.275
cmr,sex_f,eco_aggregate_con,2004,5.125
cmr,sex_f,eco_aggregate_con,2005,2.291
cmr,sex_f,eco_aggregate_con,2006,0.996
cmr,sex_f,eco_aggregate_con,2007,0.434
cmr,sex_f,eco_aggregate_con,2008,0.588
cmr,sex_f,eco_aggregate_con,2009,0.791
cmr,sex_f,eco_aggregate_con,2010,1.051
cmr,sex_f,eco_aggregate_con,2011,1.491
cmr,sex_f,eco_aggregate_con,2012,2.102
cmr,sex_f,eco_aggregate_con,2013,2.958
cmr,sex_f,eco_aggregate_con,2014,4.165
cmr,sex_f,eco_aggregate_con,2015,4.083
cmr,sex_f,eco_aggregate_con,2016,4.189
cmr,sex_f,eco_aggregate_con,2017,4.355
cmr,sex_f,eco_aggregate_con,2018,4.478
cmr,sex_f,eco_aggregate_con,2019,4.641
cmr,sex_f,eco_aggregate_man,1991,138.175
cmr,sex_f,eco_aggregate_man,1992,141.907
cmr,sex_f,eco_aggregate_man,1993,146.131
cmr,sex_f,eco_aggregate_man,1994,150.744
cmr,sex_f,eco_aggregate_man,1995,154.083
cmr,sex_f,eco_aggregate_man,1996,157.763
cmr,sex_f,eco_aggregate_man,1997,161.692
cmr,sex_f,eco_aggregate_man,1998,168.035
cmr,sex_f,eco_aggregate_man,1999,175.35
cmr,sex_f,eco_aggregate_man,2000,183.973
cmr,sex_f,eco_aggregate_man,2001,193.199
cmr,sex_f,eco_aggregate_man,2002,217.658
cmr,sex_f,eco_aggregate_man,2003,243.754
cmr,sex_f,eco_aggregate_man,2004,270.01
cmr,sex_f,eco_aggregate_man,2005,302.771
cmr,sex_f,eco_aggregate_man,2006,338.326
cmr,sex_f,eco_aggregate_man,2007,375.783
cmr,sex_f,eco_aggregate_man,2008,376.302
cmr,sex_f,eco_aggregate_man,2009,380.064
cmr,sex_f,eco_aggregate_man,2010,377.281
cmr,sex_f,eco_aggregate_man,2011,393.504
cmr,sex_f,eco_aggregate_man,2012,410.988
cmr,sex_f,eco_aggregate_man,2013,426.87
cmr,sex_f,eco_aggregate_man,2014,444.068
cmr,sex_f,eco_aggregate_man,2015,465.213
cmr,sex_f,eco_aggregate_man,2016,484.183
cmr,sex_f,eco_aggregate_man,2017,504.519
cmr,sex_f,eco_aggregate_man,2018,519.57
cmr,sex_f,eco_aggregate_man,2019,536.868
cmr,sex_f,eco_aggregate_mel,1991,11.382
cmr,sex_f,eco_aggregate_mel,1992,11.875
cmr,sex_f,eco_aggregate_mel,1993,12.465
cmr,sex_f,eco_aggregate_mel,1994,12.987
cmr,sex_f,eco_aggregate_mel,1995,13.51
cmr,sex_f,eco_aggregate_mel,1996,14.051
cmr,sex_f,eco_aggregate_mel,1997,14.636
cmr,sex_f,eco_aggregate_mel,1998,15.275
cmr,sex_f,eco_aggregate_mel,1999,15.907
cmr,sex_f,eco_aggregate_mel,2000,16.962
cmr,sex_f,eco_aggregate_mel,2001,19.465
cmr,sex_f,eco_aggregate_mel,2002,14.945
cmr,sex_f,eco_aggregate_mel,2003,11.164
cmr,sex_f,eco_aggregate_mel,2004,8.094
cmr,sex_f,eco_aggregate_mel,2005,5.856
cmr,sex_f,eco_aggregate_mel,2006,4.136
cmr,sex_f,eco_aggregate_mel,2007,2.884
cmr,sex_f,eco_aggregate_mel,2008,3.746
cmr,sex_f,eco_aggregate_mel,2009,4.831
cmr,sex_f,eco_aggregate_mel,2010,6.183
cmr,sex_f,eco_aggregate_mel,2011,8.299
cmr,sex_f,eco_aggregate_mel,2012,11.085
cmr,sex_f,eco_aggregate_mel,2013,14.71
cmr,sex_f,eco_aggregate_mel,2014,19.497
cmr,sex_f,eco_aggregate_mel,2015,19.491
cmr,sex_f,eco_aggregate_mel,2016,20.31
cmr,sex_f,eco_aggregate_mel,2017,21.47
cmr,sex_f,eco_aggregate_mel,2018,22.627
cmr,sex_f,eco_aggregate_mel,2019,23.823
cmr,sex_f,eco_aggregate_mkt,1991,399.935
cmr,sex_f,eco_aggregate_mkt,1992,412.306
cmr,sex_f,eco_aggregate_mkt,1993,423.675
cmr,sex_f,eco_aggregate_mkt,1994,439.747
cmr,sex_f,eco_aggregate_mkt,1995,457.2
cmr,sex_f,eco_aggregate_mkt,1996,476.017
cmr,sex_f,eco_aggregate_mkt,1997,497.21
cmr,sex_f,eco_aggregate_mkt,1998,519.295
cmr,sex_f,eco_aggregate_mkt,1999,542.375
cmr,sex_f,eco_aggregate_mkt,2000,566.674
cmr,sex_f,eco_aggregate_mkt,2001,592.909
cmr,sex_f,eco_aggregate_mkt,2002,610.162
cmr,sex_f,eco_aggregate_mkt,2003,627.045
cmr,sex_f,eco_aggregate_mkt,2004,645.67
cmr,sex_f,eco_aggregate_mkt,2005,659.118
cmr,sex_f,eco_aggregate_mkt,2006,671.397
cmr,sex_f,eco_aggregate_mkt,2007,685.744
cmr,sex_f,eco_aggregate_mkt,2008,721.07
cmr,sex_f,eco_aggregate_mkt,2009,750.756
cmr,sex_f,eco_aggregate_mkt,2010,781.968
cmr,sex_f,eco_aggregate_mkt,2011,853.087
cmr,sex_f,eco_aggregate_mkt,2012,930.237
cmr,sex_f,eco_aggregate_mkt,2013,1015.406
cmr,sex_f,eco_aggregate_mkt,2014,1104.46
cmr,sex_f,eco_aggregate_mkt,2015,1182.176
cmr,sex_f,eco_aggregate_mkt,2016,1254.746
cmr,sex_f,eco_aggregate_mkt,2017,1327.934
cmr,sex_f,eco_aggregate_mkt,2018,1405.167
cmr,sex_f,eco_aggregate_mkt,2019,1482.036
cmr,sex_f,eco_aggregate_pub,1991,98.974
cmr,sex_f,eco_aggregate_pub,1992,103.082
cmr,sex_f,eco_aggregate_pub,1993,108.004
cmr,sex_f,eco_aggregate_pub,1994,112.451
cmr,sex_f,eco_aggregate_pub,1995,117.014
cmr,sex_f,eco_aggregate_pub,1996,121.783
cmr,sex_f,eco_aggregate_pub,1997,127.073
cmr,sex_f,eco_aggregate_pub,1998,133.257
cmr,sex_f,eco_aggregate_pub,1999,140.575
cmr,sex_f,eco_aggregate_pub,2000,149.355
cmr,sex_f,eco_aggregate_pub,2001,160.305
cmr,sex_f,eco_aggregate_pub,2002,178.642
cmr,sex_f,eco_aggregate_pub,2003,198.301
cmr,sex_f,eco_aggregate_pub,2004,218.412
cmr,sex_f,eco_aggregate_pub,2005,242.978
cmr,sex_f,eco_aggregate_pub,2006,267.775
cmr,sex_f,eco_aggregate_pub,2007,294.389
cmr,sex_f,eco_aggregate_pub,2008,311.092
cmr,sex_f,eco_aggregate_pub,2009,327.094
cmr,sex_f,eco_aggregate_pub,2010,342.626
cmr,sex_f,eco_aggregate_pub,2011,374.966
cmr,sex_f,eco_aggregate_pub,2012,409.76
cmr,sex_f,eco_aggregate_pub,2013,446.633
cmr,sex_f,eco_aggregate_pub,2014,487.475
cmr,sex_f,eco_aggregate_pub,2015,518.227
cmr,sex_f,eco_aggregate_pub,2016,548.496
cmr,sex_f,eco_aggregate_pub,2017,579.981
cmr,sex_f,eco_aggregate_pub,2018,612.167
cmr,sex_f,eco_aggregate_pub,2019,644.989
cmr,sex_f,eco_aggregate_total,1991,2443.996
cmr,sex_f,eco_aggregate_total,1992,2512.462
cmr,sex_f,eco_aggregate_total,1993,2583.633
cmr,sex_f,eco_aggregate_total,1994,2659.05
cmr,sex_f,eco_aggregate_total,1995,2735.614
cmr,sex_f,eco_aggregate_total,1996,2812.561
cmr,sex_f,eco_aggregate_total,1997,2894.218
cmr,sex_f,eco_aggregate_total,1998,2980.831
cmr,sex_f,eco_aggregate_total,1999,3070.313
cmr,sex_f,eco_aggregate_total,2000,3164.145
cmr,sex_f,eco_aggregate_total,2001,3253.693
cmr,sex_f,eco_aggregate_total,2002,3363.457
cmr,sex_f,eco_aggregate_total,2003,3480.24
cmr,sex_f,eco_aggregate_total,2004,3601.493
cmr,sex_f,eco_aggregate_total,2005,3737.336
cmr,sex_f,eco_aggregate_total,2006,3865.935
cmr,sex_f,eco_aggregate_total,2007,4001.085
cmr,sex_f,eco_aggregate_total,2008,3978.169
cmr,sex_f,eco_aggregate_total,2009,3933.615
cmr,sex_f,eco_aggregate_total,2010,3881.614
cmr,sex_f,eco_aggregate_total,2011,4006.103
cmr,sex_f,eco_aggregate_total,2012,4135.355
cmr,sex_f,eco_aggregate_total,2013,4268.934
cmr,sex_f,eco_aggregate_total,2014,4410.456
cmr,sex_f,eco_aggregate_total,2015,4548.331
cmr,sex_f,eco_aggregate_total,2016,4689.07
cmr,sex_f,eco_aggregate_total,2017,4837.678
cmr,sex_f,eco_aggregate_total,2018,4989.917
cmr,sex_f,eco_aggregate_total,2019,5147.647
cmr,sex_f,eco_details_a,1991,1768.569
cmr,sex_f,eco_details_a,1992,1816.112
cmr,sex_f,eco_details_a,1993,1865.624
cmr,sex_f,eco_details_a,1994,1915.344
cmr,sex_f,eco_details_a,1995,1965.685
cmr,sex_f,eco_details_a,1996,2014.308
cmr,sex_f,eco_details_a,1997,2064.527
cmr,sex_f,eco_details_a,1998,2114.584
cmr,sex_f,eco_details_a,1999,2164.975
cmr,sex_f,eco_details_a,2000,2213.785
cmr,sex_f,eco_details_a,2001,2246.029
cmr,sex_f,eco_details_a,2002,2319.052
cmr,sex_f,eco_details_a,2003,2388.702
cmr,sex_f,eco_details_a,2004,2454.182
cmr,sex_f,eco_details_a,2005,2524.322
cmr,sex_f,eco_details_a,2006,2583.305
cmr,sex_f,eco_details_a,2007,2641.85
cmr,sex_f,eco_details_a,2008,2565.371
cmr,sex_f,eco_details_a,2009,2470.079
cmr,sex_f,eco_details_a,2010,2372.504
cmr,sex_f,eco_details_a,2011,2374.756
cmr,sex_f,eco_details_a,2012,2371.184
cmr,sex_f,eco_details_a,2013,2362.358
cmr,sex_f,eco_details_a,2014,2350.791
cmr,sex_f,eco_details_a,2015,2359.142
cmr,sex_f,eco_details_a,2016,2377.145
cmr,sex_f,eco_details_a,2017,2399.418
cmr,sex_f,eco_details_a,2018,2425.909
cmr,sex_f,eco_details_a,2019,2455.29
cmr,sex_f,eco_details_b,1991,7.19
cmr,sex_f,eco_details_b,1992,7.277
cmr,sex_f,eco_details_b,1993,7.184
cmr,sex_f,eco_details_b,1994,7.414
cmr,sex_f,eco_details_b,1995,7.636
cmr,sex_f,eco_details_b,1996,7.86
cmr,sex_f,eco_details_b,1997,8.198
cmr,sex_f,eco_details_b,1998,8.505
cmr,sex_f,eco_details_b,1999,8.747
cmr,sex_f,eco_details_b,2000,9.195
cmr,sex_f,eco_details_b,2001,10.114
cmr,sex_f,eco_details_b,2002,7.991
cmr,sex_f,eco_details_b,2003,6.217
cmr,sex_f,eco_details_b,2004,4.781
cmr,sex_f,eco_details_b,2005,3.448
cmr,sex_f,eco_details_b,2006,2.349
cmr,sex_f,eco_details_b,2007,1.458
cmr,sex_f,eco_details_b,2008,2.058
cmr,sex_f,eco_details_b,2009,2.814
cmr,sex_f,eco_details_b,2010,3.887
cmr,sex_f,eco_details_b,2011,5.57
cmr,sex_f,eco_details_b,2012,7.931
cmr,sex_f,eco_details_b,2013,11.166
cmr,sex_f,eco_details_b,2014,15.426
cmr,sex_f,eco_details_b,2015,14.38
cmr,sex_f,eco_details_b,2016,14.397
cmr,sex_f,eco_details_b,2017,14.985
cmr,sex_f,eco_details_b,2018,15.601
cmr,sex_f,eco_details_b,2019,16.257
cmr,sex_f,eco_details_c,1991,138.175
cmr,sex_f,eco_details_c,1992,141.907
cmr,sex_f,eco_details_c,1993,146.131
cmr,sex_f,eco_details_c,1994,150.744
cmr,sex_f,eco_details_c,1995,154.083
cmr,sex_f,eco_details_c,1996,157.763
cmr,sex_f,eco_details_c,1997,161.692
cmr,sex_f,eco_details_c,1998,168.035
cmr,sex_f,eco_details_c,1999,175.35
cmr,sex_f,eco_details_c,2000,183.973
cmr,sex_f,eco_details_c,2001,193.199
cmr,sex_f,eco_details_c,2002,217.658
cmr,sex_f,eco_details_c,2003,243.754
cmr,sex_f,eco_details_c,2004,270.01
cmr,sex_f,eco_details_c,2005,302.771
cmr,sex_f,eco_details_c,2006,338.326
cmr,sex_f,eco_details_c,2007,375.783
cmr,sex_f,eco_details_c,2008,376.302
cmr,sex_f,eco_details_c,2009,380.064
cmr,sex_f,eco_details_c,2010,377.281
cmr,sex_f,eco_details_c,2011,393.504
cmr,sex_f,eco_details_c,2012,410.988
cmr,sex_f,eco_details_c,2013,426.87
cmr,sex_f,eco_details_c,2014,444.068
cmr,sex_f,eco_details_c,2015,465.213
cmr,sex_f,eco_details_c,2016,484.183
cmr,sex_f,eco_details_c,2017,504.519
cmr,sex_f,eco_details_c,2018,519.57
cmr,sex_f,eco_details_c,2019,536.868
cmr,sex_f,eco_details_de,1991,4.192
cmr,sex_f,eco_details_de,1992,4.598
cmr,sex_f,eco_details_de,1993,5.281
cmr,sex_f,eco_details_de,1994,5.573
cmr,sex_f,eco_details_de,1995,5.874
cmr,sex_f,eco_details_de,1996,6.191
cmr,sex_f,eco_details_de,1997,6.439
cmr,sex_f,eco_details_de,1998,6.769
cmr,sex_f,eco_details_de,1999,7.16
cmr,sex_f,eco_details_de,2000,7.766
cmr,sex_f,eco_details_de,2001,9.351
cmr,sex_f,eco_details_de,2002,6.954
cmr,sex_f,eco_details_de,2003,4.947
cmr,sex_f,eco_details_de,2004,3.313
cmr,sex_f,eco_details_de,2005,2.408
cmr,sex_f,eco_details_de,2006,1.787
cmr,sex_f,eco_details_de,2007,1.426
cmr,sex_f,eco_details_de,2008,1.688
cmr,sex_f,eco_details_de,2009,2.016
cmr,sex_f,eco_details_de,2010,2.296
cmr,sex_f,eco_details_de,2011,2.729
cmr,sex_f,eco_details_de,2012,3.154
cmr,sex_f,eco_details_de,2013,3.544
cmr,sex_f,eco_details_de,2014,4.07
cmr,sex_f,eco_details_de,2015,5.112
cmr,sex_f,eco_details_de,2016,5.913
cmr,sex_f,eco_details_de,2017,6.485
cmr,sex_f,eco_details_de,2018,7.026
cmr,sex_f,eco_details_de,2019,7.567
cmr,sex_f,eco_details_f,1991,26.961
cmr,sex_f,eco_details_f,1992,27.181
cmr,sex_f,eco_details_f,1993,27.734
cmr,sex_f,eco_details_f,1994,27.777
cmr,sex_f,eco_details_f,1995,28.121
cmr,sex_f,eco_details_f,1996,28.638
cmr,sex_f,eco_details_f,1997,29.08
cmr,sex_f,eco_details_f,1998,30.386
cmr,sex_f,eco_details_f,1999,31.13
cmr,sex_f,eco_details_f,2000,33.396
cmr,sex_f,eco_details_f,2001,41.786
cmr,sex_f,eco_details_f,2002,22.997
cmr,sex_f,eco_details_f,2003,11.275
cmr,sex_f,eco_details_f,2004,5.125
cmr,sex_f,eco_details_f,2005,2.291
cmr,sex_f,eco_details_f,2006,0.996
cmr,sex_f,eco_details_f,2007,0.434
cmr,sex_f,eco_details_f,2008,0.588
cmr,sex_f,eco_details_f,2009,0.791
cmr,sex_f,eco_details_f,2010,1.051
cmr,sex_f,eco_details_f,2011,1.491
cmr,sex_f,eco_details_f,2012,2.102
cmr,sex_f,eco_details_f,2013,2.958
cmr,sex_f,eco_details_f,2014,4.165
cmr,sex_f,eco_details_f,2015,4.083
cmr,sex_f,eco_details_f,2016,4.189
cmr,sex_f,eco_details_f,2017,4.355
cmr,sex_f,eco_details_f,2018,4.478
cmr,sex_f,eco_details_f,2019,4.641
cmr,sex_f,eco_details_g,1991,213.334
cmr,sex_f,eco_details_g,1992,222.958
cmr,sex_f,eco_details_g,1993,234.224
cmr,sex_f,eco_details_g,1994,244.589
cmr,sex_f,eco_details_g,1995,256.145
cmr,sex_f,eco_details_g,1996,269.046
cmr,sex_f,eco_details_g,1997,283.563
cmr,sex_f,eco_details_g,1998,297.271
cmr,sex_f,eco_details_g,1999,313.693
cmr,sex_f,eco_details_g,2000,330.846
cmr,sex_f,eco_details_g,2001,346.357
cmr,sex_f,eco_details_g,2002,357.83
cmr,sex_f,eco_details_g,2003,368.478
cmr,sex_f,eco_details_g,2004,378.088
cmr,sex_f,eco_details_g,2005,389.998
cmr,sex_f,eco_details_g,2006,398.19
cmr,sex_f,eco_details_g,2007,408.169
cmr,sex_f,eco_details_g,2008,432.313
cmr,sex_f,eco_details_g,2009,455.534
cmr,sex_f,eco_details_g,2010,479.089
cmr,sex_f,eco_details_g,2011,528.692
cmr,sex_f,eco_details_g,2012,581.745
cmr,sex_f,eco_details_g,2013,639.732
cmr,sex_f,eco_details_g,2014,701.03
cmr,sex_f,eco_details_g,2015,750.099
cmr,sex_f,eco_details_g,2016,797.607
cmr,sex_f,eco_details_g,2017,844.774
cmr,sex_f,eco_details_g,2018,894.886
cmr,sex_f,eco_details_g,2019,944.385
cmr,sex_f,eco_details_hj,1991,30.22
cmr,sex_f,eco_details_hj,1992,31.52
cmr,sex_f,eco_details_hj,1993,33.095
cmr,sex_f,eco_details_hj,1994,34.528
cmr,sex_f,eco_details_hj,1995,35.943
cmr,sex_f,eco_details_hj,1996,37.422
cmr,sex_f,eco_details_hj,1997,39.006
cmr,sex_f,eco_details_hj,1998,40.719
cmr,sex_f,eco_details_hj,1999,42.47
cmr,sex_f,eco_details_hj,2000,44.412
cmr,sex_f,eco_details_hj,2001,46.381
cmr,sex_f,eco_details_hj,2002,47.078
cmr,sex_f,eco_details_hj,2003,47.442
cmr,sex_f,eco_details_hj,2004,47.371
cmr,sex_f,eco_details_hj,2005,47.72
cmr,sex_f,eco_details_hj,2006,47.692
cmr,sex_f,eco_details_hj,2007,48.846
cmr,sex_f,eco_details_hj,2008,49.043
cmr,sex_f,eco_details_hj,2009,48.837
cmr,sex_f,eco_details_hj,2010,48.35
cmr,sex_f,eco_details_hj,2011,50.599
cmr,sex_f,eco_details_hj,2012,52.856
cmr,sex_f,eco_details_hj,2013,55.112
cmr,sex_f,eco_details_hj,2014,57.472
cmr,sex_f,eco_details_hj,2015,62.861
cmr,sex_f,eco_details_hj,2016,66.307
cmr,sex_f,eco_details_hj,2017,69.825
cmr,sex_f,eco_details_hj,2018,73.194
cmr,sex_f,eco_details_hj,2019,76.32
cmr,sex_f,eco_details_i,1991,140.915
cmr,sex_f,eco_details_i,1992,142.047
cmr,sex_f,eco_details_i,1993,140.236
cmr,sex_f,eco_details_i,1994,144.104
cmr,sex_f,eco_details_i,1995,148.091
cmr,sex_f,eco_details_i,1996,151.927
cmr,sex_f,eco_details_i,1997,156.328
cmr,sex_f,eco_details_i,1998,162.223
cmr,sex_f,eco_details_i,1999,166.253
cmr,sex_f,eco_details_i,2000,170.543
cmr,sex_f,eco_details_i,2001,178.195
cmr,sex_f,eco_details_i,2002,182.7
cmr,sex_f,eco_details_i,2003,188.015
cmr,sex_f,eco_details_i,2004,196.488
cmr,sex_f,eco_details_i,2005,197.098
cmr,sex_f,eco_details_i,2006,200.752
cmr,sex_f,eco_details_i,2007,203.387
cmr,sex_f,eco_details_i,2008,213.203
cmr,sex_f,eco_details_i,2009,218.872
cmr,sex_f,eco_details_i,2010,225.982
cmr,sex_f,eco_details_i,2011,242.374
cmr,sex_f,eco_details_i,2012,260.997
cmr,sex_f,eco_details_i,2013,282.181
cmr,sex_f,eco_details_i,2014,303.467
cmr,sex_f,eco_details_i,2015,323.051
cmr,sex_f,eco_details_i,2016,341.011
cmr,sex_f,eco_details_i,2017,359.781
cmr,sex_f,eco_details_i,2018,379.635
cmr,sex_f,eco_details_i,2019,400.219
cmr,sex_f,eco_details_k,1991,6.068
cmr,sex_f,eco_details_k,1992,6.186
cmr,sex_f,eco_details_k,1993,6.254
cmr,sex_f,eco_details_k,1994,6.439
cmr,sex_f,eco_details_k,1995,6.658
cmr,sex_f,eco_details_k,1996,6.91
cmr,sex_f,eco_details_k,1997,7.209
cmr,sex_f,eco_details_k,1998,7.519
cmr,sex_f,eco_details_k,1999,7.834
cmr,sex_f,eco_details_k,2000,8.146
cmr,sex_f,eco_details_k,2001,8.515
cmr,sex_f,eco_details_k,2002,8.732
cmr,sex_f,eco_details_k,2003,8.936
cmr,sex_f,eco_details_k,2004,9.248
cmr,sex_f,eco_details_k,2005,9.405
cmr,sex_f,eco_details_k,2006,9.533
cmr,sex_f,eco_details_k,2007,9.596
cmr,sex_f,eco_details_k,2008,10.684
cmr,sex_f,eco_details_k,2009,11.749
cmr,sex_f,eco_details_k,2010,12.936
cmr,sex_f,eco_details_k,2011,15.031
cmr,sex_f,eco_details_k,2012,17.456
cmr,sex_f,eco_details_k,2013,20.363
cmr,sex_f,eco_details_k,2014,23.588
cmr,sex_f,eco_details_k,2015,25.031
cmr,sex_f,eco_details_k,2016,26.64
cmr,sex_f,eco_details_k,2017,28.252
cmr,sex_f,eco_details_k,2018,29.93
cmr,sex_f,eco_details_k,2019,31.396
cmr,sex_f,eco_details_lmn,1991,9.397
cmr,sex_f,eco_details_lmn,1992,9.595
cmr,sex_f,eco_details_lmn,1993,9.866
cmr,sex_f,eco_details_lmn,1994,10.086
cmr,sex_f,eco_details_lmn,1995,10.363
cmr,sex_f,eco_details_lmn,1996,10.713
cmr,sex_f,eco_details_lmn,1997,11.104
cmr,sex_f,eco_details_lmn,1998,11.564
cmr,sex_f,eco_details_lmn,1999,12.124
cmr,sex_f,eco_details_lmn,2000,12.726
cmr,sex_f,eco_details_lmn,2001,13.462
cmr,sex_f,eco_details_lmn,2002,13.823
cmr,sex_f,eco_details_lmn,2003,14.174
cmr,sex_f,eco_details_lmn,2004,14.474
cmr,sex_f,eco_details_lmn,2005,14.896
cmr,sex_f,eco_details_lmn,2006,15.231
cmr,sex_f,eco_details_lmn,2007,15.746
cmr,sex_f,eco_details_lmn,2008,15.826
cmr,sex_f,eco_details_lmn,2009,15.764
cmr,sex_f,eco_details_lmn,2010,15.61
cmr,sex_f,eco_details_lmn,2011,16.391
cmr,sex_f,eco_details_lmn,2012,17.182
cmr,sex_f,eco_details_lmn,2013,18.019
cmr,sex_f,eco_details_lmn,2014,18.902
cmr,sex_f,eco_details_lmn,2015,21.133
cmr,sex_f,eco_details_lmn,2016,23.181
cmr,sex_f,eco_details_lmn,2017,25.302
cmr,sex_f,eco_details_lmn,2018,27.523
cmr,sex_f,eco_details_lmn,2019,29.717
cmr,sex_f,eco_details_o,1991,8.751
cmr,sex_f,eco_details_o,1992,9.21
cmr,sex_f,eco_details_o,1993,9.871
cmr,sex_f,eco_details_o,1994,10.321
cmr,sex_f,eco_details_o,1995,10.765
cmr,sex_f,eco_details_o,1996,11.235
cmr,sex_f,eco_details_o,1997,11.729
cmr,sex_f,eco_details_o,1998,12.35
cmr,sex_f,eco_details_o,1999,13.13
cmr,sex_f,eco_details_o,2000,14.082
cmr,sex_f,eco_details_o,2001,15.226
cmr,sex_f,eco_details_o,2002,16.815
cmr,sex_f,eco_details_o,2003,18.445
cmr,sex_f,eco_details_o,2004,19.851
cmr,sex_f,eco_details_o,2005,21.977
cmr,sex_f,eco_details_o,2006,23.922
cmr,sex_f,eco_details_o,2007,25.93
cmr,sex_f,eco_details_o,2008,26.652
cmr,sex_f,eco_details_o,2009,27.303
cmr,sex_f,eco_details_o,2010,27.69
cmr,sex_f,eco_details_o,2011,29.424
cmr,sex_f,eco_details_o,2012,31.167
cmr,sex_f,eco_details_o,2013,32.769
cmr,sex_f,eco_details_o,2014,34.641
cmr,sex_f,eco_details_o,2015,36.53
cmr,sex_f,eco_details_o,2016,38.182
cmr,sex_f,eco_details_o,2017,39.894
cmr,sex_f,eco_details_o,2018,41.533
cmr,sex_f,eco_details_o,2019,43.06
cmr,sex_f,eco_details_p,1991,25.681
cmr,sex_f,eco_details_p,1992,26.863
cmr,sex_f,eco_details_p,1993,28.374
cmr,sex_f,eco_details_p,1994,29.607
cmr,sex_f,eco_details_p,1995,30.847
cmr,sex_f,eco_details_p,1996,32.153
cmr,sex_f,eco_details_p,1997,33.562
cmr,sex_f,eco_details_p,1998,35.251
cmr,sex_f,eco_details_p,1999,37.337
cmr,sex_f,eco_details_p,2000,39.887
cmr,sex_f,eco_details_p,2001,43.053
cmr,sex_f,eco_details_p,2002,48.01
cmr,sex_f,eco_details_p,2003,53.429
cmr,sex_f,eco_details_p,2004,58.776
cmr,sex_f,eco_details_p,2005,65.818
cmr,sex_f,eco_details_p,2006,72.785
cmr,sex_f,eco_details_p,2007,80.132
cmr,sex_f,eco_details_p,2008,85.881
cmr,sex_f,eco_details_p,2009,91.597
cmr,sex_f,eco_details_p,2010,97.228
cmr,sex_f,eco_details_p,2011,107.868
cmr,sex_f,eco_details_p,2012,119.516
cmr,sex_f,eco_details_p,2013,131.904
cmr,sex_f,eco_details_p,2014,146.027
cmr,sex_f,eco_details_p,2015,156.405
cmr,sex_f,eco_details_p,2016,166.996
cmr,sex_f,eco_details_p,2017,178.652
cmr,sex_f,eco_details_p,2018,190.672
cmr,sex_f,eco_details_p,2019,203.549
cmr,sex_f,eco_details_q,1991,12.599
cmr,sex_f,eco_details_q,1992,13.092
cmr,sex_f,eco_details_q,1993,13.711
cmr,sex_f,eco_details_q,1994,14.255
cmr,sex_f,eco_details_q,1995,14.751
cmr,sex_f,eco_details_q,1996,15.252
cmr,sex_f,eco_details_q,1997,15.781
cmr,sex_f,eco_details_q,1998,16.433
cmr,sex_f,eco_details_q,1999,17.285
cmr,sex_f,eco_details_q,2000,18.411
cmr,sex_f,eco_details_q,2001,19.733
cmr,sex_f,eco_details_q,2002,21.979
cmr,sex_f,eco_details_q,2003,24.374
cmr,sex_f,eco_details_q,2004,26.783
cmr,sex_f,eco_details_q,2005,29.971
cmr,sex_f,eco_details_q,2006,33.288
cmr,sex_f,eco_details_q,2007,36.682
cmr,sex_f,eco_details_q,2008,39.366
cmr,sex_f,eco_details_q,2009,41.9
cmr,sex_f,eco_details_q,2010,44.507
cmr,sex_f,eco_details_q,2011,49.169
cmr,sex_f,eco_details_q,2012,54.447
cmr,sex_f,eco_details_q,2013,59.872
cmr,sex_f,eco_details_q,2014,66.155
cmr,sex_f,eco_details_q,2015,70.378
cmr,sex_f,eco_details_q,2016,74.445
cmr,sex_f,eco_details_q,2017,78.838
cmr,sex_f,eco_details_q,2018,83.335
cmr,sex_f,eco_details_q,2019,87.92
cmr,sex_f,eco_details_rstu,1991,51.944
cmr,sex_f,eco_details_rstu,1992,53.917
cmr,sex_f,eco_details_rstu,1993,56.048
cmr,sex_f,eco_details_rstu,1994,58.268
cmr,sex_f,eco_details_rstu,1995,60.65
cmr,sex_f,eco_details_rstu,1996,63.144
cmr,sex_f,eco_details_rstu,1997,66.002
cmr,sex_f,eco_details_rstu,1998,69.222
cmr,sex_f,eco_details_rstu,1999,72.823
cmr,sex_f,eco_details_rstu,2000,76.976
cmr,sex_f,eco_details_rstu,2001,82.293
cmr,sex_f,eco_details_rstu,2002,91.839
cmr,sex_f,eco_details_rstu,2003,102.054
cmr,sex_f,eco_details_rstu,2004,113.002
cmr,sex_f,eco_details_rstu,2005,125.212
cmr,sex_f,eco_details_rstu,2006,137.779
cmr,sex_f,eco_details_rstu,2007,151.646
cmr,sex_f,eco_details_rstu,2008,159.193
cmr,sex_f,eco_details_rstu,2009,166.294
cmr,sex_f,eco_details_rstu,2010,173.201
cmr,sex_f,eco_details_rstu,2011,188.506
cmr,sex_f,eco_details_rstu,2012,204.63
cmr,sex_f,eco_details_rstu,2013,222.088
cmr,sex_f,eco_details_rstu,2014,240.652
cmr,sex_f,eco_details_rstu,2015,254.914
cmr,sex_f,eco_details_rstu,2016,268.874
cmr,sex_f,eco_details_rstu,2017,282.596
cmr,sex_f,eco_details_rstu,2018,296.628
cmr,sex_f,eco_details_rstu,2019,310.46
cmr,sex_f,eco_details_total,1991,2443.996
cmr,sex_f,eco_details_total,1992,2512.462
cmr,sex_f,eco_details_total,1993,2583.633
cmr,sex_f,eco_details_total,1994,2659.05
cmr,sex_f,eco_details_total,1995,2735.614
cmr,sex_f,eco_details_total,1996,2812.561
cmr,sex_f,eco_details_total,1997,2894.218
cmr,sex_f,eco_details_total,1998,2980.831
cmr,sex_f,eco_details_total,1999,3070.313
cmr,sex_f,eco_details_total,2000,3164.145
cmr,sex_f,eco_details_total,2001,3253.693
cmr,sex_f,eco_details_total,2002,3363.457
cmr,sex_f,eco_details_total,2003,3480.24
cmr,sex_f,eco_details_total,2004,3601.493
cmr,sex_f,eco_details_total,2005,3737.336
cmr,sex_f,eco_details_total,2006,3865.935
cmr,sex_f,eco_details_total,2007,4001.085
cmr,sex_f,eco_details_total,2008,3978.169
cmr,sex_f,eco_details_total,2009,3933.615
cmr,sex_f,eco_details_total,2010,3881.614
cmr,sex_f,eco_details_total,2011,4006.103
cmr,sex_f,eco_details_total,2012,4135.355
cmr,sex_f,eco_details_total,2013,4268.934
cmr,sex_f,eco_details_total,2014,4410.456
cmr,sex_f,eco_details_total,2015,4548.331
cmr,sex_f,eco_details_total,2016,4689.07
cmr,sex_f,eco_details_total,2017,4837.678
cmr,sex_f,eco_details_total,2018,4989.917
cmr,sex_f,eco_details_total,2019,5147.647
cmr,sex_f,eco_sector_agr,1991,1768.569
cmr,sex_f,eco_sector_agr,1992,1816.112
cmr,sex_f,eco_sector_agr,1993,1865.624
cmr,sex_f,eco_sector_agr,1994,1915.344
cmr,sex_f,eco_sector_agr,1995,1965.685
cmr,sex_f,eco_sector_agr,1996,2014.308
cmr,sex_f,eco_sector_agr,1997,2064.527
cmr,sex_f,eco_sector_agr,1998,2114.584
cmr,sex_f,eco_sector_agr,1999,2164.975
cmr,sex_f,eco_sector_agr,2000,2213.785
cmr,sex_f,eco_sector_agr,2001,2246.029
cmr,sex_f,eco_sector_agr,2002,2319.052
cmr,sex_f,eco_sector_agr,2003,2388.702
cmr,sex_f,eco_sector_agr,2004,2454.182
cmr,sex_f,eco_sector_agr,2005,2524.322
cmr,sex_f,eco_sector_agr,2006,2583.305
cmr,sex_f,eco_sector_agr,2007,2641.85
cmr,sex_f,eco_sector_agr,2008,2565.371
cmr,sex_f,eco_sector_agr,2009,2470.079
cmr,sex_f,eco_sector_agr,2010,2372.504
cmr,sex_f,eco_sector_agr,2011,2374.756
cmr,sex_f,eco_sector_agr,2012,2371.184
cmr,sex_f,eco_sector_agr,2013,2362.358
cmr,sex_f,eco_sector_agr,2014,2350.791
cmr,sex_f,eco_sector_agr,2015,2359.142
cmr,sex_f,eco_sector_agr,2016,2377.145
cmr,sex_f,eco_sector_agr,2017,2399.418
cmr,sex_f,eco_sector_agr,2018,2425.909
cmr,sex_f,eco_sector_agr,2019,2455.29
cmr,sex_f,eco_sector_ind,1991,176.518
cmr,sex_f,eco_sector_ind,1992,180.963
cmr,sex_f,eco_sector_ind,1993,186.33
cmr,sex_f,eco_sector_ind,1994,191.508
cmr,sex_f,eco_sector_ind,1995,195.715
cmr,sex_f,eco_sector_ind,1996,200.453
cmr,sex_f,eco_sector_ind,1997,205.408
cmr,sex_f,eco_sector_ind,1998,213.695
cmr,sex_f,eco_sector_ind,1999,222.388
cmr,sex_f,eco_sector_ind,2000,234.331
cmr,sex_f,eco_sector_ind,2001,254.449
cmr,sex_f,eco_sector_ind,2002,255.6
cmr,sex_f,eco_sector_ind,2003,266.193
cmr,sex_f,eco_sector_ind,2004,283.229
cmr,sex_f,eco_sector_ind,2005,310.918
cmr,sex_f,eco_sector_ind,2006,343.458
cmr,sex_f,eco_sector_ind,2007,379.101
cmr,sex_f,eco_sector_ind,2008,380.636
cmr,sex_f,eco_sector_ind,2009,385.685
cmr,sex_f,eco_sector_ind,2010,384.516
cmr,sex_f,eco_sector_ind,2011,403.293
cmr,sex_f,eco_sector_ind,2012,424.174
cmr,sex_f,eco_sector_ind,2013,444.537
cmr,sex_f,eco_sector_ind,2014,467.73
cmr,sex_f,eco_sector_ind,2015,488.786
cmr,sex_f,eco_sector_ind,2016,508.682
cmr,sex_f,eco_sector_ind,2017,530.344
cmr,sex_f,eco_sector_ind,2018,546.675
cmr,sex_f,eco_sector_ind,2019,565.332
cmr,sex_f,eco_sector_ser,1991,498.909
cmr,sex_f,eco_sector_ser,1992,515.387
cmr,sex_f,eco_sector_ser,1993,531.679
cmr,sex_f,eco_sector_ser,1994,552.197
cmr,sex_f,eco_sector_ser,1995,574.214
cmr,sex_f,eco_sector_ser,1996,597.8
cmr,sex_f,eco_sector_ser,1997,624.283
cmr,sex_f,eco_sector_ser,1998,652.552
cmr,sex_f,eco_sector_ser,1999,682.95
cmr,sex_f,eco_sector_ser,2000,716.029
cmr,sex_f,eco_sector_ser,2001,753.215
cmr,sex_f,eco_sector_ser,2002,788.804
cmr,sex_f,eco_sector_ser,2003,825.345
cmr,sex_f,eco_sector_ser,2004,864.082
cmr,sex_f,eco_sector_ser,2005,902.095
cmr,sex_f,eco_sector_ser,2006,939.172
cmr,sex_f,eco_sector_ser,2007,980.134
cmr,sex_f,eco_sector_ser,2008,1032.162
cmr,sex_f,eco_sector_ser,2009,1077.851
cmr,sex_f,eco_sector_ser,2010,1124.594
cmr,sex_f,eco_sector_ser,2011,1228.053
cmr,sex_f,eco_sector_ser,2012,1339.996
cmr,sex_f,eco_sector_ser,2013,1462.039
cmr,sex_f,eco_sector_ser,2014,1591.935
cmr,sex_f,eco_sector_ser,2015,1700.403
cmr,sex_f,eco_sector_ser,2016,1803.242
cmr,sex_f,eco_sector_ser,2017,1907.916
cmr,sex_f,eco_sector_ser,2018,2017.334
cmr,sex_f,eco_sector_ser,2019,2127.026
cmr,sex_f,eco_sector_total,1991,2443.996
cmr,sex_f,eco_sector_total,1992,2512.462
cmr,sex_f,eco_sector_total,1993,2583.633
cmr,sex_f,eco_sector_total,1994,2659.05
cmr,sex_f,eco_sector_total,1995,2735.614
cmr,sex_f,eco_sector_total,1996,2812.561
cmr,sex_f,eco_sector_total,1997,2894.218
cmr,sex_f,eco_sector_total,1998,2980.831
cmr,sex_f,eco_sector_total,1999,3070.313
cmr,sex_f,eco_sector_total,2000,3164.145
cmr,sex_f,eco_sector_total,2001,3253.693
cmr,sex_f,eco_sector_total,2002,3363.457
cmr,sex_f,eco_sector_total,2003,3480.24
cmr,sex_f,eco_sector_total,2004,3601.493
cmr,sex_f,eco_sector_total,2005,3737.336
cmr,sex_f,eco_sector_total,2006,3865.935
cmr,sex_f,eco_sector_total,2007,4001.085
cmr,sex_f,eco_sector_total,2008,3978.169
cmr,sex_f,eco_sector_total,2009,3933.615
cmr,sex_f,eco_sector_total,2010,3881.614
cmr,sex_f,eco_sector_total,2011,4006.103
cmr,sex_f,eco_sector_total,2012,4135.355
cmr,sex_f,eco_sector_total,2013,4268.934
cmr,sex_f,eco_sector_total,2014,4410.456
cmr,sex_f,eco_sector_total,2015,4548.331
cmr,sex_f,eco_sector_total,2016,4689.07
cmr,sex_f,eco_sector_total,2017,4837.678
cmr,sex_f,eco_sector_total,2018,4989.917
cmr,sex_f,eco_sector_total,2019,5147.647
cmr,sex_m,eco_aggregate_agr,1991,1626.303
cmr,sex_m,eco_aggregate_agr,1992,1680.46
cmr,sex_m,eco_aggregate_agr,1993,1741.287
cmr,sex_m,eco_aggregate_agr,1994,1792.377
cmr,sex_m,eco_aggregate_agr,1995,1845.542
cmr,sex_m,eco_aggregate_agr,1996,1892.663
cmr,sex_m,eco_aggregate_agr,1997,1942.798
cmr,sex_m,eco_aggregate_agr,1998,1992.588
cmr,sex_m,eco_aggregate_agr,1999,2040.171
cmr,sex_m,eco_aggregate_agr,2000,2094.604
cmr,sex_m,eco_aggregate_agr,2001,2151.768
cmr,sex_m,eco_aggregate_agr,2002,2180.754
cmr,sex_m,eco_aggregate_agr,2003,2211.583
cmr,sex_m,eco_aggregate_agr,2004,2236.874
cmr,sex_m,eco_aggregate_agr,2005,2274.23
cmr,sex_m,eco_aggregate_agr,2006,2305.906
cmr,sex_m,eco_aggregate_agr,2007,2329.011
cmr,sex_m,eco_aggregate_agr,2008,2296.783
cmr,sex_m,eco_aggregate_agr,2009,2261.224
cmr,sex_m,eco_aggregate_agr,2010,2217.996
cmr,sex_m,eco_aggregate_agr,2011,2207.782
cmr,sex_m,eco_aggregate_agr,2012,2192.093
cmr,sex_m,eco_aggregate_agr,2013,2168.852
cmr,sex_m,eco_aggregate_agr,2014,2148.731
cmr,sex_m,eco_aggregate_agr,2015,2176.474
cmr,sex_m,eco_aggregate_agr,2016,2207.73
cmr,sex_m,eco_aggregate_agr,2017,2243.506
cmr,sex_m,eco_aggregate_agr,2018,2279.242
cmr,sex_m,eco_aggregate_agr,2019,2318.511
cmr,sex_m,eco_aggregate_con,1991,70.137
cmr,sex_m,eco_aggregate_con,1992,70.277
cmr,sex_m,eco_aggregate_con,1993,70.202
cmr,sex_m,eco_aggregate_con,1994,70.9
cmr,sex_m,eco_aggregate_con,1995,71.831
cmr,sex_m,eco_aggregate_con,1996,72.947
cmr,sex_m,eco_aggregate_con,1997,74.916
cmr,sex_m,eco_aggregate_con,1998,76.667
cmr,sex_m,eco_aggregate_con,1999,79.53
cmr,sex_m,eco_aggregate_con,2000,81.565
cmr,sex_m,eco_aggregate_con,2001,77.983
cmr,sex_m,eco_aggregate_con,2002,104.17
cmr,sex_m,eco_aggregate_con,2003,123.653
cmr,sex_m,eco_aggregate_con,2004,137.881
cmr,sex_m,eco_aggregate_con,2005,148.912
cmr,sex_m,eco_aggregate_con,2006,158.306
cmr,sex_m,eco_aggregate_con,2007,167.585
cmr,sex_m,eco_aggregate_con,2008,176.609
cmr,sex_m,eco_aggregate_con,2009,184.954
cmr,sex_m,eco_aggregate_con,2010,193.678
cmr,sex_m,eco_aggregate_con,2011,209.328
cmr,sex_m,eco_aggregate_con,2012,226.279
cmr,sex_m,eco_aggregate_con,2013,244.527
cmr,sex_m,eco_aggregate_con,2014,263.475
cmr,sex_m,eco_aggregate_con,2015,275.481
cmr,sex_m,eco_aggregate_con,2016,285.789
cmr,sex_m,eco_aggregate_con,2017,295.644
cmr,sex_m,eco_aggregate_con,2018,305.507
cmr,sex_m,eco_aggregate_con,2019,313.585
cmr,sex_m,eco_aggregate_man,1991,227.114
cmr,sex_m,eco_aggregate_man,1992,230.78
cmr,sex_m,eco_aggregate_man,1993,233.562
cmr,sex_m,eco_aggregate_man,1994,238.313
cmr,sex_m,eco_aggregate_man,1995,243.691
cmr,sex_m,eco_aggregate_man,1996,249.309
cmr,sex_m,eco_aggregate_man,1997,256.047
cmr,sex_m,eco_aggregate_man,1998,264.126
cmr,sex_m,eco_aggregate_man,1999,272.482
cmr,sex_m,eco_aggregate_man,2000,281.591
cmr,sex_m,eco_aggregate_man,2001,292.333
cmr,sex_m,eco_aggregate_man,2002,302.398
cmr,sex_m,eco_aggregate_man,2003,312.778
cmr,sex_m,eco_aggregate_man,2004,324.019
cmr,sex_m,eco_aggregate_man,2005,332.134
cmr,sex_m,eco_aggregate_man,2006,340.948
cmr,sex_m,eco_aggregate_man,2007,349.021
cmr,sex_m,eco_aggregate_man,2008,367.373
cmr,sex_m,eco_aggregate_man,2009,385.494
cmr,sex_m,eco_aggregate_man,2010,403.616
cmr,sex_m,eco_aggregate_man,2011,431.906
cmr,sex_m,eco_aggregate_man,2012,462.154
cmr,sex_m,eco_aggregate_man,2013,494.381
cmr,sex_m,eco_aggregate_man,2014,527.748
cmr,sex_m,eco_aggregate_man,2015,546.045
cmr,sex_m,eco_aggregate_man,2016,564.491
cmr,sex_m,eco_aggregate_man,2017,582.534
cmr,sex_m,eco_aggregate_man,2018,598.55
cmr,sex_m,eco_aggregate_man,2019,613.698
cmr,sex_m,eco_aggregate_mel,1991,21.893
cmr,sex_m,eco_aggregate_mel,1992,22.361
cmr,sex_m,eco_aggregate_mel,1993,22.553
cmr,sex_m,eco_aggregate_mel,1994,23.259
cmr,sex_m,eco_aggregate_mel,1995,24.136
cmr,sex_m,eco_aggregate_mel,1996,25.062
cmr,sex_m,eco_aggregate_mel,1997,26.165
cmr,sex_m,eco_aggregate_mel,1998,27.343
cmr,sex_m,eco_aggregate_mel,1999,28.627
cmr,sex_m,eco_aggregate_mel,2000,29.549
cmr,sex_m,eco_aggregate_mel,2001,29.304
cmr,sex_m,eco_aggregate_mel,2002,31.313
cmr,sex_m,eco_aggregate_mel,2003,32.732
cmr,sex_m,eco_aggregate_mel,2004,33.76
cmr,sex_m,eco_aggregate_mel,2005,33.592
cmr,sex_m,eco_aggregate_mel,2006,33.089
cmr,sex_m,eco_aggregate_mel,2007,32.274
cmr,sex_m,eco_aggregate_mel,2008,36.033
cmr,sex_m,eco_aggregate_mel,2009,39.774
cmr,sex_m,eco_aggregate_mel,2010,43.937
cmr,sex_m,eco_aggregate_mel,2011,49.867
cmr,sex_m,eco_aggregate_mel,2012,56.427
cmr,sex_m,eco_aggregate_mel,2013,63.739
cmr,sex_m,eco_aggregate_mel,2014,71.414
cmr,sex_m,eco_aggregate_mel,2015,75.414
cmr,sex_m,eco_aggregate_mel,2016,78.901
cmr,sex_m,eco_aggregate_mel,2017,81.98
cmr,sex_m,eco_aggregate_mel,2018,85.454
cmr,sex_m,eco_aggregate_mel,2019,89.128
cmr,sex_m,eco_aggregate_mkt,1991,472.529
cmr,sex_m,eco_aggregate_mkt,1992,484.922
cmr,sex_m,eco_aggregate_mkt,1993,494.07
cmr,sex_m,eco_aggregate_mkt,1994,510.598
cmr,sex_m,eco_aggregate_mkt,1995,530.358
cmr,sex_m,eco_aggregate_mkt,1996,550.741
cmr,sex_m,eco_aggregate_mkt,1997,574.893
cmr,sex_m,eco_aggregate_mkt,1998,599.608
cmr,sex_m,eco_aggregate_mkt,1999,625.427
cmr,sex_m,eco_aggregate_mkt,2000,652.631
cmr,sex_m,eco_aggregate_mkt,2001,680.812
cmr,sex_m,eco_aggregate_mkt,2002,719.796
cmr,sex_m,eco_aggregate_mkt,2003,762.476
cmr,sex_m,eco_aggregate_mkt,2004,813.838
cmr,sex_m,eco_aggregate_mkt,2005,854.356
cmr,sex_m,eco_aggregate_mkt,2006,900.33
cmr,sex_m,eco_aggregate_mkt,2007,948.928
cmr,sex_m,eco_aggregate_mkt,2008,998.633
cmr,sex_m,eco_aggregate_mkt,2009,1041.831
cmr,sex_m,eco_aggregate_mkt,2010,1090.604
cmr,sex_m,eco_aggregate_mkt,2011,1166.328
cmr,sex_m,eco_aggregate_mkt,2012,1247.102
cmr,sex_m,eco_aggregate_mkt,2013,1334.532
cmr,sex_m,eco_aggregate_mkt,2014,1422.435
cmr,sex_m,eco_aggregate_mkt,2015,1490.719
cmr,sex_m,eco_aggregate_mkt,2016,1559.406
cmr,sex_m,eco_aggregate_mkt,2017,1629.242
cmr,sex_m,eco_aggregate_mkt,2018,1703.664
cmr,sex_m,eco_aggregate_mkt,2019,1778.575
cmr,sex_m,eco_aggregate_pub,1991,127.949
cmr,sex_m,eco_aggregate_pub,1992,131.699
cmr,sex_m,eco_aggregate_pub,1993,134.939
cmr,sex_m,eco_aggregate_pub,1994,139.284
cmr,sex_m,eco_aggregate_pub,1995,144.318
cmr,sex_m,eco_aggregate_pub,1996,149.336
cmr,sex_m,eco_aggregate_pub,1997,155.147
cmr,sex_m,eco_aggregate_pub,1998,161.413
cmr,sex_m,eco_aggregate_pub,1999,168.583
cmr,sex_m,eco_aggregate_pub,2000,177.449
cmr,sex_m,eco_aggregate_pub,2001,188.964
cmr,sex_m,eco_aggregate_pub,2002,221.459
cmr,sex_m,eco_aggregate_pub,2003,259.712
cmr,sex_m,eco_aggregate_pub,2004,305.538
cmr,sex_m,eco_aggregate_pub,2005,355.513
cmr,sex_m,eco_aggregate_pub,2006,413.922
cmr,sex_m,eco_aggregate_pub,2007,480.764
cmr,sex_m,eco_aggregate_pub,2008,493.624
cmr,sex_m,eco_aggregate_pub,2009,503.616
cmr,sex_m,eco_aggregate_pub,2010,514.44
cmr,sex_m,eco_aggregate_pub,2011,536.705
cmr,sex_m,eco_aggregate_pub,2012,559.261
cmr,sex_m,eco_aggregate_pub,2013,582.745
cmr,sex_m,eco_aggregate_pub,2014,605.912
cmr,sex_m,eco_aggregate_pub,2015,625.48
cmr,sex_m,eco_aggregate_pub,2016,645.85
cmr,sex_m,eco_aggregate_pub,2017,667.237
cmr,sex_m,eco_aggregate_pub,2018,690.474
cmr,sex_m,eco_aggregate_pub,2019,713.905
cmr,sex_m,eco_aggregate_total,1991,2545.924
cmr,sex_m,eco_aggregate_total,1992,2620.498
cmr,sex_m,eco_aggregate_total,1993,2696.613
cmr,sex_m,eco_aggregate_total,1994,2774.731
cmr,sex_m,eco_aggregate_total,1995,2859.876
cmr,sex_m,eco_aggregate_total,1996,2940.058
cmr,sex_m,eco_aggregate_total,1997,3029.965
cmr,sex_m,eco_aggregate_total,1998,3121.746
cmr,sex_m,eco_aggregate_total,1999,3214.82
cmr,sex_m,eco_aggregate_total,2000,3317.389
cmr,sex_m,eco_aggregate_total,2001,3421.164
cmr,sex_m,eco_aggregate_total,2002,3559.891
cmr,sex_m,eco_aggregate_total,2003,3702.933
cmr,sex_m,eco_aggregate_total,2004,3851.909
cmr,sex_m,eco_aggregate_total,2005,3998.738
cmr,sex_m,eco_aggregate_total,2006,4152.501
cmr,sex_m,eco_aggregate_total,2007,4307.583
cmr,sex_m,eco_aggregate_total,2008,4369.055
cmr,sex_m,eco_aggregate_total,2009,4416.892
cmr,sex_m,eco_aggregate_total,2010,4464.272
cmr,sex_m,eco_aggregate_total,2011,4601.917
cmr,sex_m,eco_aggregate_total,2012,4743.316
cmr,sex_m,eco_aggregate_total,2013,4888.777
cmr,sex_m,eco_aggregate_total,2014,5039.714
cmr,sex_m,eco_aggregate_total,2015,5189.611
cmr,sex_m,eco_aggregate_total,2016,5342.167
cmr,sex_m,eco_aggregate_total,2017,5500.144
cmr,sex_m,eco_aggregate_total,2018,5662.89
cmr,sex_m,eco_aggregate_total,2019,5827.404
cmr,sex_m,eco_details_a,1991,1626.303
cmr,sex_m,eco_details_a,1992,1680.46
cmr,sex_m,eco_details_a,1993,1741.287
cmr,sex_m,eco_details_a,1994,1792.377
cmr,sex_m,eco_details_a,1995,1845.542
cmr,sex_m,eco_details_a,1996,1892.663
cmr,sex_m,eco_details_a,1997,1942.798
cmr,sex_m,eco_details_a,1998,1992.588
cmr,sex_m,eco_details_a,1999,2040.171
cmr,sex_m,eco_details_a,2000,2094.604
cmr,sex_m,eco_details_a,2001,2151.768
cmr,sex_m,eco_details_a,2002,2180.754
cmr,sex_m,eco_details_a,2003,2211.583
cmr,sex_m,eco_details_a,2004,2236.874
cmr,sex_m,eco_details_a,2005,2274.23
cmr,sex_m,eco_details_a,2006,2305.906
cmr,sex_m,eco_details_a,2007,2329.011
cmr,sex_m,eco_details_a,2008,2296.783
cmr,sex_m,eco_details_a,2009,2261.224
cmr,sex_m,eco_details_a,2010,2217.996
cmr,sex_m,eco_details_a,2011,2207.782
cmr,sex_m,eco_details_a,2012,2192.093
cmr,sex_m,eco_details_a,2013,2168.852
cmr,sex_m,eco_details_a,2014,2148.731
cmr,sex_m,eco_details_a,2015,2176.474
cmr,sex_m,eco_details_a,2016,2207.73
cmr,sex_m,eco_details_a,2017,2243.506
cmr,sex_m,eco_details_a,2018,2279.242
cmr,sex_m,eco_details_a,2019,2318.511
cmr,sex_m,eco_details_b,1991,5.69
cmr,sex_m,eco_details_b,1992,5.966
cmr,sex_m,eco_details_b,1993,6.346
cmr,sex_m,eco_details_b,1994,6.598
cmr,sex_m,eco_details_b,1995,6.961
cmr,sex_m,eco_details_b,1996,7.389
cmr,sex_m,eco_details_b,1997,7.825
cmr,sex_m,eco_details_b,1998,8.297
cmr,sex_m,eco_details_b,1999,9.007
cmr,sex_m,eco_details_b,2000,9.588
cmr,sex_m,eco_details_b,2001,9.716
cmr,sex_m,eco_details_b,2002,10.972
cmr,sex_m,eco_details_b,2003,11.963
cmr,sex_m,eco_details_b,2004,12.794
cmr,sex_m,eco_details_b,2005,13.237
cmr,sex_m,eco_details_b,2006,13.491
cmr,sex_m,eco_details_b,2007,13.171
cmr,sex_m,eco_details_b,2008,15.67
cmr,sex_m,eco_details_b,2009,18.247
cmr,sex_m,eco_details_b,2010,21.23
cmr,sex_m,eco_details_b,2011,25.274
cmr,sex_m,eco_details_b,2012,29.804
cmr,sex_m,eco_details_b,2013,34.873
cmr,sex_m,eco_details_b,2014,40.371
cmr,sex_m,eco_details_b,2015,42.502
cmr,sex_m,eco_details_b,2016,45.037
cmr,sex_m,eco_details_b,2017,46.899
cmr,sex_m,eco_details_b,2018,49.212
cmr,sex_m,eco_details_b,2019,51.517
cmr,sex_m,eco_details_c,1991,227.114
cmr,sex_m,eco_details_c,1992,230.78
cmr,sex_m,eco_details_c,1993,233.562
cmr,sex_m,eco_details_c,1994,238.313
cmr,sex_m,eco_details_c,1995,243.691
cmr,sex_m,eco_details_c,1996,249.309
cmr,sex_m,eco_details_c,1997,256.047
cmr,sex_m,eco_details_c,1998,264.126
cmr,sex_m,eco_details_c,1999,272.482
cmr,sex_m,eco_details_c,2000,281.591
cmr,sex_m,eco_details_c,2001,292.333
cmr,sex_m,eco_details_c,2002,302.398
cmr,sex_m,eco_details_c,2003,312.778
cmr,sex_m,eco_details_c,2004,324.019
cmr,sex_m,eco_details_c,2005,332.134
cmr,sex_m,eco_details_c,2006,340.948
cmr,sex_m,eco_details_c,2007,349.021
cmr,sex_m,eco_details_c,2008,367.373
cmr,sex_m,eco_details_c,2009,385.494
cmr,sex_m,eco_details_c,2010,403.616
cmr,sex_m,eco_details_c,2011,431.906
cmr,sex_m,eco_details_c,2012,462.154
cmr,sex_m,eco_details_c,2013,494.381
cmr,sex_m,eco_details_c,2014,527.748
cmr,sex_m,eco_details_c,2015,546.045
cmr,sex_m,eco_details_c,2016,564.491
cmr,sex_m,eco_details_c,2017,582.534
cmr,sex_m,eco_details_c,2018,598.55
cmr,sex_m,eco_details_c,2019,613.698
cmr,sex_m,eco_details_de,1991,16.203
cmr,sex_m,eco_details_de,1992,16.394
cmr,sex_m,eco_details_de,1993,16.207
cmr,sex_m,eco_details_de,1994,16.661
cmr,sex_m,eco_details_de,1995,17.175
cmr,sex_m,eco_details_de,1996,17.672
cmr,sex_m,eco_details_de,1997,18.34
cmr,sex_m,eco_details_de,1998,19.047
cmr,sex_m,eco_details_de,1999,19.621
cmr,sex_m,eco_details_de,2000,19.961
cmr,sex_m,eco_details_de,2001,19.588
cmr,sex_m,eco_details_de,2002,20.341
cmr,sex_m,eco_details_de,2003,20.77
cmr,sex_m,eco_details_de,2004,20.966
cmr,sex_m,eco_details_de,2005,20.355
cmr,sex_m,eco_details_de,2006,19.599
cmr,sex_m,eco_details_de,2007,19.103
cmr,sex_m,eco_details_de,2008,20.364
cmr,sex_m,eco_details_de,2009,21.527
cmr,sex_m,eco_details_de,2010,22.707
cmr,sex_m,eco_details_de,2011,24.593
cmr,sex_m,eco_details_de,2012,26.623
cmr,sex_m,eco_details_de,2013,28.866
cmr,sex_m,eco_details_de,2014,31.043
cmr,sex_m,eco_details_de,2015,32.911
cmr,sex_m,eco_details_de,2016,33.864
cmr,sex_m,eco_details_de,2017,35.081
cmr,sex_m,eco_details_de,2018,36.242
cmr,sex_m,eco_details_de,2019,37.611
cmr,sex_m,eco_details_f,1991,70.137
cmr,sex_m,eco_details_f,1992,70.277
cmr,sex_m,eco_details_f,1993,70.202
cmr,sex_m,eco_details_f,1994,70.9
cmr,sex_m,eco_details_f,1995,71.831
cmr,sex_m,eco_details_f,1996,72.947
cmr,sex_m,eco_details_f,1997,74.916
cmr,sex_m,eco_details_f,1998,76.667
cmr,sex_m,eco_details_f,1999,79.53
cmr,sex_m,eco_details_f,2000,81.565
cmr,sex_m,eco_details_f,2001,77.983
cmr,sex_m,eco_details_f,2002,104.17
cmr,sex_m,eco_details_f,2003,123.653
cmr,sex_m,eco_details_f,2004,137.881
cmr,sex_m,eco_details_f,2005,148.912
cmr,sex_m,eco_details_f,2006,158.306
cmr,sex_m,eco_details_f,2007,167.585
cmr,sex_m,eco_details_f,2008,176.609
cmr,sex_m,eco_details_f,2009,184.954
cmr,sex_m,eco_details_f,2010,193.678
cmr,sex_m,eco_details_f,2011,209.328
cmr,sex_m,eco_details_f,2012,226.279
cmr,sex_m,eco_details_f,2013,244.527
cmr,sex_m,eco_details_f,2014,263.475
cmr,sex_m,eco_details_f,2015,275.481
cmr,sex_m,eco_details_f,2016,285.789
cmr,sex_m,eco_details_f,2017,295.644
cmr,sex_m,eco_details_f,2018,305.507
cmr,sex_m,eco_details_f,2019,313.585
cmr,sex_m,eco_details_g,1991,226.474
cmr,sex_m,eco_details_g,1992,233.85
cmr,sex_m,eco_details_g,1993,239.529
cmr,sex_m,eco_details_g,1994,249.05
cmr,sex_m,eco_details_g,1995,259.8
cmr,sex_m,eco_details_g,1996,270.411
cmr,sex_m,eco_details_g,1997,283.049
cmr,sex_m,eco_details_g,1998,295.633
cmr,sex_m,eco_details_g,1999,308.266
cmr,sex_m,eco_details_g,2000,321.935
cmr,sex_m,eco_details_g,2001,334.775
cmr,sex_m,eco_details_g,2002,355.308
cmr,sex_m,eco_details_g,2003,377.535
cmr,sex_m,eco_details_g,2004,404.156
cmr,sex_m,eco_details_g,2005,425.934
cmr,sex_m,eco_details_g,2006,450.458
cmr,sex_m,eco_details_g,2007,475.94
cmr,sex_m,eco_details_g,2008,502.902
cmr,sex_m,eco_details_g,2009,527.415
cmr,sex_m,eco_details_g,2010,555.267
cmr,sex_m,eco_details_g,2011,593.835
cmr,sex_m,eco_details_g,2012,634.806
cmr,sex_m,eco_details_g,2013,678.39
cmr,sex_m,eco_details_g,2014,721.871
cmr,sex_m,eco_details_g,2015,749.955
cmr,sex_m,eco_details_g,2016,778.766
cmr,sex_m,eco_details_g,2017,809.251
cmr,sex_m,eco_details_g,2018,841.451
cmr,sex_m,eco_details_g,2019,874.84
cmr,sex_m,eco_details_hj,1991,180.057
cmr,sex_m,eco_details_hj,1992,184.149
cmr,sex_m,eco_details_hj,1993,186.428
cmr,sex_m,eco_details_hj,1994,192.849
cmr,sex_m,eco_details_hj,1995,199.9
cmr,sex_m,eco_details_hj,1996,206.953
cmr,sex_m,eco_details_hj,1997,215.796
cmr,sex_m,eco_details_hj,1998,225.086
cmr,sex_m,eco_details_hj,1999,234.002
cmr,sex_m,eco_details_hj,2000,244.178
cmr,sex_m,eco_details_hj,2001,254.308
cmr,sex_m,eco_details_hj,2002,266.734
cmr,sex_m,eco_details_hj,2003,279.831
cmr,sex_m,eco_details_hj,2004,296.273
cmr,sex_m,eco_details_hj,2005,308.066
cmr,sex_m,eco_details_hj,2006,321.758
cmr,sex_m,eco_details_hj,2007,334.772
cmr,sex_m,eco_details_hj,2008,349.385
cmr,sex_m,eco_details_hj,2009,360.844
cmr,sex_m,eco_details_hj,2010,374.319
cmr,sex_m,eco_details_hj,2011,398.669
cmr,sex_m,eco_details_hj,2012,425.244
cmr,sex_m,eco_details_hj,2013,454.114
cmr,sex_m,eco_details_hj,2014,482.635
cmr,sex_m,eco_details_hj,2015,507.745
cmr,sex_m,eco_details_hj,2016,533.415
cmr,sex_m,eco_details_hj,2017,560.399
cmr,sex_m,eco_details_hj,2018,587.559
cmr,sex_m,eco_details_hj,2019,613.445
cmr,sex_m,eco_details_i,1991,37.041
cmr,sex_m,eco_details_i,1992,37.419
cmr,sex_m,eco_details_i,1993,38.276
cmr,sex_m,eco_details_i,1994,37.936
cmr,sex_m,eco_details_i,1995,38.716
cmr,sex_m,eco_details_i,1996,40.123
cmr,sex_m,eco_details_i,1997,41.11
cmr,sex_m,eco_details_i,1998,42.053
cmr,sex_m,eco_details_i,1999,44.263
cmr,sex_m,eco_details_i,2000,45.29
cmr,sex_m,eco_details_i,2001,47.873
cmr,sex_m,eco_details_i,2002,50.602
cmr,sex_m,eco_details_i,2003,54.366
cmr,sex_m,eco_details_i,2004,58.347
cmr,sex_m,eco_details_i,2005,61.855
cmr,sex_m,eco_details_i,2006,65.771
cmr,sex_m,eco_details_i,2007,71.962
cmr,sex_m,eco_details_i,2008,73.01
cmr,sex_m,eco_details_i,2009,73.272
cmr,sex_m,eco_details_i,2010,72.891
cmr,sex_m,eco_details_i,2011,74.704
cmr,sex_m,eco_details_i,2012,75.592
cmr,sex_m,eco_details_i,2013,76.587
cmr,sex_m,eco_details_i,2014,77.519
cmr,sex_m,eco_details_i,2015,83.453
cmr,sex_m,eco_details_i,2016,88.35
cmr,sex_m,eco_details_i,2017,91.256
cmr,sex_m,eco_details_i,2018,96.366
cmr,sex_m,eco_details_i,2019,102.461
cmr,sex_m,eco_details_k,1991,6.498
cmr,sex_m,eco_details_k,1992,6.702
cmr,sex_m,eco_details_k,1993,6.907
cmr,sex_m,eco_details_k,1994,7.161
cmr,sex_m,eco_details_k,1995,7.413
cmr,sex_m,eco_details_k,1996,7.631
cmr,sex_m,eco_details_k,1997,7.922
cmr,sex_m,eco_details_k,1998,8.248
cmr,sex_m,eco_details_k,1999,8.525
cmr,sex_m,eco_details_k,2000,8.904
cmr,sex_m,eco_details_k,2001,9.218
cmr,sex_m,eco_details_k,2002,9.78
cmr,sex_m,eco_details_k,2003,10.347
cmr,sex_m,eco_details_k,2004,11.034
cmr,sex_m,eco_details_k,2005,11.749
cmr,sex_m,eco_details_k,2006,12.523
cmr,sex_m,eco_details_k,2007,13.225
cmr,sex_m,eco_details_k,2008,14.971
cmr,sex_m,eco_details_k,2009,16.923
cmr,sex_m,eco_details_k,2010,19.162
cmr,sex_m,eco_details_k,2011,21.998
cmr,sex_m,eco_details_k,2012,25.263
cmr,sex_m,eco_details_k,2013,28.981
cmr,sex_m,eco_details_k,2014,33.21
cmr,sex_m,eco_details_k,2015,34.819
cmr,sex_m,eco_details_k,2016,36.661
cmr,sex_m,eco_details_k,2017,38.829
cmr,sex_m,eco_details_k,2018,40.898
cmr,sex_m,eco_details_k,2019,42.75
cmr,sex_m,eco_details_lmn,1991,22.459
cmr,sex_m,eco_details_lmn,1992,22.8
cmr,sex_m,eco_details_lmn,1993,22.931
cmr,sex_m,eco_details_lmn,1994,23.601
cmr,sex_m,eco_details_lmn,1995,24.529
cmr,sex_m,eco_details_lmn,1996,25.623
cmr,sex_m,eco_details_lmn,1997,27.015
cmr,sex_m,eco_details_lmn,1998,28.589
cmr,sex_m,eco_details_lmn,1999,30.37
cmr,sex_m,eco_details_lmn,2000,32.325
cmr,sex_m,eco_details_lmn,2001,34.638
cmr,sex_m,eco_details_lmn,2002,37.373
cmr,sex_m,eco_details_lmn,2003,40.396
cmr,sex_m,eco_details_lmn,2004,44.026
cmr,sex_m,eco_details_lmn,2005,46.753
cmr,sex_m,eco_details_lmn,2006,49.821
cmr,sex_m,eco_details_lmn,2007,53.03
cmr,sex_m,eco_details_lmn,2008,58.365
cmr,sex_m,eco_details_lmn,2009,63.376
cmr,sex_m,eco_details_lmn,2010,68.966
cmr,sex_m,eco_details_lmn,2011,77.123
cmr,sex_m,eco_details_lmn,2012,86.198
cmr,sex_m,eco_details_lmn,2013,96.46
cmr,sex_m,eco_details_lmn,2014,107.201
cmr,sex_m,eco_details_lmn,2015,114.746
cmr,sex_m,eco_details_lmn,2016,122.215
cmr,sex_m,eco_details_lmn,2017,129.508
cmr,sex_m,eco_details_lmn,2018,137.39
cmr,sex_m,eco_details_lmn,2019,145.078
cmr,sex_m,eco_details_o,1991,31.651
cmr,sex_m,eco_details_o,1992,32.991
cmr,sex_m,eco_details_o,1993,34.416
cmr,sex_m,eco_details_o,1994,35.848
cmr,sex_m,eco_details_o,1995,37.4
cmr,sex_m,eco_details_o,1996,38.932
cmr,sex_m,eco_details_o,1997,40.592
cmr,sex_m,eco_details_o,1998,42.4
cmr,sex_m,eco_details_o,1999,44.479
cmr,sex_m,eco_details_o,2000,46.994
cmr,sex_m,eco_details_o,2001,50.095
cmr,sex_m,eco_details_o,2002,57.897
cmr,sex_m,eco_details_o,2003,66.818
cmr,sex_m,eco_details_o,2004,76.834
cmr,sex_m,eco_details_o,2005,88.249
cmr,sex_m,eco_details_o,2006,100.922
cmr,sex_m,eco_details_o,2007,114.594
cmr,sex_m,eco_details_o,2008,117.521
cmr,sex_m,eco_details_o,2009,119.75
cmr,sex_m,eco_details_o,2010,121.746
cmr,sex_m,eco_details_o,2011,126.748
cmr,sex_m,eco_details_o,2012,131.676
cmr,sex_m,eco_details_o,2013,136.386
cmr,sex_m,eco_details_o,2014,141.322
cmr,sex_m,eco_details_o,2015,143.939
cmr,sex_m,eco_details_o,2016,146.815
cmr,sex_m,eco_details_o,2017,150.069
cmr,sex_m,eco_details_o,2018,153.411
cmr,sex_m,eco_details_o,2019,156.621
cmr,sex_m,eco_details_p,1991,46.434
cmr,sex_m,eco_details_p,1992,47.139
cmr,sex_m,eco_details_p,1993,47.499
cmr,sex_m,eco_details_p,1994,48.378
cmr,sex_m,eco_details_p,1995,49.494
cmr,sex_m,eco_details_p,1996,50.619
cmr,sex_m,eco_details_p,1997,51.974
cmr,sex_m,eco_details_p,1998,53.423
cmr,sex_m,eco_details_p,1999,55.178
cmr,sex_m,eco_details_p,2000,57.348
cmr,sex_m,eco_details_p,2001,60.364
cmr,sex_m,eco_details_p,2002,69.81
cmr,sex_m,eco_details_p,2003,80.871
cmr,sex_m,eco_details_p,2004,94.418
cmr,sex_m,eco_details_p,2005,108.606
cmr,sex_m,eco_details_p,2006,125.422
cmr,sex_m,eco_details_p,2007,144.968
cmr,sex_m,eco_details_p,2008,149.176
cmr,sex_m,eco_details_p,2009,152.259
cmr,sex_m,eco_details_p,2010,155.912
cmr,sex_m,eco_details_p,2011,163.258
cmr,sex_m,eco_details_p,2012,170.978
cmr,sex_m,eco_details_p,2013,179.242
cmr,sex_m,eco_details_p,2014,187.334
cmr,sex_m,eco_details_p,2015,193.789
cmr,sex_m,eco_details_p,2016,199.952
cmr,sex_m,eco_details_p,2017,205.881
cmr,sex_m,eco_details_p,2018,212.61
cmr,sex_m,eco_details_p,2019,219.001
cmr,sex_m,eco_details_q,1991,14.999
cmr,sex_m,eco_details_q,1992,15.659
cmr,sex_m,eco_details_q,1993,16.25
cmr,sex_m,eco_details_q,1994,17.045
cmr,sex_m,eco_details_q,1995,17.857
cmr,sex_m,eco_details_q,1996,18.625
cmr,sex_m,eco_details_q,1997,19.452
cmr,sex_m,eco_details_q,1998,20.318
cmr,sex_m,eco_details_q,1999,21.326
cmr,sex_m,eco_details_q,2000,22.639
cmr,sex_m,eco_details_q,2001,24.175
cmr,sex_m,eco_details_q,2002,28.301
cmr,sex_m,eco_details_q,2003,33.153
cmr,sex_m,eco_details_q,2004,38.883
cmr,sex_m,eco_details_q,2005,45.402
cmr,sex_m,eco_details_q,2006,53.121
cmr,sex_m,eco_details_q,2007,61.638
cmr,sex_m,eco_details_q,2008,64.241
cmr,sex_m,eco_details_q,2009,66.265
cmr,sex_m,eco_details_q,2010,68.596
cmr,sex_m,eco_details_q,2011,72.083
cmr,sex_m,eco_details_q,2012,75.899
cmr,sex_m,eco_details_q,2013,79.596
cmr,sex_m,eco_details_q,2014,83.525
cmr,sex_m,eco_details_q,2015,86.291
cmr,sex_m,eco_details_q,2016,89.229
cmr,sex_m,eco_details_q,2017,92.75
cmr,sex_m,eco_details_q,2018,96.277
cmr,sex_m,eco_details_q,2019,100.2
cmr,sex_m,eco_details_rstu,1991,34.865
cmr,sex_m,eco_details_rstu,1992,35.911
cmr,sex_m,eco_details_rstu,1993,36.773
cmr,sex_m,eco_details_rstu,1994,38.013
cmr,sex_m,eco_details_rstu,1995,39.568
cmr,sex_m,eco_details_rstu,1996,41.161
cmr,sex_m,eco_details_rstu,1997,43.129
cmr,sex_m,eco_details_rstu,1998,45.271
cmr,sex_m,eco_details_rstu,1999,47.601
cmr,sex_m,eco_details_rstu,2000,50.467
cmr,sex_m,eco_details_rstu,2001,54.33
cmr,sex_m,eco_details_rstu,2002,65.451
cmr,sex_m,eco_details_rstu,2003,78.87
cmr,sex_m,eco_details_rstu,2004,95.403
cmr,sex_m,eco_details_rstu,2005,113.255
cmr,sex_m,eco_details_rstu,2006,134.457
cmr,sex_m,eco_details_rstu,2007,159.564
cmr,sex_m,eco_details_rstu,2008,162.686
cmr,sex_m,eco_details_rstu,2009,165.341
cmr,sex_m,eco_details_rstu,2010,168.186
cmr,sex_m,eco_details_rstu,2011,174.617
cmr,sex_m,eco_details_rstu,2012,180.707
cmr,sex_m,eco_details_rstu,2013,187.52
cmr,sex_m,eco_details_rstu,2014,193.731
cmr,sex_m,eco_details_rstu,2015,201.46
cmr,sex_m,eco_details_rstu,2016,209.853
cmr,sex_m,eco_details_rstu,2017,218.537
cmr,sex_m,eco_details_rstu,2018,228.175
cmr,sex_m,eco_details_rstu,2019,238.084
cmr,sex_m,eco_details_total,1991,2545.924
cmr,sex_m,eco_details_total,1992,2620.498
cmr,sex_m,eco_details_total,1993,2696.613
cmr,sex_m,eco_details_total,1994,2774.731
cmr,sex_m,eco_details_total,1995,2859.876
cmr,sex_m,eco_details_total,1996,2940.058
cmr,sex_m,eco_details_total,1997,3029.965
cmr,sex_m,eco_details_total,1998,3121.746
cmr,sex_m,eco_details_total,1999,3214.82
cmr,sex_m,eco_details_total,2000,3317.389
cmr,sex_m,eco_details_total,2001,3421.164
cmr,sex_m,eco_details_total,2002,3559.891
cmr,sex_m,eco_details_total,2003,3702.933
cmr,sex_m,eco_details_total,2004,3851.909
cmr,sex_m,eco_details_total,2005,3998.738
cmr,sex_m,eco_details_total,2006,4152.501
cmr,sex_m,eco_details_total,2007,4307.583
cmr,sex_m,eco_details_total,2008,4369.055
cmr,sex_m,eco_details_total,2009,4416.892
cmr,sex_m,eco_details_total,2010,4464.272
cmr,sex_m,eco_details_total,2011,4601.917
cmr,sex_m,eco_details_total,2012,4743.316
cmr,sex_m,eco_details_total,2013,4888.777
cmr,sex_m,eco_details_total,2014,5039.714
cmr,sex_m,eco_details_total,2015,5189.611
cmr,sex_m,eco_details_total,2016,5342.167
cmr,sex_m,eco_details_total,2017,5500.144
cmr,sex_m,eco_details_total,2018,5662.89
cmr,sex_m,eco_details_total,2019,5827.404
cmr,sex_m,eco_sector_agr,1991,1626.303
cmr,sex_m,eco_sector_agr,1992,1680.46
cmr,sex_m,eco_sector_agr,1993,1741.287
cmr,sex_m,eco_sector_agr,1994,1792.377
cmr,sex_m,eco_sector_agr,1995,1845.542
cmr,sex_m,eco_sector_agr,1996,1892.663
cmr,sex_m,eco_sector_agr,1997,1942.798
cmr,sex_m,eco_sector_agr,1998,1992.588
cmr,sex_m,eco_sector_agr,1999,2040.171
cmr,sex_m,eco_sector_agr,2000,2094.604
cmr,sex_m,eco_sector_agr,2001,2151.768
cmr,sex_m,eco_sector_agr,2002,2180.754
cmr,sex_m,eco_sector_agr,2003,2211.583
cmr,sex_m,eco_sector_agr,2004,2236.874
cmr,sex_m,eco_sector_agr,2005,2274.23
cmr,sex_m,eco_sector_agr,2006,2305.906
cmr,sex_m,eco_sector_agr,2007,2329.011
cmr,sex_m,eco_sector_agr,2008,2296.783
cmr,sex_m,eco_sector_agr,2009,2261.224
cmr,sex_m,eco_sector_agr,2010,2217.996
cmr,sex_m,eco_sector_agr,2011,2207.782
cmr,sex_m,eco_sector_agr,2012,2192.093
cmr,sex_m,eco_sector_agr,2013,2168.852
cmr,sex_m,eco_sector_agr,2014,2148.731
cmr,sex_m,eco_sector_agr,2015,2176.474
cmr,sex_m,eco_sector_agr,2016,2207.73
cmr,sex_m,eco_sector_agr,2017,2243.506
cmr,sex_m,eco_sector_agr,2018,2279.242
cmr,sex_m,eco_sector_agr,2019,2318.511
cmr,sex_m,eco_sector_ind,1991,319.144
cmr,sex_m,eco_sector_ind,1992,323.417
cmr,sex_m,eco_sector_ind,1993,326.317
cmr,sex_m,eco_sector_ind,1994,332.473
cmr,sex_m,eco_sector_ind,1995,339.658
cmr,sex_m,eco_sector_ind,1996,347.317
cmr,sex_m,eco_sector_ind,1997,357.128
cmr,sex_m,eco_sector_ind,1998,368.136
cmr,sex_m,eco_sector_ind,1999,380.639
cmr,sex_m,eco_sector_ind,2000,392.705
cmr,sex_m,eco_sector_ind,2001,399.62
cmr,sex_m,eco_sector_ind,2002,437.882
cmr,sex_m,eco_sector_ind,2003,469.163
cmr,sex_m,eco_sector_ind,2004,495.66
cmr,sex_m,eco_sector_ind,2005,514.638
cmr,sex_m,eco_sector_ind,2006,532.343
cmr,sex_m,eco_sector_ind,2007,548.88
cmr,sex_m,eco_sector_ind,2008,580.016
cmr,sex_m,eco_sector_ind,2009,610.221
cmr,sex_m,eco_sector_ind,2010,641.231
cmr,sex_m,eco_sector_ind,2011,691.101
cmr,sex_m,eco_sector_ind,2012,744.86
cmr,sex_m,eco_sector_ind,2013,802.648
cmr,sex_m,eco_sector_ind,2014,862.636
cmr,sex_m,eco_sector_ind,2015,896.94
cmr,sex_m,eco_sector_ind,2016,929.182
cmr,sex_m,eco_sector_ind,2017,960.159
cmr,sex_m,eco_sector_ind,2018,989.511
cmr,sex_m,eco_sector_ind,2019,1016.412
cmr,sex_m,eco_sector_ser,1991,600.477
cmr,sex_m,eco_sector_ser,1992,616.621
cmr,sex_m,eco_sector_ser,1993,629.009
cmr,sex_m,eco_sector_ser,1994,649.882
cmr,sex_m,eco_sector_ser,1995,674.676
cmr,sex_m,eco_sector_ser,1996,700.077
cmr,sex_m,eco_sector_ser,1997,730.039
cmr,sex_m,eco_sector_ser,1998,761.021
cmr,sex_m,eco_sector_ser,1999,794.01
cmr,sex_m,eco_sector_ser,2000,830.08
cmr,sex_m,eco_sector_ser,2001,869.776
cmr,sex_m,eco_sector_ser,2002,941.256
cmr,sex_m,eco_sector_ser,2003,1022.187
cmr,sex_m,eco_sector_ser,2004,1119.376
cmr,sex_m,eco_sector_ser,2005,1209.869
cmr,sex_m,eco_sector_ser,2006,1314.252
cmr,sex_m,eco_sector_ser,2007,1429.692
cmr,sex_m,eco_sector_ser,2008,1492.257
cmr,sex_m,eco_sector_ser,2009,1545.447
cmr,sex_m,eco_sector_ser,2010,1605.045
cmr,sex_m,eco_sector_ser,2011,1703.034
cmr,sex_m,eco_sector_ser,2012,1806.363
cmr,sex_m,eco_sector_ser,2013,1917.277
cmr,sex_m,eco_sector_ser,2014,2028.347
cmr,sex_m,eco_sector_ser,2015,2116.198
cmr,sex_m,eco_sector_ser,2016,2205.256
cmr,sex_m,eco_sector_ser,2017,2296.479
cmr,sex_m,eco_sector_ser,2018,2394.137
cmr,sex_m,eco_sector_ser,2019,2492.48
cmr,sex_m,eco_sector_total,1991,2545.924
cmr,sex_m,eco_sector_total,1992,2620.498
cmr,sex_m,eco_sector_total,1993,2696.613
cmr,sex_m,eco_sector_total,1994,2774.731
cmr,sex_m,eco_sector_total,1995,2859.876
cmr,sex_m,eco_sector_total,1996,2940.058
cmr,sex_m,eco_sector_total,1997,3029.965
cmr,sex_m,eco_sector_total,1998,3121.746
cmr,sex_m,eco_sector_total,1999,3214.82
cmr,sex_m,eco_sector_total,2000,3317.389
cmr,sex_m,eco_sector_total,2001,3421.164
cmr,sex_m,eco_sector_total,2002,3559.891
cmr,sex_m,eco_sector_total,2003,3702.933
cmr,sex_m,eco_sector_total,2004,3851.909
cmr,sex_m,eco_sector_total,2005,3998.738
cmr,sex_m,eco_sector_total,2006,4152.501
cmr,sex_m,eco_sector_total,2007,4307.583
cmr,sex_m,eco_sector_total,2008,4369.055
cmr,sex_m,eco_sector_total,2009,4416.892
cmr,sex_m,eco_sector_total,2010,4464.272
cmr,sex_m,eco_sector_total,2011,4601.917
cmr,sex_m,eco_sector_total,2012,4743.316
cmr,sex_m,eco_sector_total,2013,4888.777
cmr,sex_m,eco_sector_total,2014,5039.714
cmr,sex_m,eco_sector_total,2015,5189.611
cmr,sex_m,eco_sector_total,2016,5342.167
cmr,sex_m,eco_sector_total,2017,5500.144
cmr,sex_m,eco_sector_total,2018,5662.89
cmr,sex_m,eco_sector_total,2019,5827.404
cmr,sex_t,eco_aggregate_agr,1991,3394.706
cmr,sex_t,eco_aggregate_agr,1992,3496.441
cmr,sex_t,eco_aggregate_agr,1993,3606.84
cmr,sex_t,eco_aggregate_agr,1994,3707.676
cmr,sex_t,eco_aggregate_agr,1995,3811.22
cmr,sex_t,eco_aggregate_agr,1996,3906.951
cmr,sex_t,eco_aggregate_agr,1997,4007.292
cmr,sex_t,eco_aggregate_agr,1998,4107.134
cmr,sex_t,eco_aggregate_agr,1999,4205.095
cmr,sex_t,eco_aggregate_agr,2000,4308.352
cmr,sex_t,eco_aggregate_agr,2001,4397.789
cmr,sex_t,eco_aggregate_agr,2002,4499.798
cmr,sex_t,eco_aggregate_agr,2003,4600.237
cmr,sex_t,eco_aggregate_agr,2004,4691.109
cmr,sex_t,eco_aggregate_agr,2005,4798.552
cmr,sex_t,eco_aggregate_agr,2006,4889.259
cmr,sex_t,eco_aggregate_agr,2007,4970.861
cmr,sex_t,eco_aggregate_agr,2008,4862.482
cmr,sex_t,eco_aggregate_agr,2009,4731.503
cmr,sex_t,eco_aggregate_agr,2010,4590.501
cmr,sex_t,eco_aggregate_agr,2011,4582.512
cmr,sex_t,eco_aggregate_agr,2012,4563.236
cmr,sex_t,eco_aggregate_agr,2013,4531.147
cmr,sex_t,eco_aggregate_agr,2014,4499.515
cmr,sex_t,eco_aggregate_agr,2015,4535.542
cmr,sex_t,eco_aggregate_agr,2016,4584.856
cmr,sex_t,eco_aggregate_agr,2017,4642.965
cmr,sex_t,eco_aggregate_agr,2018,4705.268
cmr,sex_t,eco_aggregate_agr,2019,4773.011
cmr,sex_t,eco_aggregate_con,1991,97.13
cmr,sex_t,eco_aggregate_con,1992,97.484
cmr,sex_t,eco_aggregate_con,1993,97.95
cmr,sex_t,eco_aggregate_con,1994,98.686
cmr,sex_t,eco_aggregate_con,1995,99.954
cmr,sex_t,eco_aggregate_con,1996,101.59
cmr,sex_t,eco_aggregate_con,1997,104.003
cmr,sex_t,eco_aggregate_con,1998,107.061
cmr,sex_t,eco_aggregate_con,1999,110.67
cmr,sex_t,eco_aggregate_con,2000,114.968
cmr,sex_t,eco_aggregate_con,2001,119.77
cmr,sex_t,eco_aggregate_con,2002,127.17
cmr,sex_t,eco_aggregate_con,2003,134.944
cmr,sex_t,eco_aggregate_con,2004,142.988
cmr,sex_t,eco_aggregate_con,2005,151.203
cmr,sex_t,eco_aggregate_con,2006,159.286
cmr,sex_t,eco_aggregate_con,2007,168.019
cmr,sex_t,eco_aggregate_con,2008,177.087
cmr,sex_t,eco_aggregate_con,2009,185.672
cmr,sex_t,eco_aggregate_con,2010,194.73
cmr,sex_t,eco_aggregate_con,2011,210.829
cmr,sex_t,eco_aggregate_con,2012,228.398
cmr,sex_t,eco_aggregate_con,2013,247.513
cmr,sex_t,eco_aggregate_con,2014,267.643
cmr,sex_t,eco_aggregate_con,2015,279.602
cmr,sex_t,eco_aggregate_con,2016,289.989
cmr,sex_t,eco_aggregate_con,2017,299.975
cmr,sex_t,eco_aggregate_con,2018,309.91
cmr,sex_t,eco_aggregate_con,2019,318.754
cmr,sex_t,eco_aggregate_man,1991,365.353
cmr,sex_t,eco_aggregate_man,1992,372.738
cmr,sex_t,eco_aggregate_man,1993,379.721
cmr,sex_t,eco_aggregate_man,1994,389.075
cmr,sex_t,eco_aggregate_man,1995,397.777
cmr,sex_t,eco_aggregate_man,1996,407.08
cmr,sex_t,eco_aggregate_man,1997,417.752
cmr,sex_t,eco_aggregate_man,1998,432.176
cmr,sex_t,eco_aggregate_man,1999,447.852
cmr,sex_t,eco_aggregate_man,2000,465.579
cmr,sex_t,eco_aggregate_man,2001,485.535
cmr,sex_t,eco_aggregate_man,2002,520.059
cmr,sex_t,eco_aggregate_man,2003,556.539
cmr,sex_t,eco_aggregate_man,2004,594.024
cmr,sex_t,eco_aggregate_man,2005,634.905
cmr,sex_t,eco_aggregate_man,2006,679.276
cmr,sex_t,eco_aggregate_man,2007,724.804
cmr,sex_t,eco_aggregate_man,2008,743.704
cmr,sex_t,eco_aggregate_man,2009,765.574
cmr,sex_t,eco_aggregate_man,2010,780.897
cmr,sex_t,eco_aggregate_man,2011,825.409
cmr,sex_t,eco_aggregate_man,2012,873.141
cmr,sex_t,eco_aggregate_man,2013,921.252
cmr,sex_t,eco_aggregate_man,2014,971.817
cmr,sex_t,eco_aggregate_man,2015,1011.26
cmr,sex_t,eco_aggregate_man,2016,1048.675
cmr,sex_t,eco_aggregate_man,2017,1087.053
cmr,sex_t,eco_aggregate_man,2018,1118.117
cmr,sex_t,eco_aggregate_man,2019,1150.576
cmr,sex_t,eco_aggregate_mel,1991,33.283
cmr,sex_t,eco_aggregate_mel,1992,34.241
cmr,sex_t,eco_aggregate_mel,1993,35.021
cmr,sex_t,eco_aggregate_mel,1994,36.249
cmr,sex_t,eco_aggregate_mel,1995,37.646
cmr,sex_t,eco_aggregate_mel,1996,39.114
cmr,sex_t,eco_aggregate_mel,1997,40.803
cmr,sex_t,eco_aggregate_mel,1998,42.62
cmr,sex_t,eco_aggregate_mel,1999,44.537
cmr,sex_t,eco_aggregate_mel,2000,46.513
cmr,sex_t,eco_aggregate_mel,2001,48.769
cmr,sex_t,eco_aggregate_mel,2002,46.259
cmr,sex_t,eco_aggregate_mel,2003,43.9
cmr,sex_t,eco_aggregate_mel,2004,41.85
cmr,sex_t,eco_aggregate_mel,2005,39.448
cmr,sex_t,eco_aggregate_mel,2006,37.222
cmr,sex_t,eco_aggregate_mel,2007,35.158
cmr,sex_t,eco_aggregate_mel,2008,39.759
cmr,sex_t,eco_aggregate_mel,2009,44.591
cmr,sex_t,eco_aggregate_mel,2010,50.12
cmr,sex_t,eco_aggregate_mel,2011,58.168
cmr,sex_t,eco_aggregate_mel,2012,67.515
cmr,sex_t,eco_aggregate_mel,2013,78.455
cmr,sex_t,eco_aggregate_mel,2014,90.911
cmr,sex_t,eco_aggregate_mel,2015,94.912
cmr,sex_t,eco_aggregate_mel,2016,99.213
cmr,sex_t,eco_aggregate_mel,2017,103.445
cmr,sex_t,eco_aggregate_mel,2018,108.066
cmr,sex_t,eco_aggregate_mel,2019,113.058
cmr,sex_t,eco_aggregate_mkt,1991,872.507
cmr,sex_t,eco_aggregate_mkt,1992,897.261
cmr,sex_t,eco_aggregate_mkt,1993,917.763
cmr,sex_t,eco_aggregate_mkt,1994,950.356
cmr,sex_t,eco_aggregate_mkt,1995,987.56
cmr,sex_t,eco_aggregate_mkt,1996,1026.763
cmr,sex_t,eco_aggregate_mkt,1997,1072.11
cmr,sex_t,eco_aggregate_mkt,1998,1118.913
cmr,sex_t,eco_aggregate_mkt,1999,1167.814
cmr,sex_t,eco_aggregate_mkt,2000,1219.314
cmr,sex_t,eco_aggregate_mkt,2001,1273.723
cmr,sex_t,eco_aggregate_mkt,2002,1329.961
cmr,sex_t,eco_aggregate_mkt,2003,1389.534
cmr,sex_t,eco_aggregate_mkt,2004,1459.49
cmr,sex_t,eco_aggregate_mkt,2005,1513.474
cmr,sex_t,eco_aggregate_mkt,2006,1571.709
cmr,sex_t,eco_aggregate_mkt,2007,1634.672
cmr,sex_t,eco_aggregate_mkt,2008,1719.573
cmr,sex_t,eco_aggregate_mkt,2009,1792.509
cmr,sex_t,eco_aggregate_mkt,2010,1872.573
cmr,sex_t,eco_aggregate_mkt,2011,2019.425
cmr,sex_t,eco_aggregate_mkt,2012,2177.353
cmr,sex_t,eco_aggregate_mkt,2013,2349.958
cmr,sex_t,eco_aggregate_mkt,2014,2526.897
cmr,sex_t,eco_aggregate_mkt,2015,2672.915
cmr,sex_t,eco_aggregate_mkt,2016,2814.157
cmr,sex_t,eco_aggregate_mkt,2017,2957.167
cmr,sex_t,eco_aggregate_mkt,2018,3108.803
cmr,sex_t,eco_aggregate_mkt,2019,3260.784
cmr,sex_t,eco_aggregate_pub,1991,226.942
cmr,sex_t,eco_aggregate_pub,1992,234.796
cmr,sex_t,eco_aggregate_pub,1993,242.95
cmr,sex_t,eco_aggregate_pub,1994,251.74
cmr,sex_t,eco_aggregate_pub,1995,261.333
cmr,sex_t,eco_aggregate_pub,1996,271.122
cmr,sex_t,eco_aggregate_pub,1997,282.223
cmr,sex_t,eco_aggregate_pub,1998,294.673
cmr,sex_t,eco_aggregate_pub,1999,309.164
cmr,sex_t,eco_aggregate_pub,2000,326.808
cmr,sex_t,eco_aggregate_pub,2001,349.27
cmr,sex_t,eco_aggregate_pub,2002,400.102
cmr,sex_t,eco_aggregate_pub,2003,458.019
cmr,sex_t,eco_aggregate_pub,2004,523.94
cmr,sex_t,eco_aggregate_pub,2005,598.491
cmr,sex_t,eco_aggregate_pub,2006,681.684
cmr,sex_t,eco_aggregate_pub,2007,775.154
cmr,sex_t,eco_aggregate_pub,2008,804.62
cmr,sex_t,eco_aggregate_pub,2009,830.657
cmr,sex_t,eco_aggregate_pub,2010,857.066
cmr,sex_t,eco_aggregate_pub,2011,911.677
cmr,sex_t,eco_aggregate_pub,2012,969.028
cmr,sex_t,eco_aggregate_pub,2013,1029.386
cmr,sex_t,eco_aggregate_pub,2014,1093.388
cmr,sex_t,eco_aggregate_pub,2015,1143.711
cmr,sex_t,eco_aggregate_pub,2016,1194.347
cmr,sex_t,eco_aggregate_pub,2017,1247.217
cmr,sex_t,eco_aggregate_pub,2018,1302.641
cmr,sex_t,eco_aggregate_pub,2019,1358.866
cmr,sex_t,eco_aggregate_total,1991,4989.921
cmr,sex_t,eco_aggregate_total,1992,5132.96
cmr,sex_t,eco_aggregate_total,1993,5280.246
cmr,sex_t,eco_aggregate_total,1994,5433.781
cmr,sex_t,eco_aggregate_total,1995,5595.49
cmr,sex_t,eco_aggregate_total,1996,5752.619
cmr,sex_t,eco_aggregate_total,1997,5924.183
cmr,sex_t,eco_aggregate_total,1998,6102.577
cmr,sex_t,eco_aggregate_total,1999,6285.132
cmr,sex_t,eco_aggregate_total,2000,6481.534
cmr,sex_t,eco_aggregate_total,2001,6674.857
cmr,sex_t,eco_aggregate_total,2002,6923.348
cmr,sex_t,eco_aggregate_total,2003,7183.173
cmr,sex_t,eco_aggregate_total,2004,7453.402
cmr,sex_t,eco_aggregate_total,2005,7736.073
cmr,sex_t,eco_aggregate_total,2006,8018.436
cmr,sex_t,eco_aggregate_total,2007,8308.667
cmr,sex_t,eco_aggregate_total,2008,8347.224
cmr,sex_t,eco_aggregate_total,2009,8350.506
cmr,sex_t,eco_aggregate_total,2010,8345.886
cmr,sex_t,eco_aggregate_total,2011,8608.02
cmr,sex_t,eco_aggregate_total,2012,8878.671
cmr,sex_t,eco_aggregate_total,2013,9157.711
cmr,sex_t,eco_aggregate_total,2014,9450.171
cmr,sex_t,eco_aggregate_total,2015,9737.943
cmr,sex_t,eco_aggregate_total,2016,10031.237
cmr,sex_t,eco_aggregate_total,2017,10337.822
cmr,sex_t,eco_aggregate_total,2018,10652.807
cmr,sex_t,eco_aggregate_total,2019,10975.051
cmr,sex_t,eco_details_a,1991,3394.706
cmr,sex_t,eco_details_a,1992,3496.441
cmr,sex_t,eco_details_a,1993,3606.84
cmr,sex_t,eco_details_a,1994,3707.676
cmr,sex_t,eco_details_a,1995,3811.22
cmr,sex_t,eco_details_a,1996,3906.951
cmr,sex_t,eco_details_a,1997,4007.292
cmr,sex_t,eco_details_a,1998,4107.134
cmr,sex_t,eco_details_a,1999,4205.095
cmr,sex_t,eco_details_a,2000,4308.352
cmr,sex_t,eco_details_a,2001,4397.789
cmr,sex_t,eco_details_a,2002,4499.798
cmr,sex_t,eco_details_a,2003,4600.237
cmr,sex_t,eco_details_a,2004,4691.109
cmr,sex_t,eco_details_a,2005,4798.552
cmr,sex_t,eco_details_a,2006,4889.259
cmr,sex_t,eco_details_a,2007,4970.861
cmr,sex_t,eco_details_a,2008,4862.482
cmr,sex_t,eco_details_a,2009,4731.503
cmr,sex_t,eco_details_a,2010,4590.501
cmr,sex_t,eco_details_a,2011,4582.512
cmr,sex_t,eco_details_a,2012,4563.236
cmr,sex_t,eco_details_a,2013,4531.147
cmr,sex_t,eco_details_a,2014,4499.515
cmr,sex_t,eco_details_a,2015,4535.542
cmr,sex_t,eco_details_a,2016,4584.856
cmr,sex_t,eco_details_a,2017,4642.965
cmr,sex_t,eco_details_a,2018,4705.268
cmr,sex_t,eco_details_a,2019,4773.011
cmr,sex_t,eco_details_b,1991,12.879
cmr,sex_t,eco_details_b,1992,13.242
cmr,sex_t,eco_details_b,1993,13.53
cmr,sex_t,eco_details_b,1994,14.012
cmr,sex_t,eco_details_b,1995,14.597
cmr,sex_t,eco_details_b,1996,15.25
cmr,sex_t,eco_details_b,1997,16.023
cmr,sex_t,eco_details_b,1998,16.802
cmr,sex_t,eco_details_b,1999,17.754
cmr,sex_t,eco_details_b,2000,18.783
cmr,sex_t,eco_details_b,2001,19.83
cmr,sex_t,eco_details_b,2002,18.963
cmr,sex_t,eco_details_b,2003,18.18
cmr,sex_t,eco_details_b,2004,17.573
cmr,sex_t,eco_details_b,2005,16.685
cmr,sex_t,eco_details_b,2006,15.839
cmr,sex_t,eco_details_b,2007,14.629
cmr,sex_t,eco_details_b,2008,17.719
cmr,sex_t,eco_details_b,2009,21.055
cmr,sex_t,eco_details_b,2010,25.117
cmr,sex_t,eco_details_b,2011,30.845
cmr,sex_t,eco_details_b,2012,37.736
cmr,sex_t,eco_details_b,2013,46.042
cmr,sex_t,eco_details_b,2014,55.798
cmr,sex_t,eco_details_b,2015,56.885
cmr,sex_t,eco_details_b,2016,59.435
cmr,sex_t,eco_details_b,2017,61.882
cmr,sex_t,eco_details_b,2018,64.805
cmr,sex_t,eco_details_b,2019,67.831
cmr,sex_t,eco_details_c,1991,365.353
cmr,sex_t,eco_details_c,1992,372.738
cmr,sex_t,eco_details_c,1993,379.721
cmr,sex_t,eco_details_c,1994,389.075
cmr,sex_t,eco_details_c,1995,397.777
cmr,sex_t,eco_details_c,1996,407.08
cmr,sex_t,eco_details_c,1997,417.752
cmr,sex_t,eco_details_c,1998,432.176
cmr,sex_t,eco_details_c,1999,447.852
cmr,sex_t,eco_details_c,2000,465.579
cmr,sex_t,eco_details_c,2001,485.535
cmr,sex_t,eco_details_c,2002,520.059
cmr,sex_t,eco_details_c,2003,556.539
cmr,sex_t,eco_details_c,2004,594.024
cmr,sex_t,eco_details_c,2005,634.905
cmr,sex_t,eco_details_c,2006,679.276
cmr,sex_t,eco_details_c,2007,724.804
cmr,sex_t,eco_details_c,2008,743.704
cmr,sex_t,eco_details_c,2009,765.574
cmr,sex_t,eco_details_c,2010,780.897
cmr,sex_t,eco_details_c,2011,825.409
cmr,sex_t,eco_details_c,2012,873.141
cmr,sex_t,eco_details_c,2013,921.252
cmr,sex_t,eco_details_c,2014,971.817
cmr,sex_t,eco_details_c,2015,1011.26
cmr,sex_t,eco_details_c,2016,1048.675
cmr,sex_t,eco_details_c,2017,1087.053
cmr,sex_t,eco_details_c,2018,1118.117
cmr,sex_t,eco_details_c,2019,1150.576
cmr,sex_t,eco_details_de,1991,20.404
cmr,sex_t,eco_details_de,1992,20.999
cmr,sex_t,eco_details_de,1993,21.491
cmr,sex_t,eco_details_de,1994,22.236
cmr,sex_t,eco_details_de,1995,23.049
cmr,sex_t,eco_details_de,1996,23.864
cmr,sex_t,eco_details_de,1997,24.78
cmr,sex_t,eco_details_de,1998,25.818
cmr,sex_t,eco_details_de,1999,26.784
cmr,sex_t,eco_details_de,2000,27.729
cmr,sex_t,eco_details_de,2001,28.939
cmr,sex_t,eco_details_de,2002,27.295
cmr,sex_t,eco_details_de,2003,25.719
cmr,sex_t,eco_details_de,2004,24.276
cmr,sex_t,eco_details_de,2005,22.763
cmr,sex_t,eco_details_de,2006,21.383
cmr,sex_t,eco_details_de,2007,20.53
cmr,sex_t,eco_details_de,2008,22.04
cmr,sex_t,eco_details_de,2009,23.536
cmr,sex_t,eco_details_de,2010,25.003
cmr,sex_t,eco_details_de,2011,27.323
cmr,sex_t,eco_details_de,2012,29.779
cmr,sex_t,eco_details_de,2013,32.413
cmr,sex_t,eco_details_de,2014,35.114
cmr,sex_t,eco_details_de,2015,38.027
cmr,sex_t,eco_details_de,2016,39.778
cmr,sex_t,eco_details_de,2017,41.563
cmr,sex_t,eco_details_de,2018,43.261
cmr,sex_t,eco_details_de,2019,45.227
cmr,sex_t,eco_details_f,1991,97.13
cmr,sex_t,eco_details_f,1992,97.484
cmr,sex_t,eco_details_f,1993,97.95
cmr,sex_t,eco_details_f,1994,98.686
cmr,sex_t,eco_details_f,1995,99.954
cmr,sex_t,eco_details_f,1996,101.59
cmr,sex_t,eco_details_f,1997,104.003
cmr,sex_t,eco_details_f,1998,107.061
cmr,sex_t,eco_details_f,1999,110.67
cmr,sex_t,eco_details_f,2000,114.968
cmr,sex_t,eco_details_f,2001,119.77
cmr,sex_t,eco_details_f,2002,127.17
cmr,sex_t,eco_details_f,2003,134.944
cmr,sex_t,eco_details_f,2004,142.988
cmr,sex_t,eco_details_f,2005,151.203
cmr,sex_t,eco_details_f,2006,159.286
cmr,sex_t,eco_details_f,2007,168.019
cmr,sex_t,eco_details_f,2008,177.087
cmr,sex_t,eco_details_f,2009,185.672
cmr,sex_t,eco_details_f,2010,194.73
cmr,sex_t,eco_details_f,2011,210.829
cmr,sex_t,eco_details_f,2012,228.398
cmr,sex_t,eco_details_f,2013,247.513
cmr,sex_t,eco_details_f,2014,267.643
cmr,sex_t,eco_details_f,2015,279.602
cmr,sex_t,eco_details_f,2016,289.989
cmr,sex_t,eco_details_f,2017,299.975
cmr,sex_t,eco_details_f,2018,309.91
cmr,sex_t,eco_details_f,2019,318.754
cmr,sex_t,eco_details_g,1991,439.811
cmr,sex_t,eco_details_g,1992,456.809
cmr,sex_t,eco_details_g,1993,473.751
cmr,sex_t,eco_details_g,1994,493.638
cmr,sex_t,eco_details_g,1995,515.945
cmr,sex_t,eco_details_g,1996,539.456
cmr,sex_t,eco_details_g,1997,566.61
cmr,sex_t,eco_details_g,1998,592.901
cmr,sex_t,eco_details_g,1999,621.955
cmr,sex_t,eco_details_g,2000,652.776
cmr,sex_t,eco_details_g,2001,681.131
cmr,sex_t,eco_details_g,2002,713.137
cmr,sex_t,eco_details_g,2003,746.01
cmr,sex_t,eco_details_g,2004,782.245
cmr,sex_t,eco_details_g,2005,815.932
cmr,sex_t,eco_details_g,2006,848.645
cmr,sex_t,eco_details_g,2007,884.109
cmr,sex_t,eco_details_g,2008,935.197
cmr,sex_t,eco_details_g,2009,982.942
cmr,sex_t,eco_details_g,2010,1034.356
cmr,sex_t,eco_details_g,2011,1122.526
cmr,sex_t,eco_details_g,2012,1216.548
cmr,sex_t,eco_details_g,2013,1318.115
cmr,sex_t,eco_details_g,2014,1422.901
cmr,sex_t,eco_details_g,2015,1500.04
cmr,sex_t,eco_details_g,2016,1576.367
cmr,sex_t,eco_details_g,2017,1654.038
cmr,sex_t,eco_details_g,2018,1736.38
cmr,sex_t,eco_details_g,2019,1818.892
cmr,sex_t,eco_details_hj,1991,210.391
cmr,sex_t,eco_details_hj,1992,215.762
cmr,sex_t,eco_details_hj,1993,219.575
cmr,sex_t,eco_details_hj,1994,227.412
cmr,sex_t,eco_details_hj,1995,235.848
cmr,sex_t,eco_details_hj,1996,244.392
cmr,sex_t,eco_details_hj,1997,254.829
cmr,sex_t,eco_details_hj,1998,265.837
cmr,sex_t,eco_details_hj,1999,276.515
cmr,sex_t,eco_details_hj,2000,288.623
cmr,sex_t,eco_details_hj,2001,300.696
cmr,sex_t,eco_details_hj,2002,313.819
cmr,sex_t,eco_details_hj,2003,327.306
cmr,sex_t,eco_details_hj,2004,343.611
cmr,sex_t,eco_details_hj,2005,355.787
cmr,sex_t,eco_details_hj,2006,369.421
cmr,sex_t,eco_details_hj,2007,383.618
cmr,sex_t,eco_details_hj,2008,398.242
cmr,sex_t,eco_details_hj,2009,409.562
cmr,sex_t,eco_details_hj,2010,422.67
cmr,sex_t,eco_details_hj,2011,449.285
cmr,sex_t,eco_details_hj,2012,478.129
cmr,sex_t,eco_details_hj,2013,509.271
cmr,sex_t,eco_details_hj,2014,540.112
cmr,sex_t,eco_details_hj,2015,570.668
cmr,sex_t,eco_details_hj,2016,599.74
cmr,sex_t,eco_details_hj,2017,630.183
cmr,sex_t,eco_details_hj,2018,660.628
cmr,sex_t,eco_details_hj,2019,690.668
cmr,sex_t,eco_details_i,1991,177.872
cmr,sex_t,eco_details_i,1992,179.399
cmr,sex_t,eco_details_i,1993,178.475
cmr,sex_t,eco_details_i,1994,182.015
cmr,sex_t,eco_details_i,1995,186.803
cmr,sex_t,eco_details_i,1996,192.038
cmr,sex_t,eco_details_i,1997,197.419
cmr,sex_t,eco_details_i,1998,204.253
cmr,sex_t,eco_details_i,1999,210.488
cmr,sex_t,eco_details_i,2000,215.811
cmr,sex_t,eco_details_i,2001,226.063
cmr,sex_t,eco_details_i,2002,233.297
cmr,sex_t,eco_details_i,2003,242.36
cmr,sex_t,eco_details_i,2004,254.856
cmr,sex_t,eco_details_i,2005,258.952
cmr,sex_t,eco_details_i,2006,266.539
cmr,sex_t,eco_details_i,2007,275.348
cmr,sex_t,eco_details_i,2008,286.315
cmr,sex_t,eco_details_i,2009,292.212
cmr,sex_t,eco_details_i,2010,298.873
cmr,sex_t,eco_details_i,2011,317.068
cmr,sex_t,eco_details_i,2012,336.572
cmr,sex_t,eco_details_i,2013,358.74
cmr,sex_t,eco_details_i,2014,380.982
cmr,sex_t,eco_details_i,2015,406.463
cmr,sex_t,eco_details_i,2016,429.349
cmr,sex_t,eco_details_i,2017,451.063
cmr,sex_t,eco_details_i,2018,476.084
cmr,sex_t,eco_details_i,2019,502.079
cmr,sex_t,eco_details_k,1991,12.566
cmr,sex_t,eco_details_k,1992,12.889
cmr,sex_t,eco_details_k,1993,13.161
cmr,sex_t,eco_details_k,1994,13.6
cmr,sex_t,eco_details_k,1995,14.072
cmr,sex_t,eco_details_k,1996,14.541
cmr,sex_t,eco_details_k,1997,15.131
cmr,sex_t,eco_details_k,1998,15.767
cmr,sex_t,eco_details_k,1999,16.359
cmr,sex_t,eco_details_k,2000,17.051
cmr,sex_t,eco_details_k,2001,17.733
cmr,sex_t,eco_details_k,2002,18.512
cmr,sex_t,eco_details_k,2003,19.283
cmr,sex_t,eco_details_k,2004,20.282
cmr,sex_t,eco_details_k,2005,21.154
cmr,sex_t,eco_details_k,2006,22.055
cmr,sex_t,eco_details_k,2007,22.821
cmr,sex_t,eco_details_k,2008,25.653
cmr,sex_t,eco_details_k,2009,28.671
cmr,sex_t,eco_details_k,2010,32.098
cmr,sex_t,eco_details_k,2011,37.029
cmr,sex_t,eco_details_k,2012,42.719
cmr,sex_t,eco_details_k,2013,49.345
cmr,sex_t,eco_details_k,2014,56.797
cmr,sex_t,eco_details_k,2015,59.851
cmr,sex_t,eco_details_k,2016,63.301
cmr,sex_t,eco_details_k,2017,67.08
cmr,sex_t,eco_details_k,2018,70.825
cmr,sex_t,eco_details_k,2019,74.158
cmr,sex_t,eco_details_lmn,1991,31.866
cmr,sex_t,eco_details_lmn,1992,32.403
cmr,sex_t,eco_details_lmn,1993,32.801
cmr,sex_t,eco_details_lmn,1994,33.69
cmr,sex_t,eco_details_lmn,1995,34.892
cmr,sex_t,eco_details_lmn,1996,36.337
cmr,sex_t,eco_details_lmn,1997,38.121
cmr,sex_t,eco_details_lmn,1998,40.155
cmr,sex_t,eco_details_lmn,1999,42.498
cmr,sex_t,eco_details_lmn,2000,45.054
cmr,sex_t,eco_details_lmn,2001,48.1
cmr,sex_t,eco_details_lmn,2002,51.196
cmr,sex_t,eco_details_lmn,2003,54.574
cmr,sex_t,eco_details_lmn,2004,58.497
cmr,sex_t,eco_details_lmn,2005,61.648
cmr,sex_t,eco_details_lmn,2006,65.049
cmr,sex_t,eco_details_lmn,2007,68.776
cmr,sex_t,eco_details_lmn,2008,74.166
cmr,sex_t,eco_details_lmn,2009,79.123
cmr,sex_t,eco_details_lmn,2010,84.576
cmr,sex_t,eco_details_lmn,2011,93.517
cmr,sex_t,eco_details_lmn,2012,103.386
cmr,sex_t,eco_details_lmn,2013,114.488
cmr,sex_t,eco_details_lmn,2014,126.104
cmr,sex_t,eco_details_lmn,2015,135.893
cmr,sex_t,eco_details_lmn,2016,145.4
cmr,sex_t,eco_details_lmn,2017,154.802
cmr,sex_t,eco_details_lmn,2018,164.886
cmr,sex_t,eco_details_lmn,2019,174.986
cmr,sex_t,eco_details_o,1991,40.419
cmr,sex_t,eco_details_o,1992,42.215
cmr,sex_t,eco_details_o,1993,44.295
cmr,sex_t,eco_details_o,1994,46.175
cmr,sex_t,eco_details_o,1995,48.166
cmr,sex_t,eco_details_o,1996,50.169
cmr,sex_t,eco_details_o,1997,52.325
cmr,sex_t,eco_details_o,1998,54.755
cmr,sex_t,eco_details_o,1999,57.615
cmr,sex_t,eco_details_o,2000,61.081
cmr,sex_t,eco_details_o,2001,65.322
cmr,sex_t,eco_details_o,2002,74.713
cmr,sex_t,eco_details_o,2003,85.269
cmr,sex_t,eco_details_o,2004,96.677
cmr,sex_t,eco_details_o,2005,110.226
cmr,sex_t,eco_details_o,2006,124.837
cmr,sex_t,eco_details_o,2007,140.524
cmr,sex_t,eco_details_o,2008,144.118
cmr,sex_t,eco_details_o,2009,147.019
cmr,sex_t,eco_details_o,2010,149.436
cmr,sex_t,eco_details_o,2011,156.176
cmr,sex_t,eco_details_o,2012,162.851
cmr,sex_t,eco_details_o,2013,169.166
cmr,sex_t,eco_details_o,2014,175.965
cmr,sex_t,eco_details_o,2015,180.484
cmr,sex_t,eco_details_o,2016,185.001
cmr,sex_t,eco_details_o,2017,189.954
cmr,sex_t,eco_details_o,2018,194.917
cmr,sex_t,eco_details_o,2019,199.865
cmr,sex_t,eco_details_p,1991,72.13
cmr,sex_t,eco_details_p,1992,74.013
cmr,sex_t,eco_details_p,1993,75.879
cmr,sex_t,eco_details_p,1994,77.989
cmr,sex_t,eco_details_p,1995,80.342
cmr,sex_t,eco_details_p,1996,82.773
cmr,sex_t,eco_details_p,1997,85.539
cmr,sex_t,eco_details_p,1998,88.678
cmr,sex_t,eco_details_p,1999,92.519
cmr,sex_t,eco_details_p,2000,97.238
cmr,sex_t,eco_details_p,2001,103.417
cmr,sex_t,eco_details_p,2002,117.821
cmr,sex_t,eco_details_p,2003,134.303
cmr,sex_t,eco_details_p,2004,153.19
cmr,sex_t,eco_details_p,2005,174.424
cmr,sex_t,eco_details_p,2006,198.203
cmr,sex_t,eco_details_p,2007,225.1
cmr,sex_t,eco_details_p,2008,235.023
cmr,sex_t,eco_details_p,2009,243.837
cmr,sex_t,eco_details_p,2010,253.141
cmr,sex_t,eco_details_p,2011,271.128
cmr,sex_t,eco_details_p,2012,290.497
cmr,sex_t,eco_details_p,2013,311.15
cmr,sex_t,eco_details_p,2014,333.362
cmr,sex_t,eco_details_p,2015,350.197
cmr,sex_t,eco_details_p,2016,366.948
cmr,sex_t,eco_details_p,2017,384.533
cmr,sex_t,eco_details_p,2018,403.283
cmr,sex_t,eco_details_p,2019,422.531
cmr,sex_t,eco_details_q,1991,27.599
cmr,sex_t,eco_details_q,1992,28.752
cmr,sex_t,eco_details_q,1993,29.963
cmr,sex_t,eco_details_q,1994,31.3
cmr,sex_t,eco_details_q,1995,32.608
cmr,sex_t,eco_details_q,1996,33.877
cmr,sex_t,eco_details_q,1997,35.233
cmr,sex_t,eco_details_q,1998,36.752
cmr,sex_t,eco_details_q,1999,38.612
cmr,sex_t,eco_details_q,2000,41.051
cmr,sex_t,eco_details_q,2001,43.908
cmr,sex_t,eco_details_q,2002,50.28
cmr,sex_t,eco_details_q,2003,57.527
cmr,sex_t,eco_details_q,2004,65.665
cmr,sex_t,eco_details_q,2005,75.373
cmr,sex_t,eco_details_q,2006,86.408
cmr,sex_t,eco_details_q,2007,98.32
cmr,sex_t,eco_details_q,2008,103.594
cmr,sex_t,eco_details_q,2009,108.157
cmr,sex_t,eco_details_q,2010,113.102
cmr,sex_t,eco_details_q,2011,121.253
cmr,sex_t,eco_details_q,2012,130.348
cmr,sex_t,eco_details_q,2013,139.47
cmr,sex_t,eco_details_q,2014,149.68
cmr,sex_t,eco_details_q,2015,156.67
cmr,sex_t,eco_details_q,2016,163.674
cmr,sex_t,eco_details_q,2017,171.588
cmr,sex_t,eco_details_q,2018,179.612
cmr,sex_t,eco_details_q,2019,188.121
cmr,sex_t,eco_details_rstu,1991,86.794
cmr,sex_t,eco_details_rstu,1992,89.815
cmr,sex_t,eco_details_rstu,1993,92.813
cmr,sex_t,eco_details_rstu,1994,96.276
cmr,sex_t,eco_details_rstu,1995,100.217
cmr,sex_t,eco_details_rstu,1996,104.302
cmr,sex_t,eco_details_rstu,1997,109.126
cmr,sex_t,eco_details_rstu,1998,114.489
cmr,sex_t,eco_details_rstu,1999,120.417
cmr,sex_t,eco_details_rstu,2000,127.438
cmr,sex_t,eco_details_rstu,2001,136.622
cmr,sex_t,eco_details_rstu,2002,157.288
cmr,sex_t,eco_details_rstu,2003,180.92
cmr,sex_t,eco_details_rstu,2004,208.409
cmr,sex_t,eco_details_rstu,2005,238.468
cmr,sex_t,eco_details_rstu,2006,272.237
cmr,sex_t,eco_details_rstu,2007,311.21
cmr,sex_t,eco_details_rstu,2008,321.886
cmr,sex_t,eco_details_rstu,2009,331.644
cmr,sex_t,eco_details_rstu,2010,341.387
cmr,sex_t,eco_details_rstu,2011,363.12
cmr,sex_t,eco_details_rstu,2012,385.332
cmr,sex_t,eco_details_rstu,2013,409.601
cmr,sex_t,eco_details_rstu,2014,434.382
cmr,sex_t,eco_details_rstu,2015,456.361
cmr,sex_t,eco_details_rstu,2016,478.723
cmr,sex_t,eco_details_rstu,2017,501.142
cmr,sex_t,eco_details_rstu,2018,524.83
cmr,sex_t,eco_details_rstu,2019,548.349
cmr,sex_t,eco_details_total,1991,4989.921
cmr,sex_t,eco_details_total,1992,5132.96
cmr,sex_t,eco_details_total,1993,5280.246
cmr,sex_t,eco_details_total,1994,5433.781
cmr,sex_t,eco_details_total,1995,5595.49
cmr,sex_t,eco_details_total,1996,5752.619
cmr,sex_t,eco_details_total,1997,5924.183
cmr,sex_t,eco_details_total,1998,6102.577
cmr,sex_t,eco_details_total,1999,6285.132
cmr,sex_t,eco_details_total,2000,6481.534
cmr,sex_t,eco_details_total,2001,6674.857
cmr,sex_t,eco_details_total,2002,6923.348
cmr,sex_t,eco_details_total,2003,7183.173
cmr,sex_t,eco_details_total,2004,7453.402
cmr,sex_t,eco_details_total,2005,7736.073
cmr,sex_t,eco_details_total,2006,8018.436
cmr,sex_t,eco_details_total,2007,8308.667
cmr,sex_t,eco_details_total,2008,8347.224
cmr,sex_t,eco_details_total,2009,8350.506
cmr,sex_t,eco_details_total,2010,8345.886
cmr,sex_t,eco_details_total,2011,8608.02
cmr,sex_t,eco_details_total,2012,8878.671
cmr,sex_t,eco_details_total,2013,9157.711
cmr,sex_t,eco_details_total,2014,9450.171
cmr,sex_t,eco_details_total,2015,9737.943
cmr,sex_t,eco_details_total,2016,10031.237
cmr,sex_t,eco_details_total,2017,10337.822
cmr,sex_t,eco_details_total,2018,10652.807
cmr,sex_t,eco_details_total,2019,10975.051
cmr,sex_t,eco_sector_agr,1991,3394.706
cmr,sex_t,eco_sector_agr,1992,3496.441
cmr,sex_t,eco_sector_agr,1993,3606.84
cmr,sex_t,eco_sector_agr,1994,3707.676
cmr,sex_t,eco_sector_agr,1995,3811.22
cmr,sex_t,eco_sector_agr,1996,3906.951
cmr,sex_t,eco_sector_agr,1997,4007.292
cmr,sex_t,eco_sector_agr,1998,4107.134
cmr,sex_t,eco_sector_agr,1999,4205.095
cmr,sex_t,eco_sector_agr,2000,4308.352
cmr,sex_t,eco_sector_agr,2001,4397.789
cmr,sex_t,eco_sector_agr,2002,4499.798
cmr,sex_t,eco_sector_agr,2003,4600.237
cmr,sex_t,eco_sector_agr,2004,4691.109
cmr,sex_t,eco_sector_agr,2005,4798.552
cmr,sex_t,eco_sector_agr,2006,4889.259
cmr,sex_t,eco_sector_agr,2007,4970.861
cmr,sex_t,eco_sector_agr,2008,4862.482
cmr,sex_t,eco_sector_agr,2009,4731.503
cmr,sex_t,eco_sector_agr,2010,4590.501
cmr,sex_t,eco_sector_agr,2011,4582.512
cmr,sex_t,eco_sector_agr,2012,4563.236
cmr,sex_t,eco_sector_agr,2013,4531.147
cmr,sex_t,eco_sector_agr,2014,4499.515
cmr,sex_t,eco_sector_agr,2015,4535.542
cmr,sex_t,eco_sector_agr,2016,4584.856
cmr,sex_t,eco_sector_agr,2017,4642.965
cmr,sex_t,eco_sector_agr,2018,4705.268
cmr,sex_t,eco_sector_agr,2019,4773.011
cmr,sex_t,eco_sector_ind,1991,495.766
cmr,sex_t,eco_sector_ind,1992,504.463
cmr,sex_t,eco_sector_ind,1993,512.692
cmr,sex_t,eco_sector_ind,1994,524.01
cmr,sex_t,eco_sector_ind,1995,535.377
cmr,sex_t,eco_sector_ind,1996,547.783
cmr,sex_t,eco_sector_ind,1997,562.558
cmr,sex_t,eco_sector_ind,1998,581.856
cmr,sex_t,eco_sector_ind,1999,603.059
cmr,sex_t,eco_sector_ind,2000,627.06
cmr,sex_t,eco_sector_ind,2001,654.074
cmr,sex_t,eco_sector_ind,2002,693.487
cmr,sex_t,eco_sector_ind,2003,735.383
cmr,sex_t,eco_sector_ind,2004,778.862
cmr,sex_t,eco_sector_ind,2005,825.556
cmr,sex_t,eco_sector_ind,2006,875.784
cmr,sex_t,eco_sector_ind,2007,927.981
cmr,sex_t,eco_sector_ind,2008,960.549
cmr,sex_t,eco_sector_ind,2009,995.837
cmr,sex_t,eco_sector_ind,2010,1025.747
cmr,sex_t,eco_sector_ind,2011,1094.406
cmr,sex_t,eco_sector_ind,2012,1169.054
cmr,sex_t,eco_sector_ind,2013,1247.219
cmr,sex_t,eco_sector_ind,2014,1330.371
cmr,sex_t,eco_sector_ind,2015,1385.774
cmr,sex_t,eco_sector_ind,2016,1437.877
cmr,sex_t,eco_sector_ind,2017,1490.473
cmr,sex_t,eco_sector_ind,2018,1536.094
cmr,sex_t,eco_sector_ind,2019,1582.389
cmr,sex_t,eco_sector_ser,1991,1099.448
cmr,sex_t,eco_sector_ser,1992,1132.057
cmr,sex_t,eco_sector_ser,1993,1160.713
cmr,sex_t,eco_sector_ser,1994,1202.095
cmr,sex_t,eco_sector_ser,1995,1248.893
cmr,sex_t,eco_sector_ser,1996,1297.885
cmr,sex_t,eco_sector_ser,1997,1354.333
cmr,sex_t,eco_sector_ser,1998,1413.586
cmr,sex_t,eco_sector_ser,1999,1476.978
cmr,sex_t,eco_sector_ser,2000,1546.122
cmr,sex_t,eco_sector_ser,2001,1622.993
cmr,sex_t,eco_sector_ser,2002,1730.063
cmr,sex_t,eco_sector_ser,2003,1847.553
cmr,sex_t,eco_sector_ser,2004,1983.431
cmr,sex_t,eco_sector_ser,2005,2111.965
cmr,sex_t,eco_sector_ser,2006,2253.393
cmr,sex_t,eco_sector_ser,2007,2409.826
cmr,sex_t,eco_sector_ser,2008,2524.193
cmr,sex_t,eco_sector_ser,2009,2623.166
cmr,sex_t,eco_sector_ser,2010,2729.638
cmr,sex_t,eco_sector_ser,2011,2931.101
cmr,sex_t,eco_sector_ser,2012,3146.38
cmr,sex_t,eco_sector_ser,2013,3379.344
cmr,sex_t,eco_sector_ser,2014,3620.285
cmr,sex_t,eco_sector_ser,2015,3816.627
cmr,sex_t,eco_sector_ser,2016,4008.504
cmr,sex_t,eco_sector_ser,2017,4204.384
cmr,sex_t,eco_sector_ser,2018,4411.445
cmr,sex_t,eco_sector_ser,2019,4619.651
cmr,sex_t,eco_sector_total,1991,4989.921
cmr,sex_t,eco_sector_total,1992,5132.96
cmr,sex_t,eco_sector_total,1993,5280.246
cmr,sex_t,eco_sector_total,1994,5433.781
cmr,sex_t,eco_sector_total,1995,5595.49
cmr,sex_t,eco_sector_total,1996,5752.619
cmr,sex_t,eco_sector_total,1997,5924.183
cmr,sex_t,eco_sector_total,1998,6102.577
cmr,sex_t,eco_sector_total,1999,6285.132
cmr,sex_t,eco_sector_total,2000,6481.534
cmr,sex_t,eco_sector_total,2001,6674.857
cmr,sex_t,eco_sector_total,2002,6923.348
cmr,sex_t,eco_sector_total,2003,7183.173
cmr,sex_t,eco_sector_total,2004,7453.402
cmr,sex_t,eco_sector_total,2005,7736.073
cmr,sex_t,eco_sector_total,2006,8018.436
cmr,sex_t,eco_sector_total,2007,8308.667
cmr,sex_t,eco_sector_total,2008,8347.224
cmr,sex_t,eco_sector_total,2009,8350.506
cmr,sex_t,eco_sector_total,2010,8345.886
cmr,sex_t,eco_sector_total,2011,8608.02
cmr,sex_t,eco_sector_total,2012,8878.671
cmr,sex_t,eco_sector_total,2013,9157.711
cmr,sex_t,eco_sector_total,2014,9450.171
cmr,sex_t,eco_sector_total,2015,9737.943
cmr,sex_t,eco_sector_total,2016,10031.237
cmr,sex_t,eco_sector_total,2017,10337.822
cmr,sex_t,eco_sector_total,2018,10652.807
cmr,sex_t,eco_sector_total,2019,10975.051
