ref_area,sex,classif1,classif2,time,emp_3emp_sex_age_eco_nb
arm,sex_f,age_ythbands_y15_19,eco_isic3_a,2007,4.634
arm,sex_f,age_ythbands_y15_19,eco_isic3_a,2008,8.669
arm,sex_f,age_ythbands_y15_19,eco_isic3_a,2009,4.982
arm,sex_f,age_ythbands_y15_19,eco_isic3_g,2007,1.199
arm,sex_f,age_ythbands_y15_19,eco_isic3_g,2009,0.784
arm,sex_f,age_ythbands_y15_19,eco_isic3_total,2007,6.322
arm,sex_f,age_ythbands_y15_19,eco_isic3_total,2008,11.77
arm,sex_f,age_ythbands_y15_19,eco_isic3_total,2009,6.922
arm,sex_f,age_ythbands_y15_19,eco_isic4_a,2010,6.196
arm,sex_f,age_ythbands_y15_19,eco_isic4_a,2011,6.112
arm,sex_f,age_ythbands_y15_19,eco_isic4_a,2012,5.807
arm,sex_f,age_ythbands_y15_19,eco_isic4_a,2013,4.974
arm,sex_f,age_ythbands_y15_19,eco_isic4_a,2014,3.367
arm,sex_f,age_ythbands_y15_19,eco_isic4_a,2015,6.857
arm,sex_f,age_ythbands_y15_19,eco_isic4_a,2016,2.379
arm,sex_f,age_ythbands_y15_19,eco_isic4_a,2017,2.014
arm,sex_f,age_ythbands_y15_19,eco_isic4_a,2018,3.481
arm,sex_f,age_ythbands_y15_19,eco_isic4_c,2010,0.798
arm,sex_f,age_ythbands_y15_19,eco_isic4_c,2014,0.152
arm,sex_f,age_ythbands_y15_19,eco_isic4_g,2011,0.931
arm,sex_f,age_ythbands_y15_19,eco_isic4_g,2013,1.351
arm,sex_f,age_ythbands_y15_19,eco_isic4_g,2014,1.278
arm,sex_f,age_ythbands_y15_19,eco_isic4_g,2015,0.927
arm,sex_f,age_ythbands_y15_19,eco_isic4_g,2016,0.896
arm,sex_f,age_ythbands_y15_19,eco_isic4_g,2017,0.574
arm,sex_f,age_ythbands_y15_19,eco_isic4_g,2018,1.436
arm,sex_f,age_ythbands_y15_19,eco_isic4_i,2014,0.129
arm,sex_f,age_ythbands_y15_19,eco_isic4_k,2015,2.318
arm,sex_f,age_ythbands_y15_19,eco_isic4_o,2014,0.322
arm,sex_f,age_ythbands_y15_19,eco_isic4_p,2014,0.231
arm,sex_f,age_ythbands_y15_19,eco_isic4_s,2014,0.129
arm,sex_f,age_ythbands_y15_19,eco_isic4_s,2015,0.437
arm,sex_f,age_ythbands_y15_19,eco_isic4_s,2018,1.102
arm,sex_f,age_ythbands_y15_19,eco_isic4_total,2010,8.824
arm,sex_f,age_ythbands_y15_19,eco_isic4_total,2011,8.064
arm,sex_f,age_ythbands_y15_19,eco_isic4_total,2012,6.574
arm,sex_f,age_ythbands_y15_19,eco_isic4_total,2013,6.686
arm,sex_f,age_ythbands_y15_19,eco_isic4_total,2014,5.608
arm,sex_f,age_ythbands_y15_19,eco_isic4_total,2015,12.088
arm,sex_f,age_ythbands_y15_19,eco_isic4_total,2016,4.68
arm,sex_f,age_ythbands_y15_19,eco_isic4_total,2017,3.711
arm,sex_f,age_ythbands_y15_19,eco_isic4_total,2018,7.245
arm,sex_f,age_ythbands_y15_29,eco_isic3_a,2007,25.24
arm,sex_f,age_ythbands_y15_29,eco_isic3_a,2008,27.9
arm,sex_f,age_ythbands_y15_29,eco_isic3_a,2009,26.967
arm,sex_f,age_ythbands_y15_29,eco_isic3_d,2007,4.118
arm,sex_f,age_ythbands_y15_29,eco_isic3_d,2008,3.645
arm,sex_f,age_ythbands_y15_29,eco_isic3_d,2009,2.266
arm,sex_f,age_ythbands_y15_29,eco_isic3_e,2007,0.592
arm,sex_f,age_ythbands_y15_29,eco_isic3_e,2009,0.882
arm,sex_f,age_ythbands_y15_29,eco_isic3_g,2007,8.555
arm,sex_f,age_ythbands_y15_29,eco_isic3_g,2008,9.528
arm,sex_f,age_ythbands_y15_29,eco_isic3_g,2009,10.958
arm,sex_f,age_ythbands_y15_29,eco_isic3_h,2007,0.911
arm,sex_f,age_ythbands_y15_29,eco_isic3_h,2009,1.288
arm,sex_f,age_ythbands_y15_29,eco_isic3_i,2007,2.512
arm,sex_f,age_ythbands_y15_29,eco_isic3_i,2009,3.12
arm,sex_f,age_ythbands_y15_29,eco_isic3_j,2007,0.804
arm,sex_f,age_ythbands_y15_29,eco_isic3_j,2009,3.15
arm,sex_f,age_ythbands_y15_29,eco_isic3_k,2007,3.224
arm,sex_f,age_ythbands_y15_29,eco_isic3_k,2008,3.484
arm,sex_f,age_ythbands_y15_29,eco_isic3_k,2009,1.488
arm,sex_f,age_ythbands_y15_29,eco_isic3_l,2007,4.361
arm,sex_f,age_ythbands_y15_29,eco_isic3_l,2008,5.046
arm,sex_f,age_ythbands_y15_29,eco_isic3_l,2009,6.249
arm,sex_f,age_ythbands_y15_29,eco_isic3_m,2007,14.351
arm,sex_f,age_ythbands_y15_29,eco_isic3_m,2008,10.119
arm,sex_f,age_ythbands_y15_29,eco_isic3_m,2009,17.145
arm,sex_f,age_ythbands_y15_29,eco_isic3_n,2007,9.242
arm,sex_f,age_ythbands_y15_29,eco_isic3_n,2008,6.571
arm,sex_f,age_ythbands_y15_29,eco_isic3_n,2009,6.015
arm,sex_f,age_ythbands_y15_29,eco_isic3_o,2007,4.563
arm,sex_f,age_ythbands_y15_29,eco_isic3_o,2008,5.705
arm,sex_f,age_ythbands_y15_29,eco_isic3_o,2009,6.442
arm,sex_f,age_ythbands_y15_29,eco_isic3_total,2007,79.604
arm,sex_f,age_ythbands_y15_29,eco_isic3_total,2008,76.558
arm,sex_f,age_ythbands_y15_29,eco_isic3_total,2009,87.243
arm,sex_f,age_ythbands_y15_29,eco_isic4_a,2010,30.72
arm,sex_f,age_ythbands_y15_29,eco_isic4_a,2011,28.819
arm,sex_f,age_ythbands_y15_29,eco_isic4_a,2012,30.481
arm,sex_f,age_ythbands_y15_29,eco_isic4_a,2013,25.912
arm,sex_f,age_ythbands_y15_29,eco_isic4_a,2014,31.383
arm,sex_f,age_ythbands_y15_29,eco_isic4_a,2015,29.585
arm,sex_f,age_ythbands_y15_29,eco_isic4_a,2016,18.826
arm,sex_f,age_ythbands_y15_29,eco_isic4_a,2017,12.187
arm,sex_f,age_ythbands_y15_29,eco_isic4_a,2018,15.935
arm,sex_f,age_ythbands_y15_29,eco_isic4_b,2014,0.292
arm,sex_f,age_ythbands_y15_29,eco_isic4_c,2010,3.385
arm,sex_f,age_ythbands_y15_29,eco_isic4_c,2011,4.852
arm,sex_f,age_ythbands_y15_29,eco_isic4_c,2012,4.403
arm,sex_f,age_ythbands_y15_29,eco_isic4_c,2013,4.24
arm,sex_f,age_ythbands_y15_29,eco_isic4_c,2014,4.081
arm,sex_f,age_ythbands_y15_29,eco_isic4_c,2015,4.452
arm,sex_f,age_ythbands_y15_29,eco_isic4_c,2016,3.832
arm,sex_f,age_ythbands_y15_29,eco_isic4_c,2017,4.606
arm,sex_f,age_ythbands_y15_29,eco_isic4_c,2018,6.495
arm,sex_f,age_ythbands_y15_29,eco_isic4_d,2010,0.701
arm,sex_f,age_ythbands_y15_29,eco_isic4_d,2011,0.985
arm,sex_f,age_ythbands_y15_29,eco_isic4_d,2012,0.965
arm,sex_f,age_ythbands_y15_29,eco_isic4_d,2014,0.364
arm,sex_f,age_ythbands_y15_29,eco_isic4_d,2016,0.455
arm,sex_f,age_ythbands_y15_29,eco_isic4_d,2017,0.858
arm,sex_f,age_ythbands_y15_29,eco_isic4_e,2010,0.471
arm,sex_f,age_ythbands_y15_29,eco_isic4_e,2011,0.58
arm,sex_f,age_ythbands_y15_29,eco_isic4_e,2014,0.157
arm,sex_f,age_ythbands_y15_29,eco_isic4_f,2014,0.665
arm,sex_f,age_ythbands_y15_29,eco_isic4_f,2015,1.173
arm,sex_f,age_ythbands_y15_29,eco_isic4_g,2010,10.985
arm,sex_f,age_ythbands_y15_29,eco_isic4_g,2011,14.171
arm,sex_f,age_ythbands_y15_29,eco_isic4_g,2012,15.815
arm,sex_f,age_ythbands_y15_29,eco_isic4_g,2013,16.281
arm,sex_f,age_ythbands_y15_29,eco_isic4_g,2014,13.397
arm,sex_f,age_ythbands_y15_29,eco_isic4_g,2015,15.295
arm,sex_f,age_ythbands_y15_29,eco_isic4_g,2016,11.77
arm,sex_f,age_ythbands_y15_29,eco_isic4_g,2017,14.407
arm,sex_f,age_ythbands_y15_29,eco_isic4_g,2018,15.885
arm,sex_f,age_ythbands_y15_29,eco_isic4_h,2010,0.897
arm,sex_f,age_ythbands_y15_29,eco_isic4_h,2011,2.616
arm,sex_f,age_ythbands_y15_29,eco_isic4_h,2012,0.804
arm,sex_f,age_ythbands_y15_29,eco_isic4_h,2013,0.661
arm,sex_f,age_ythbands_y15_29,eco_isic4_h,2014,2.022
arm,sex_f,age_ythbands_y15_29,eco_isic4_h,2015,0.895
arm,sex_f,age_ythbands_y15_29,eco_isic4_h,2016,1.897
arm,sex_f,age_ythbands_y15_29,eco_isic4_h,2017,1.301
arm,sex_f,age_ythbands_y15_29,eco_isic4_h,2018,1.312
arm,sex_f,age_ythbands_y15_29,eco_isic4_i,2010,0.38
arm,sex_f,age_ythbands_y15_29,eco_isic4_i,2012,1.22
arm,sex_f,age_ythbands_y15_29,eco_isic4_i,2013,0.921
arm,sex_f,age_ythbands_y15_29,eco_isic4_i,2014,1.938
arm,sex_f,age_ythbands_y15_29,eco_isic4_i,2015,2.571
arm,sex_f,age_ythbands_y15_29,eco_isic4_i,2016,1.049
arm,sex_f,age_ythbands_y15_29,eco_isic4_i,2017,2.28
arm,sex_f,age_ythbands_y15_29,eco_isic4_i,2018,1.667
arm,sex_f,age_ythbands_y15_29,eco_isic4_j,2010,1.626
arm,sex_f,age_ythbands_y15_29,eco_isic4_j,2011,2.81
arm,sex_f,age_ythbands_y15_29,eco_isic4_j,2012,4.314
arm,sex_f,age_ythbands_y15_29,eco_isic4_j,2013,2.153
arm,sex_f,age_ythbands_y15_29,eco_isic4_j,2014,3.92
arm,sex_f,age_ythbands_y15_29,eco_isic4_j,2015,1.803
arm,sex_f,age_ythbands_y15_29,eco_isic4_j,2016,2.481
arm,sex_f,age_ythbands_y15_29,eco_isic4_j,2017,2.833
arm,sex_f,age_ythbands_y15_29,eco_isic4_j,2018,5.482
arm,sex_f,age_ythbands_y15_29,eco_isic4_k,2010,3.936
arm,sex_f,age_ythbands_y15_29,eco_isic4_k,2011,1.798
arm,sex_f,age_ythbands_y15_29,eco_isic4_k,2012,3.097
arm,sex_f,age_ythbands_y15_29,eco_isic4_k,2013,4.506
arm,sex_f,age_ythbands_y15_29,eco_isic4_k,2014,3.968
arm,sex_f,age_ythbands_y15_29,eco_isic4_k,2015,6.356
arm,sex_f,age_ythbands_y15_29,eco_isic4_k,2016,3.227
arm,sex_f,age_ythbands_y15_29,eco_isic4_k,2017,3.62
arm,sex_f,age_ythbands_y15_29,eco_isic4_k,2018,3.788
arm,sex_f,age_ythbands_y15_29,eco_isic4_l,2014,0.307
arm,sex_f,age_ythbands_y15_29,eco_isic4_m,2010,1.883
arm,sex_f,age_ythbands_y15_29,eco_isic4_m,2011,2.165
arm,sex_f,age_ythbands_y15_29,eco_isic4_m,2012,2.342
arm,sex_f,age_ythbands_y15_29,eco_isic4_m,2013,3.312
arm,sex_f,age_ythbands_y15_29,eco_isic4_m,2014,2.872
arm,sex_f,age_ythbands_y15_29,eco_isic4_m,2015,2.628
arm,sex_f,age_ythbands_y15_29,eco_isic4_m,2016,1.924
arm,sex_f,age_ythbands_y15_29,eco_isic4_m,2017,2.04
arm,sex_f,age_ythbands_y15_29,eco_isic4_m,2018,2.684
arm,sex_f,age_ythbands_y15_29,eco_isic4_n,2010,0.871
arm,sex_f,age_ythbands_y15_29,eco_isic4_n,2011,0.994
arm,sex_f,age_ythbands_y15_29,eco_isic4_n,2014,0.906
arm,sex_f,age_ythbands_y15_29,eco_isic4_n,2015,0.966
arm,sex_f,age_ythbands_y15_29,eco_isic4_n,2016,0.366
arm,sex_f,age_ythbands_y15_29,eco_isic4_n,2018,0.784
arm,sex_f,age_ythbands_y15_29,eco_isic4_o,2010,3.594
arm,sex_f,age_ythbands_y15_29,eco_isic4_o,2011,4.939
arm,sex_f,age_ythbands_y15_29,eco_isic4_o,2012,5.042
arm,sex_f,age_ythbands_y15_29,eco_isic4_o,2013,3.95
arm,sex_f,age_ythbands_y15_29,eco_isic4_o,2014,5.856
arm,sex_f,age_ythbands_y15_29,eco_isic4_o,2015,4.684
arm,sex_f,age_ythbands_y15_29,eco_isic4_o,2016,2.991
arm,sex_f,age_ythbands_y15_29,eco_isic4_o,2017,2.63
arm,sex_f,age_ythbands_y15_29,eco_isic4_o,2018,2.567
arm,sex_f,age_ythbands_y15_29,eco_isic4_p,2010,13.78
arm,sex_f,age_ythbands_y15_29,eco_isic4_p,2011,15.132
arm,sex_f,age_ythbands_y15_29,eco_isic4_p,2012,13.516
arm,sex_f,age_ythbands_y15_29,eco_isic4_p,2013,12.216
arm,sex_f,age_ythbands_y15_29,eco_isic4_p,2014,10.239
arm,sex_f,age_ythbands_y15_29,eco_isic4_p,2015,11.981
arm,sex_f,age_ythbands_y15_29,eco_isic4_p,2016,10.654
arm,sex_f,age_ythbands_y15_29,eco_isic4_p,2017,12.277
arm,sex_f,age_ythbands_y15_29,eco_isic4_p,2018,11.71
arm,sex_f,age_ythbands_y15_29,eco_isic4_q,2010,6.953
arm,sex_f,age_ythbands_y15_29,eco_isic4_q,2011,7.518
arm,sex_f,age_ythbands_y15_29,eco_isic4_q,2012,6.209
arm,sex_f,age_ythbands_y15_29,eco_isic4_q,2013,6.588
arm,sex_f,age_ythbands_y15_29,eco_isic4_q,2014,3.478
arm,sex_f,age_ythbands_y15_29,eco_isic4_q,2015,5.72
arm,sex_f,age_ythbands_y15_29,eco_isic4_q,2016,5.13
arm,sex_f,age_ythbands_y15_29,eco_isic4_q,2017,5.169
arm,sex_f,age_ythbands_y15_29,eco_isic4_q,2018,4.812
arm,sex_f,age_ythbands_y15_29,eco_isic4_r,2010,3.638
arm,sex_f,age_ythbands_y15_29,eco_isic4_r,2011,2.876
arm,sex_f,age_ythbands_y15_29,eco_isic4_r,2012,1.532
arm,sex_f,age_ythbands_y15_29,eco_isic4_r,2013,1.262
arm,sex_f,age_ythbands_y15_29,eco_isic4_r,2014,2.039
arm,sex_f,age_ythbands_y15_29,eco_isic4_r,2015,0.986
arm,sex_f,age_ythbands_y15_29,eco_isic4_r,2016,1.944
arm,sex_f,age_ythbands_y15_29,eco_isic4_r,2017,2.173
arm,sex_f,age_ythbands_y15_29,eco_isic4_r,2018,2.717
arm,sex_f,age_ythbands_y15_29,eco_isic4_s,2010,3.63
arm,sex_f,age_ythbands_y15_29,eco_isic4_s,2011,2.711
arm,sex_f,age_ythbands_y15_29,eco_isic4_s,2012,2.633
arm,sex_f,age_ythbands_y15_29,eco_isic4_s,2013,2.768
arm,sex_f,age_ythbands_y15_29,eco_isic4_s,2014,5.266
arm,sex_f,age_ythbands_y15_29,eco_isic4_s,2015,2.885
arm,sex_f,age_ythbands_y15_29,eco_isic4_s,2016,2.483
arm,sex_f,age_ythbands_y15_29,eco_isic4_s,2017,3.343
arm,sex_f,age_ythbands_y15_29,eco_isic4_s,2018,3.142
arm,sex_f,age_ythbands_y15_29,eco_isic4_t,2012,0.622
arm,sex_f,age_ythbands_y15_29,eco_isic4_t,2014,0.356
arm,sex_f,age_ythbands_y15_29,eco_isic4_t,2017,0.916
arm,sex_f,age_ythbands_y15_29,eco_isic4_total,2010,88.883
arm,sex_f,age_ythbands_y15_29,eco_isic4_total,2011,94.654
arm,sex_f,age_ythbands_y15_29,eco_isic4_total,2012,95.535
arm,sex_f,age_ythbands_y15_29,eco_isic4_total,2013,88.629
arm,sex_f,age_ythbands_y15_29,eco_isic4_total,2014,93.55
arm,sex_f,age_ythbands_y15_29,eco_isic4_total,2015,93.515
arm,sex_f,age_ythbands_y15_29,eco_isic4_total,2016,69.999
arm,sex_f,age_ythbands_y15_29,eco_isic4_total,2017,72.166
arm,sex_f,age_ythbands_y15_29,eco_isic4_total,2018,80.475
arm,sex_f,age_ythbands_y15_29,eco_isic4_u,2013,1.376
arm,sex_f,age_ythbands_y15_29,eco_isic4_u,2014,0.044
arm,sex_f,age_ythbands_y20_24,eco_isic3_a,2007,7.613
arm,sex_f,age_ythbands_y20_24,eco_isic3_a,2008,10.245
arm,sex_f,age_ythbands_y20_24,eco_isic3_a,2009,7.921
arm,sex_f,age_ythbands_y20_24,eco_isic3_d,2007,1.537
arm,sex_f,age_ythbands_y20_24,eco_isic3_d,2009,1.124
arm,sex_f,age_ythbands_y20_24,eco_isic3_g,2007,4.674
arm,sex_f,age_ythbands_y20_24,eco_isic3_g,2008,4.913
arm,sex_f,age_ythbands_y20_24,eco_isic3_g,2009,5.474
arm,sex_f,age_ythbands_y20_24,eco_isic3_i,2007,1.682
arm,sex_f,age_ythbands_y20_24,eco_isic3_i,2009,1.672
arm,sex_f,age_ythbands_y20_24,eco_isic3_j,2007,0.365
arm,sex_f,age_ythbands_y20_24,eco_isic3_j,2009,1.981
arm,sex_f,age_ythbands_y20_24,eco_isic3_k,2007,1.798
arm,sex_f,age_ythbands_y20_24,eco_isic3_k,2009,1.036
arm,sex_f,age_ythbands_y20_24,eco_isic3_l,2007,1.482
arm,sex_f,age_ythbands_y20_24,eco_isic3_l,2008,2.742
arm,sex_f,age_ythbands_y20_24,eco_isic3_l,2009,2.379
arm,sex_f,age_ythbands_y20_24,eco_isic3_m,2007,4.95
arm,sex_f,age_ythbands_y20_24,eco_isic3_m,2008,2.668
arm,sex_f,age_ythbands_y20_24,eco_isic3_m,2009,6.271
arm,sex_f,age_ythbands_y20_24,eco_isic3_n,2007,3.995
arm,sex_f,age_ythbands_y20_24,eco_isic3_n,2008,1.88
arm,sex_f,age_ythbands_y20_24,eco_isic3_n,2009,3.062
arm,sex_f,age_ythbands_y20_24,eco_isic3_o,2007,2.548
arm,sex_f,age_ythbands_y20_24,eco_isic3_o,2008,3.608
arm,sex_f,age_ythbands_y20_24,eco_isic3_o,2009,3.197
arm,sex_f,age_ythbands_y20_24,eco_isic3_total,2007,32.033
arm,sex_f,age_ythbands_y20_24,eco_isic3_total,2008,29.381
arm,sex_f,age_ythbands_y20_24,eco_isic3_total,2009,35.547
arm,sex_f,age_ythbands_y20_24,eco_isic4_a,2010,11.226
arm,sex_f,age_ythbands_y20_24,eco_isic4_a,2011,8.774
arm,sex_f,age_ythbands_y20_24,eco_isic4_a,2012,11.89
arm,sex_f,age_ythbands_y20_24,eco_isic4_a,2013,7.714
arm,sex_f,age_ythbands_y20_24,eco_isic4_a,2014,13.064
arm,sex_f,age_ythbands_y20_24,eco_isic4_a,2015,9.497
arm,sex_f,age_ythbands_y20_24,eco_isic4_a,2016,6.975
arm,sex_f,age_ythbands_y20_24,eco_isic4_a,2017,3.827
arm,sex_f,age_ythbands_y20_24,eco_isic4_a,2018,6.015
arm,sex_f,age_ythbands_y20_24,eco_isic4_b,2014,0.084
arm,sex_f,age_ythbands_y20_24,eco_isic4_c,2011,2.036
arm,sex_f,age_ythbands_y20_24,eco_isic4_c,2012,1.656
arm,sex_f,age_ythbands_y20_24,eco_isic4_c,2013,1.6
arm,sex_f,age_ythbands_y20_24,eco_isic4_c,2014,2.351
arm,sex_f,age_ythbands_y20_24,eco_isic4_c,2015,2.378
arm,sex_f,age_ythbands_y20_24,eco_isic4_c,2016,1.576
arm,sex_f,age_ythbands_y20_24,eco_isic4_c,2017,1.857
arm,sex_f,age_ythbands_y20_24,eco_isic4_c,2018,2.925
arm,sex_f,age_ythbands_y20_24,eco_isic4_d,2010,0.392
arm,sex_f,age_ythbands_y20_24,eco_isic4_d,2014,0.151
arm,sex_f,age_ythbands_y20_24,eco_isic4_f,2014,0.213
arm,sex_f,age_ythbands_y20_24,eco_isic4_g,2010,5.67
arm,sex_f,age_ythbands_y20_24,eco_isic4_g,2011,6.299
arm,sex_f,age_ythbands_y20_24,eco_isic4_g,2012,7.424
arm,sex_f,age_ythbands_y20_24,eco_isic4_g,2013,6.653
arm,sex_f,age_ythbands_y20_24,eco_isic4_g,2014,5.879
arm,sex_f,age_ythbands_y20_24,eco_isic4_g,2015,6.768
arm,sex_f,age_ythbands_y20_24,eco_isic4_g,2016,4.745
arm,sex_f,age_ythbands_y20_24,eco_isic4_g,2017,5.949
arm,sex_f,age_ythbands_y20_24,eco_isic4_g,2018,8.688
arm,sex_f,age_ythbands_y20_24,eco_isic4_h,2011,1.439
arm,sex_f,age_ythbands_y20_24,eco_isic4_h,2014,1.033
arm,sex_f,age_ythbands_y20_24,eco_isic4_h,2016,0.773
arm,sex_f,age_ythbands_y20_24,eco_isic4_i,2014,0.447
arm,sex_f,age_ythbands_y20_24,eco_isic4_i,2015,1.299
arm,sex_f,age_ythbands_y20_24,eco_isic4_i,2017,1.451
arm,sex_f,age_ythbands_y20_24,eco_isic4_i,2018,0.855
arm,sex_f,age_ythbands_y20_24,eco_isic4_j,2010,1.238
arm,sex_f,age_ythbands_y20_24,eco_isic4_j,2011,0.835
arm,sex_f,age_ythbands_y20_24,eco_isic4_j,2012,1.763
arm,sex_f,age_ythbands_y20_24,eco_isic4_j,2013,1.679
arm,sex_f,age_ythbands_y20_24,eco_isic4_j,2014,1.352
arm,sex_f,age_ythbands_y20_24,eco_isic4_j,2015,0.485
arm,sex_f,age_ythbands_y20_24,eco_isic4_j,2017,1.302
arm,sex_f,age_ythbands_y20_24,eco_isic4_j,2018,2.728
arm,sex_f,age_ythbands_y20_24,eco_isic4_k,2010,2.073
arm,sex_f,age_ythbands_y20_24,eco_isic4_k,2011,0.629
arm,sex_f,age_ythbands_y20_24,eco_isic4_k,2012,1.128
arm,sex_f,age_ythbands_y20_24,eco_isic4_k,2013,1.683
arm,sex_f,age_ythbands_y20_24,eco_isic4_k,2014,1.667
arm,sex_f,age_ythbands_y20_24,eco_isic4_k,2015,1.828
arm,sex_f,age_ythbands_y20_24,eco_isic4_k,2016,0.574
arm,sex_f,age_ythbands_y20_24,eco_isic4_k,2017,1.105
arm,sex_f,age_ythbands_y20_24,eco_isic4_k,2018,0.497
arm,sex_f,age_ythbands_y20_24,eco_isic4_l,2014,0.091
arm,sex_f,age_ythbands_y20_24,eco_isic4_m,2010,1.098
arm,sex_f,age_ythbands_y20_24,eco_isic4_m,2013,1.606
arm,sex_f,age_ythbands_y20_24,eco_isic4_m,2014,0.932
arm,sex_f,age_ythbands_y20_24,eco_isic4_m,2015,0.83
arm,sex_f,age_ythbands_y20_24,eco_isic4_m,2017,0.652
arm,sex_f,age_ythbands_y20_24,eco_isic4_m,2018,0.659
arm,sex_f,age_ythbands_y20_24,eco_isic4_n,2014,0.086
arm,sex_f,age_ythbands_y20_24,eco_isic4_o,2010,0.656
arm,sex_f,age_ythbands_y20_24,eco_isic4_o,2011,1.967
arm,sex_f,age_ythbands_y20_24,eco_isic4_o,2012,2.658
arm,sex_f,age_ythbands_y20_24,eco_isic4_o,2013,2.018
arm,sex_f,age_ythbands_y20_24,eco_isic4_o,2014,1.955
arm,sex_f,age_ythbands_y20_24,eco_isic4_o,2015,1.884
arm,sex_f,age_ythbands_y20_24,eco_isic4_o,2016,1.286
arm,sex_f,age_ythbands_y20_24,eco_isic4_o,2017,0.957
arm,sex_f,age_ythbands_y20_24,eco_isic4_p,2010,6.462
arm,sex_f,age_ythbands_y20_24,eco_isic4_p,2011,5.403
arm,sex_f,age_ythbands_y20_24,eco_isic4_p,2012,2.659
arm,sex_f,age_ythbands_y20_24,eco_isic4_p,2013,4.354
arm,sex_f,age_ythbands_y20_24,eco_isic4_p,2014,2.744
arm,sex_f,age_ythbands_y20_24,eco_isic4_p,2015,3.69
arm,sex_f,age_ythbands_y20_24,eco_isic4_p,2016,3.241
arm,sex_f,age_ythbands_y20_24,eco_isic4_p,2017,3.264
arm,sex_f,age_ythbands_y20_24,eco_isic4_p,2018,2.796
arm,sex_f,age_ythbands_y20_24,eco_isic4_q,2010,1.802
arm,sex_f,age_ythbands_y20_24,eco_isic4_q,2011,2.805
arm,sex_f,age_ythbands_y20_24,eco_isic4_q,2012,3.258
arm,sex_f,age_ythbands_y20_24,eco_isic4_q,2013,2.787
arm,sex_f,age_ythbands_y20_24,eco_isic4_q,2014,1.618
arm,sex_f,age_ythbands_y20_24,eco_isic4_q,2015,2.189
arm,sex_f,age_ythbands_y20_24,eco_isic4_q,2016,1.704
arm,sex_f,age_ythbands_y20_24,eco_isic4_q,2017,1.931
arm,sex_f,age_ythbands_y20_24,eco_isic4_q,2018,1.72
arm,sex_f,age_ythbands_y20_24,eco_isic4_r,2010,0.954
arm,sex_f,age_ythbands_y20_24,eco_isic4_r,2011,1.664
arm,sex_f,age_ythbands_y20_24,eco_isic4_r,2014,0.937
arm,sex_f,age_ythbands_y20_24,eco_isic4_r,2016,0.862
arm,sex_f,age_ythbands_y20_24,eco_isic4_s,2010,1.533
arm,sex_f,age_ythbands_y20_24,eco_isic4_s,2011,1.189
arm,sex_f,age_ythbands_y20_24,eco_isic4_s,2012,1.069
arm,sex_f,age_ythbands_y20_24,eco_isic4_s,2013,1.029
arm,sex_f,age_ythbands_y20_24,eco_isic4_s,2014,1.812
arm,sex_f,age_ythbands_y20_24,eco_isic4_s,2015,1.406
arm,sex_f,age_ythbands_y20_24,eco_isic4_s,2016,0.927
arm,sex_f,age_ythbands_y20_24,eco_isic4_s,2017,1.195
arm,sex_f,age_ythbands_y20_24,eco_isic4_s,2018,0.897
arm,sex_f,age_ythbands_y20_24,eco_isic4_t,2014,0.279
arm,sex_f,age_ythbands_y20_24,eco_isic4_total,2010,35.407
arm,sex_f,age_ythbands_y20_24,eco_isic4_total,2011,35.889
arm,sex_f,age_ythbands_y20_24,eco_isic4_total,2012,36.52
arm,sex_f,age_ythbands_y20_24,eco_isic4_total,2013,33.898
arm,sex_f,age_ythbands_y20_24,eco_isic4_total,2014,36.695
arm,sex_f,age_ythbands_y20_24,eco_isic4_total,2015,33.937
arm,sex_f,age_ythbands_y20_24,eco_isic4_total,2016,23.743
arm,sex_f,age_ythbands_y20_24,eco_isic4_total,2017,26.148
arm,sex_f,age_ythbands_y20_24,eco_isic4_total,2018,30.122
arm,sex_f,age_ythbands_y20_24,eco_isic4_u,2013,0.925
arm,sex_f,age_ythbands_y25_29,eco_isic3_a,2007,12.993
arm,sex_f,age_ythbands_y25_29,eco_isic3_a,2008,8.986
arm,sex_f,age_ythbands_y25_29,eco_isic3_a,2009,14.064
arm,sex_f,age_ythbands_y25_29,eco_isic3_d,2007,2.552
arm,sex_f,age_ythbands_y25_29,eco_isic3_d,2008,2.176
arm,sex_f,age_ythbands_y25_29,eco_isic3_d,2009,1.046
arm,sex_f,age_ythbands_y25_29,eco_isic3_e,2009,0.698
arm,sex_f,age_ythbands_y25_29,eco_isic3_g,2007,2.683
arm,sex_f,age_ythbands_y25_29,eco_isic3_g,2008,3.349
arm,sex_f,age_ythbands_y25_29,eco_isic3_g,2009,4.7
arm,sex_f,age_ythbands_y25_29,eco_isic3_i,2007,0.83
arm,sex_f,age_ythbands_y25_29,eco_isic3_i,2009,1.448
arm,sex_f,age_ythbands_y25_29,eco_isic3_j,2009,1.169
arm,sex_f,age_ythbands_y25_29,eco_isic3_k,2007,1.426
arm,sex_f,age_ythbands_y25_29,eco_isic3_k,2008,3.003
arm,sex_f,age_ythbands_y25_29,eco_isic3_l,2007,2.813
arm,sex_f,age_ythbands_y25_29,eco_isic3_l,2008,2.304
arm,sex_f,age_ythbands_y25_29,eco_isic3_l,2009,3.525
arm,sex_f,age_ythbands_y25_29,eco_isic3_m,2007,9.401
arm,sex_f,age_ythbands_y25_29,eco_isic3_m,2008,7.451
arm,sex_f,age_ythbands_y25_29,eco_isic3_m,2009,10.746
arm,sex_f,age_ythbands_y25_29,eco_isic3_n,2007,5.247
arm,sex_f,age_ythbands_y25_29,eco_isic3_n,2008,4.158
arm,sex_f,age_ythbands_y25_29,eco_isic3_n,2009,2.55
arm,sex_f,age_ythbands_y25_29,eco_isic3_o,2007,1.623
arm,sex_f,age_ythbands_y25_29,eco_isic3_o,2009,3.079
arm,sex_f,age_ythbands_y25_29,eco_isic3_total,2007,41.249
arm,sex_f,age_ythbands_y25_29,eco_isic3_total,2008,35.407
arm,sex_f,age_ythbands_y25_29,eco_isic3_total,2009,44.774
arm,sex_f,age_ythbands_y25_29,eco_isic4_a,2010,13.298
arm,sex_f,age_ythbands_y25_29,eco_isic4_a,2011,13.933
arm,sex_f,age_ythbands_y25_29,eco_isic4_a,2012,12.783
arm,sex_f,age_ythbands_y25_29,eco_isic4_a,2013,13.225
arm,sex_f,age_ythbands_y25_29,eco_isic4_a,2014,14.952
arm,sex_f,age_ythbands_y25_29,eco_isic4_a,2015,13.23
arm,sex_f,age_ythbands_y25_29,eco_isic4_a,2016,9.472
arm,sex_f,age_ythbands_y25_29,eco_isic4_a,2017,6.346
arm,sex_f,age_ythbands_y25_29,eco_isic4_a,2018,6.438
arm,sex_f,age_ythbands_y25_29,eco_isic4_b,2014,0.208
arm,sex_f,age_ythbands_y25_29,eco_isic4_c,2010,2.332
arm,sex_f,age_ythbands_y25_29,eco_isic4_c,2011,2.255
arm,sex_f,age_ythbands_y25_29,eco_isic4_c,2012,2.728
arm,sex_f,age_ythbands_y25_29,eco_isic4_c,2013,2.64
arm,sex_f,age_ythbands_y25_29,eco_isic4_c,2014,1.578
arm,sex_f,age_ythbands_y25_29,eco_isic4_c,2015,2.009
arm,sex_f,age_ythbands_y25_29,eco_isic4_c,2016,2.181
arm,sex_f,age_ythbands_y25_29,eco_isic4_c,2017,2.469
arm,sex_f,age_ythbands_y25_29,eco_isic4_c,2018,3.127
arm,sex_f,age_ythbands_y25_29,eco_isic4_d,2011,0.71
arm,sex_f,age_ythbands_y25_29,eco_isic4_d,2012,0.965
arm,sex_f,age_ythbands_y25_29,eco_isic4_d,2014,0.212
arm,sex_f,age_ythbands_y25_29,eco_isic4_e,2014,0.157
arm,sex_f,age_ythbands_y25_29,eco_isic4_f,2014,0.453
arm,sex_f,age_ythbands_y25_29,eco_isic4_g,2010,4.981
arm,sex_f,age_ythbands_y25_29,eco_isic4_g,2011,6.941
arm,sex_f,age_ythbands_y25_29,eco_isic4_g,2012,8.072
arm,sex_f,age_ythbands_y25_29,eco_isic4_g,2013,8.277
arm,sex_f,age_ythbands_y25_29,eco_isic4_g,2014,6.241
arm,sex_f,age_ythbands_y25_29,eco_isic4_g,2015,7.601
arm,sex_f,age_ythbands_y25_29,eco_isic4_g,2016,6.129
arm,sex_f,age_ythbands_y25_29,eco_isic4_g,2017,7.884
arm,sex_f,age_ythbands_y25_29,eco_isic4_g,2018,5.761
arm,sex_f,age_ythbands_y25_29,eco_isic4_h,2011,1.177
arm,sex_f,age_ythbands_y25_29,eco_isic4_h,2014,0.989
arm,sex_f,age_ythbands_y25_29,eco_isic4_h,2015,0.597
arm,sex_f,age_ythbands_y25_29,eco_isic4_h,2016,1.125
arm,sex_f,age_ythbands_y25_29,eco_isic4_i,2014,1.362
arm,sex_f,age_ythbands_y25_29,eco_isic4_i,2015,1.061
arm,sex_f,age_ythbands_y25_29,eco_isic4_i,2016,0.661
arm,sex_f,age_ythbands_y25_29,eco_isic4_i,2017,0.829
arm,sex_f,age_ythbands_y25_29,eco_isic4_i,2018,0.812
arm,sex_f,age_ythbands_y25_29,eco_isic4_j,2010,0.321
arm,sex_f,age_ythbands_y25_29,eco_isic4_j,2011,1.975
arm,sex_f,age_ythbands_y25_29,eco_isic4_j,2012,2.551
arm,sex_f,age_ythbands_y25_29,eco_isic4_j,2014,2.568
arm,sex_f,age_ythbands_y25_29,eco_isic4_j,2015,1.318
arm,sex_f,age_ythbands_y25_29,eco_isic4_j,2016,2.304
arm,sex_f,age_ythbands_y25_29,eco_isic4_j,2017,1.53
arm,sex_f,age_ythbands_y25_29,eco_isic4_j,2018,2.54
arm,sex_f,age_ythbands_y25_29,eco_isic4_k,2010,1.863
arm,sex_f,age_ythbands_y25_29,eco_isic4_k,2011,1.169
arm,sex_f,age_ythbands_y25_29,eco_isic4_k,2012,1.97
arm,sex_f,age_ythbands_y25_29,eco_isic4_k,2013,2.823
arm,sex_f,age_ythbands_y25_29,eco_isic4_k,2014,2.301
arm,sex_f,age_ythbands_y25_29,eco_isic4_k,2015,2.209
arm,sex_f,age_ythbands_y25_29,eco_isic4_k,2016,2.653
arm,sex_f,age_ythbands_y25_29,eco_isic4_k,2017,2.515
arm,sex_f,age_ythbands_y25_29,eco_isic4_k,2018,3.292
arm,sex_f,age_ythbands_y25_29,eco_isic4_l,2014,0.216
arm,sex_f,age_ythbands_y25_29,eco_isic4_m,2010,0.756
arm,sex_f,age_ythbands_y25_29,eco_isic4_m,2012,1.231
arm,sex_f,age_ythbands_y25_29,eco_isic4_m,2013,1.706
arm,sex_f,age_ythbands_y25_29,eco_isic4_m,2014,1.94
arm,sex_f,age_ythbands_y25_29,eco_isic4_m,2015,1.593
arm,sex_f,age_ythbands_y25_29,eco_isic4_m,2016,1.488
arm,sex_f,age_ythbands_y25_29,eco_isic4_m,2017,1.388
arm,sex_f,age_ythbands_y25_29,eco_isic4_m,2018,2.025
arm,sex_f,age_ythbands_y25_29,eco_isic4_n,2014,0.82
arm,sex_f,age_ythbands_y25_29,eco_isic4_o,2010,2.748
arm,sex_f,age_ythbands_y25_29,eco_isic4_o,2011,2.973
arm,sex_f,age_ythbands_y25_29,eco_isic4_o,2012,2.384
arm,sex_f,age_ythbands_y25_29,eco_isic4_o,2013,1.932
arm,sex_f,age_ythbands_y25_29,eco_isic4_o,2014,3.579
arm,sex_f,age_ythbands_y25_29,eco_isic4_o,2015,2.686
arm,sex_f,age_ythbands_y25_29,eco_isic4_o,2016,1.705
arm,sex_f,age_ythbands_y25_29,eco_isic4_o,2017,1.673
arm,sex_f,age_ythbands_y25_29,eco_isic4_o,2018,1.857
arm,sex_f,age_ythbands_y25_29,eco_isic4_p,2010,7.037
arm,sex_f,age_ythbands_y25_29,eco_isic4_p,2011,9.729
arm,sex_f,age_ythbands_y25_29,eco_isic4_p,2012,10.857
arm,sex_f,age_ythbands_y25_29,eco_isic4_p,2013,7.862
arm,sex_f,age_ythbands_y25_29,eco_isic4_p,2014,7.264
arm,sex_f,age_ythbands_y25_29,eco_isic4_p,2015,8.153
arm,sex_f,age_ythbands_y25_29,eco_isic4_p,2016,7.319
arm,sex_f,age_ythbands_y25_29,eco_isic4_p,2017,8.917
arm,sex_f,age_ythbands_y25_29,eco_isic4_p,2018,8.613
arm,sex_f,age_ythbands_y25_29,eco_isic4_q,2010,5.093
arm,sex_f,age_ythbands_y25_29,eco_isic4_q,2011,4.687
arm,sex_f,age_ythbands_y25_29,eco_isic4_q,2012,2.951
arm,sex_f,age_ythbands_y25_29,eco_isic4_q,2013,3.685
arm,sex_f,age_ythbands_y25_29,eco_isic4_q,2014,1.86
arm,sex_f,age_ythbands_y25_29,eco_isic4_q,2015,3.331
arm,sex_f,age_ythbands_y25_29,eco_isic4_q,2016,3.224
arm,sex_f,age_ythbands_y25_29,eco_isic4_q,2017,3.157
arm,sex_f,age_ythbands_y25_29,eco_isic4_q,2018,3.036
arm,sex_f,age_ythbands_y25_29,eco_isic4_r,2010,2.329
arm,sex_f,age_ythbands_y25_29,eco_isic4_r,2011,1.186
arm,sex_f,age_ythbands_y25_29,eco_isic4_r,2012,1.039
arm,sex_f,age_ythbands_y25_29,eco_isic4_r,2014,1.102
arm,sex_f,age_ythbands_y25_29,eco_isic4_r,2015,0.932
arm,sex_f,age_ythbands_y25_29,eco_isic4_r,2016,0.891
arm,sex_f,age_ythbands_y25_29,eco_isic4_r,2017,1.273
arm,sex_f,age_ythbands_y25_29,eco_isic4_r,2018,2.292
arm,sex_f,age_ythbands_y25_29,eco_isic4_s,2010,1.667
arm,sex_f,age_ythbands_y25_29,eco_isic4_s,2011,1.393
arm,sex_f,age_ythbands_y25_29,eco_isic4_s,2012,1.364
arm,sex_f,age_ythbands_y25_29,eco_isic4_s,2013,1.609
arm,sex_f,age_ythbands_y25_29,eco_isic4_s,2014,3.324
arm,sex_f,age_ythbands_y25_29,eco_isic4_s,2015,1.043
arm,sex_f,age_ythbands_y25_29,eco_isic4_s,2016,1.274
arm,sex_f,age_ythbands_y25_29,eco_isic4_s,2017,1.912
arm,sex_f,age_ythbands_y25_29,eco_isic4_s,2018,1.144
arm,sex_f,age_ythbands_y25_29,eco_isic4_t,2014,0.076
arm,sex_f,age_ythbands_y25_29,eco_isic4_total,2010,44.652
arm,sex_f,age_ythbands_y25_29,eco_isic4_total,2011,50.702
arm,sex_f,age_ythbands_y25_29,eco_isic4_total,2012,52.441
arm,sex_f,age_ythbands_y25_29,eco_isic4_total,2013,48.045
arm,sex_f,age_ythbands_y25_29,eco_isic4_total,2014,51.248
arm,sex_f,age_ythbands_y25_29,eco_isic4_total,2015,47.49
arm,sex_f,age_ythbands_y25_29,eco_isic4_total,2016,41.575
arm,sex_f,age_ythbands_y25_29,eco_isic4_total,2017,42.307
arm,sex_f,age_ythbands_y25_29,eco_isic4_total,2018,43.108
arm,sex_f,age_ythbands_y25_29,eco_isic4_u,2014,0.044
arm,sex_m,age_ythbands_y15_19,eco_isic3_a,2007,8.035
arm,sex_m,age_ythbands_y15_19,eco_isic3_a,2008,6.915
arm,sex_m,age_ythbands_y15_19,eco_isic3_a,2009,6.489
arm,sex_m,age_ythbands_y15_19,eco_isic3_d,2007,0.812
arm,sex_m,age_ythbands_y15_19,eco_isic3_f,2007,0.854
arm,sex_m,age_ythbands_y15_19,eco_isic3_f,2008,2.788
arm,sex_m,age_ythbands_y15_19,eco_isic3_g,2007,0.751
arm,sex_m,age_ythbands_y15_19,eco_isic3_total,2007,11.846
arm,sex_m,age_ythbands_y15_19,eco_isic3_total,2008,11.069
arm,sex_m,age_ythbands_y15_19,eco_isic3_total,2009,7.519
arm,sex_m,age_ythbands_y15_19,eco_isic4_a,2010,8.85
arm,sex_m,age_ythbands_y15_19,eco_isic4_a,2011,5.672
arm,sex_m,age_ythbands_y15_19,eco_isic4_a,2012,9.448
arm,sex_m,age_ythbands_y15_19,eco_isic4_a,2013,5.796
arm,sex_m,age_ythbands_y15_19,eco_isic4_a,2014,9.001
arm,sex_m,age_ythbands_y15_19,eco_isic4_a,2015,9.932
arm,sex_m,age_ythbands_y15_19,eco_isic4_a,2016,7.615
arm,sex_m,age_ythbands_y15_19,eco_isic4_a,2017,5.863
arm,sex_m,age_ythbands_y15_19,eco_isic4_a,2018,4.376
arm,sex_m,age_ythbands_y15_19,eco_isic4_b,2015,0.5
arm,sex_m,age_ythbands_y15_19,eco_isic4_c,2014,0.202
arm,sex_m,age_ythbands_y15_19,eco_isic4_f,2010,0.886
arm,sex_m,age_ythbands_y15_19,eco_isic4_f,2014,0.355
arm,sex_m,age_ythbands_y15_19,eco_isic4_f,2015,1.356
arm,sex_m,age_ythbands_y15_19,eco_isic4_f,2018,0.426
arm,sex_m,age_ythbands_y15_19,eco_isic4_g,2010,1.78
arm,sex_m,age_ythbands_y15_19,eco_isic4_g,2011,0.693
arm,sex_m,age_ythbands_y15_19,eco_isic4_g,2014,0.106
arm,sex_m,age_ythbands_y15_19,eco_isic4_g,2015,0.724
arm,sex_m,age_ythbands_y15_19,eco_isic4_g,2016,1.02
arm,sex_m,age_ythbands_y15_19,eco_isic4_g,2017,0.58
arm,sex_m,age_ythbands_y15_19,eco_isic4_h,2015,1.166
arm,sex_m,age_ythbands_y15_19,eco_isic4_i,2014,0.242
arm,sex_m,age_ythbands_y15_19,eco_isic4_i,2018,1.297
arm,sex_m,age_ythbands_y15_19,eco_isic4_m,2014,0.032
arm,sex_m,age_ythbands_y15_19,eco_isic4_r,2014,0.145
arm,sex_m,age_ythbands_y15_19,eco_isic4_s,2014,0.076
arm,sex_m,age_ythbands_y15_19,eco_isic4_t,2014,0.105
arm,sex_m,age_ythbands_y15_19,eco_isic4_total,2010,12.488
arm,sex_m,age_ythbands_y15_19,eco_isic4_total,2011,7.628
arm,sex_m,age_ythbands_y15_19,eco_isic4_total,2012,11.298
arm,sex_m,age_ythbands_y15_19,eco_isic4_total,2013,7.382
arm,sex_m,age_ythbands_y15_19,eco_isic4_total,2014,10.264
arm,sex_m,age_ythbands_y15_19,eco_isic4_total,2015,14.358
arm,sex_m,age_ythbands_y15_19,eco_isic4_total,2016,9.447
arm,sex_m,age_ythbands_y15_19,eco_isic4_total,2017,7.192
arm,sex_m,age_ythbands_y15_19,eco_isic4_total,2018,6.778
arm,sex_m,age_ythbands_y15_29,eco_isic3_a,2007,44.9
arm,sex_m,age_ythbands_y15_29,eco_isic3_a,2008,45.068
arm,sex_m,age_ythbands_y15_29,eco_isic3_a,2009,48.323
arm,sex_m,age_ythbands_y15_29,eco_isic3_c,2007,3.22
arm,sex_m,age_ythbands_y15_29,eco_isic3_c,2009,0.964
arm,sex_m,age_ythbands_y15_29,eco_isic3_d,2007,14.268
arm,sex_m,age_ythbands_y15_29,eco_isic3_d,2008,10.224
arm,sex_m,age_ythbands_y15_29,eco_isic3_d,2009,10.032
arm,sex_m,age_ythbands_y15_29,eco_isic3_e,2007,4.143
arm,sex_m,age_ythbands_y15_29,eco_isic3_e,2008,2.634
arm,sex_m,age_ythbands_y15_29,eco_isic3_e,2009,5.645
arm,sex_m,age_ythbands_y15_29,eco_isic3_f,2007,22.952
arm,sex_m,age_ythbands_y15_29,eco_isic3_f,2008,20.016
arm,sex_m,age_ythbands_y15_29,eco_isic3_f,2009,22.074
arm,sex_m,age_ythbands_y15_29,eco_isic3_g,2007,21.069
arm,sex_m,age_ythbands_y15_29,eco_isic3_g,2008,18.285
arm,sex_m,age_ythbands_y15_29,eco_isic3_g,2009,14.701
arm,sex_m,age_ythbands_y15_29,eco_isic3_h,2007,2.487
arm,sex_m,age_ythbands_y15_29,eco_isic3_h,2008,1.916
arm,sex_m,age_ythbands_y15_29,eco_isic3_h,2009,1.638
arm,sex_m,age_ythbands_y15_29,eco_isic3_i,2007,10.336
arm,sex_m,age_ythbands_y15_29,eco_isic3_i,2008,6.145
arm,sex_m,age_ythbands_y15_29,eco_isic3_i,2009,11.154
arm,sex_m,age_ythbands_y15_29,eco_isic3_j,2007,2.192
arm,sex_m,age_ythbands_y15_29,eco_isic3_j,2009,1.367
arm,sex_m,age_ythbands_y15_29,eco_isic3_k,2007,3.254
arm,sex_m,age_ythbands_y15_29,eco_isic3_k,2008,2.663
arm,sex_m,age_ythbands_y15_29,eco_isic3_k,2009,2.181
arm,sex_m,age_ythbands_y15_29,eco_isic3_l,2007,14.029
arm,sex_m,age_ythbands_y15_29,eco_isic3_l,2008,12.292
arm,sex_m,age_ythbands_y15_29,eco_isic3_l,2009,15.754
arm,sex_m,age_ythbands_y15_29,eco_isic3_m,2007,3.727
arm,sex_m,age_ythbands_y15_29,eco_isic3_m,2008,1.821
arm,sex_m,age_ythbands_y15_29,eco_isic3_m,2009,2.038
arm,sex_m,age_ythbands_y15_29,eco_isic3_n,2007,1.87
arm,sex_m,age_ythbands_y15_29,eco_isic3_n,2008,1.796
arm,sex_m,age_ythbands_y15_29,eco_isic3_n,2009,1.918
arm,sex_m,age_ythbands_y15_29,eco_isic3_o,2007,8.624
arm,sex_m,age_ythbands_y15_29,eco_isic3_o,2008,4.323
arm,sex_m,age_ythbands_y15_29,eco_isic3_o,2009,6.943
arm,sex_m,age_ythbands_y15_29,eco_isic3_q,2007,0.911
arm,sex_m,age_ythbands_y15_29,eco_isic3_total,2007,158.202
arm,sex_m,age_ythbands_y15_29,eco_isic3_total,2008,129.202
arm,sex_m,age_ythbands_y15_29,eco_isic3_total,2009,145.078
arm,sex_m,age_ythbands_y15_29,eco_isic4_a,2010,41.78
arm,sex_m,age_ythbands_y15_29,eco_isic4_a,2011,38.351
arm,sex_m,age_ythbands_y15_29,eco_isic4_a,2012,41.661
arm,sex_m,age_ythbands_y15_29,eco_isic4_a,2013,30.356
arm,sex_m,age_ythbands_y15_29,eco_isic4_a,2014,45.85
arm,sex_m,age_ythbands_y15_29,eco_isic4_a,2015,40.314
arm,sex_m,age_ythbands_y15_29,eco_isic4_a,2016,31.525
arm,sex_m,age_ythbands_y15_29,eco_isic4_a,2017,29.483
arm,sex_m,age_ythbands_y15_29,eco_isic4_a,2018,27.33
arm,sex_m,age_ythbands_y15_29,eco_isic4_b,2010,2.74
arm,sex_m,age_ythbands_y15_29,eco_isic4_b,2011,2.12
arm,sex_m,age_ythbands_y15_29,eco_isic4_b,2012,2.049
arm,sex_m,age_ythbands_y15_29,eco_isic4_b,2013,1.426
arm,sex_m,age_ythbands_y15_29,eco_isic4_b,2014,1.198
arm,sex_m,age_ythbands_y15_29,eco_isic4_b,2015,3.232
arm,sex_m,age_ythbands_y15_29,eco_isic4_b,2016,1.098
arm,sex_m,age_ythbands_y15_29,eco_isic4_b,2017,1.151
arm,sex_m,age_ythbands_y15_29,eco_isic4_b,2018,1.177
arm,sex_m,age_ythbands_y15_29,eco_isic4_c,2010,12.491
arm,sex_m,age_ythbands_y15_29,eco_isic4_c,2011,15.494
arm,sex_m,age_ythbands_y15_29,eco_isic4_c,2012,16.635
arm,sex_m,age_ythbands_y15_29,eco_isic4_c,2013,16.82
arm,sex_m,age_ythbands_y15_29,eco_isic4_c,2014,13.212
arm,sex_m,age_ythbands_y15_29,eco_isic4_c,2015,13.283
arm,sex_m,age_ythbands_y15_29,eco_isic4_c,2016,13.628
arm,sex_m,age_ythbands_y15_29,eco_isic4_c,2017,10.761
arm,sex_m,age_ythbands_y15_29,eco_isic4_c,2018,13.965
arm,sex_m,age_ythbands_y15_29,eco_isic4_d,2010,4.766
arm,sex_m,age_ythbands_y15_29,eco_isic4_d,2011,2.891
arm,sex_m,age_ythbands_y15_29,eco_isic4_d,2012,3.988
arm,sex_m,age_ythbands_y15_29,eco_isic4_d,2013,3.716
arm,sex_m,age_ythbands_y15_29,eco_isic4_d,2014,3.811
arm,sex_m,age_ythbands_y15_29,eco_isic4_d,2015,2.563
arm,sex_m,age_ythbands_y15_29,eco_isic4_d,2016,3.087
arm,sex_m,age_ythbands_y15_29,eco_isic4_d,2017,3.621
arm,sex_m,age_ythbands_y15_29,eco_isic4_d,2018,1.997
arm,sex_m,age_ythbands_y15_29,eco_isic4_e,2010,1.52
arm,sex_m,age_ythbands_y15_29,eco_isic4_e,2011,1.33
arm,sex_m,age_ythbands_y15_29,eco_isic4_e,2012,0.739
arm,sex_m,age_ythbands_y15_29,eco_isic4_e,2013,0.824
arm,sex_m,age_ythbands_y15_29,eco_isic4_e,2014,0.504
arm,sex_m,age_ythbands_y15_29,eco_isic4_e,2016,0.294
arm,sex_m,age_ythbands_y15_29,eco_isic4_f,2010,22.033
arm,sex_m,age_ythbands_y15_29,eco_isic4_f,2011,17.605
arm,sex_m,age_ythbands_y15_29,eco_isic4_f,2012,17.101
arm,sex_m,age_ythbands_y15_29,eco_isic4_f,2013,14.223
arm,sex_m,age_ythbands_y15_29,eco_isic4_f,2014,11.181
arm,sex_m,age_ythbands_y15_29,eco_isic4_f,2015,12.706
arm,sex_m,age_ythbands_y15_29,eco_isic4_f,2016,6.063
arm,sex_m,age_ythbands_y15_29,eco_isic4_f,2017,7.788
arm,sex_m,age_ythbands_y15_29,eco_isic4_f,2018,24.078
arm,sex_m,age_ythbands_y15_29,eco_isic4_g,2010,20.666
arm,sex_m,age_ythbands_y15_29,eco_isic4_g,2011,16.656
arm,sex_m,age_ythbands_y15_29,eco_isic4_g,2012,15.874
arm,sex_m,age_ythbands_y15_29,eco_isic4_g,2013,17.223
arm,sex_m,age_ythbands_y15_29,eco_isic4_g,2014,17.388
arm,sex_m,age_ythbands_y15_29,eco_isic4_g,2015,17.792
arm,sex_m,age_ythbands_y15_29,eco_isic4_g,2016,16.978
arm,sex_m,age_ythbands_y15_29,eco_isic4_g,2017,12.938
arm,sex_m,age_ythbands_y15_29,eco_isic4_g,2018,17.02
arm,sex_m,age_ythbands_y15_29,eco_isic4_h,2010,6.89
arm,sex_m,age_ythbands_y15_29,eco_isic4_h,2011,4.913
arm,sex_m,age_ythbands_y15_29,eco_isic4_h,2012,7.022
arm,sex_m,age_ythbands_y15_29,eco_isic4_h,2013,8.76
arm,sex_m,age_ythbands_y15_29,eco_isic4_h,2014,6.645
arm,sex_m,age_ythbands_y15_29,eco_isic4_h,2015,4.365
arm,sex_m,age_ythbands_y15_29,eco_isic4_h,2016,4.743
arm,sex_m,age_ythbands_y15_29,eco_isic4_h,2017,4.222
arm,sex_m,age_ythbands_y15_29,eco_isic4_h,2018,6.063
arm,sex_m,age_ythbands_y15_29,eco_isic4_i,2010,2.692
arm,sex_m,age_ythbands_y15_29,eco_isic4_i,2011,3.06
arm,sex_m,age_ythbands_y15_29,eco_isic4_i,2012,2.816
arm,sex_m,age_ythbands_y15_29,eco_isic4_i,2013,4.27
arm,sex_m,age_ythbands_y15_29,eco_isic4_i,2014,2.721
arm,sex_m,age_ythbands_y15_29,eco_isic4_i,2015,4.248
arm,sex_m,age_ythbands_y15_29,eco_isic4_i,2016,3.887
arm,sex_m,age_ythbands_y15_29,eco_isic4_i,2017,4.573
arm,sex_m,age_ythbands_y15_29,eco_isic4_i,2018,6.39
arm,sex_m,age_ythbands_y15_29,eco_isic4_j,2010,5.303
arm,sex_m,age_ythbands_y15_29,eco_isic4_j,2011,2.099
arm,sex_m,age_ythbands_y15_29,eco_isic4_j,2012,3.364
arm,sex_m,age_ythbands_y15_29,eco_isic4_j,2013,6.595
arm,sex_m,age_ythbands_y15_29,eco_isic4_j,2014,4.796
arm,sex_m,age_ythbands_y15_29,eco_isic4_j,2015,4.438
arm,sex_m,age_ythbands_y15_29,eco_isic4_j,2016,5.526
arm,sex_m,age_ythbands_y15_29,eco_isic4_j,2017,3.509
arm,sex_m,age_ythbands_y15_29,eco_isic4_j,2018,4.534
arm,sex_m,age_ythbands_y15_29,eco_isic4_k,2010,2.782
arm,sex_m,age_ythbands_y15_29,eco_isic4_k,2011,1.879
arm,sex_m,age_ythbands_y15_29,eco_isic4_k,2012,1.745
arm,sex_m,age_ythbands_y15_29,eco_isic4_k,2013,3.149
arm,sex_m,age_ythbands_y15_29,eco_isic4_k,2014,3.463
arm,sex_m,age_ythbands_y15_29,eco_isic4_k,2015,1.633
arm,sex_m,age_ythbands_y15_29,eco_isic4_k,2016,2.68
arm,sex_m,age_ythbands_y15_29,eco_isic4_k,2017,1.88
arm,sex_m,age_ythbands_y15_29,eco_isic4_k,2018,1.394
arm,sex_m,age_ythbands_y15_29,eco_isic4_l,2010,0.63
arm,sex_m,age_ythbands_y15_29,eco_isic4_l,2011,0.713
arm,sex_m,age_ythbands_y15_29,eco_isic4_l,2014,0.284
arm,sex_m,age_ythbands_y15_29,eco_isic4_m,2010,2.364
arm,sex_m,age_ythbands_y15_29,eco_isic4_m,2011,2.62
arm,sex_m,age_ythbands_y15_29,eco_isic4_m,2013,2.064
arm,sex_m,age_ythbands_y15_29,eco_isic4_m,2014,1.604
arm,sex_m,age_ythbands_y15_29,eco_isic4_m,2015,1.84
arm,sex_m,age_ythbands_y15_29,eco_isic4_m,2018,1.934
arm,sex_m,age_ythbands_y15_29,eco_isic4_n,2010,2.083
arm,sex_m,age_ythbands_y15_29,eco_isic4_n,2011,1.856
arm,sex_m,age_ythbands_y15_29,eco_isic4_n,2012,1.386
arm,sex_m,age_ythbands_y15_29,eco_isic4_n,2013,2.08
arm,sex_m,age_ythbands_y15_29,eco_isic4_n,2014,1.38
arm,sex_m,age_ythbands_y15_29,eco_isic4_n,2016,1.19
arm,sex_m,age_ythbands_y15_29,eco_isic4_n,2017,0.752
arm,sex_m,age_ythbands_y15_29,eco_isic4_o,2010,15.038
arm,sex_m,age_ythbands_y15_29,eco_isic4_o,2011,17.575
arm,sex_m,age_ythbands_y15_29,eco_isic4_o,2012,13.563
arm,sex_m,age_ythbands_y15_29,eco_isic4_o,2013,20.05
arm,sex_m,age_ythbands_y15_29,eco_isic4_o,2014,18.693
arm,sex_m,age_ythbands_y15_29,eco_isic4_o,2015,18.995
arm,sex_m,age_ythbands_y15_29,eco_isic4_o,2016,19.725
arm,sex_m,age_ythbands_y15_29,eco_isic4_o,2017,21.077
arm,sex_m,age_ythbands_y15_29,eco_isic4_o,2018,23.01
arm,sex_m,age_ythbands_y15_29,eco_isic4_p,2010,3.959
arm,sex_m,age_ythbands_y15_29,eco_isic4_p,2011,2.506
arm,sex_m,age_ythbands_y15_29,eco_isic4_p,2012,3.936
arm,sex_m,age_ythbands_y15_29,eco_isic4_p,2013,2.334
arm,sex_m,age_ythbands_y15_29,eco_isic4_p,2014,2.896
arm,sex_m,age_ythbands_y15_29,eco_isic4_p,2015,2.61
arm,sex_m,age_ythbands_y15_29,eco_isic4_p,2016,2.915
arm,sex_m,age_ythbands_y15_29,eco_isic4_p,2017,2.266
arm,sex_m,age_ythbands_y15_29,eco_isic4_p,2018,2.75
arm,sex_m,age_ythbands_y15_29,eco_isic4_q,2010,3.441
arm,sex_m,age_ythbands_y15_29,eco_isic4_q,2011,2.154
arm,sex_m,age_ythbands_y15_29,eco_isic4_q,2012,2.041
arm,sex_m,age_ythbands_y15_29,eco_isic4_q,2013,1.12
arm,sex_m,age_ythbands_y15_29,eco_isic4_q,2014,2.031
arm,sex_m,age_ythbands_y15_29,eco_isic4_q,2015,1.077
arm,sex_m,age_ythbands_y15_29,eco_isic4_q,2016,1.257
arm,sex_m,age_ythbands_y15_29,eco_isic4_q,2017,1.368
arm,sex_m,age_ythbands_y15_29,eco_isic4_q,2018,1.408
arm,sex_m,age_ythbands_y15_29,eco_isic4_r,2010,2.9
arm,sex_m,age_ythbands_y15_29,eco_isic4_r,2011,2.061
arm,sex_m,age_ythbands_y15_29,eco_isic4_r,2012,3.678
arm,sex_m,age_ythbands_y15_29,eco_isic4_r,2013,1.129
arm,sex_m,age_ythbands_y15_29,eco_isic4_r,2014,2.872
arm,sex_m,age_ythbands_y15_29,eco_isic4_r,2015,0.66
arm,sex_m,age_ythbands_y15_29,eco_isic4_r,2016,2.16
arm,sex_m,age_ythbands_y15_29,eco_isic4_r,2017,2.478
arm,sex_m,age_ythbands_y15_29,eco_isic4_r,2018,2.752
arm,sex_m,age_ythbands_y15_29,eco_isic4_s,2010,4.414
arm,sex_m,age_ythbands_y15_29,eco_isic4_s,2011,4.528
arm,sex_m,age_ythbands_y15_29,eco_isic4_s,2012,1.72
arm,sex_m,age_ythbands_y15_29,eco_isic4_s,2013,2.112
arm,sex_m,age_ythbands_y15_29,eco_isic4_s,2014,1.567
arm,sex_m,age_ythbands_y15_29,eco_isic4_s,2015,2.232
arm,sex_m,age_ythbands_y15_29,eco_isic4_s,2016,2.691
arm,sex_m,age_ythbands_y15_29,eco_isic4_s,2017,1.148
arm,sex_m,age_ythbands_y15_29,eco_isic4_s,2018,2.353
arm,sex_m,age_ythbands_y15_29,eco_isic4_t,2010,0.831
arm,sex_m,age_ythbands_y15_29,eco_isic4_t,2014,0.384
arm,sex_m,age_ythbands_y15_29,eco_isic4_total,2010,159.413
arm,sex_m,age_ythbands_y15_29,eco_isic4_total,2011,141.046
arm,sex_m,age_ythbands_y15_29,eco_isic4_total,2012,141.625
arm,sex_m,age_ythbands_y15_29,eco_isic4_total,2013,138.851
arm,sex_m,age_ythbands_y15_29,eco_isic4_total,2014,142.686
arm,sex_m,age_ythbands_y15_29,eco_isic4_total,2015,133.711
arm,sex_m,age_ythbands_y15_29,eco_isic4_total,2016,121.032
arm,sex_m,age_ythbands_y15_29,eco_isic4_total,2017,110.723
arm,sex_m,age_ythbands_y15_29,eco_isic4_total,2018,139.331
arm,sex_m,age_ythbands_y15_29,eco_isic4_u,2014,0.207
arm,sex_m,age_ythbands_y20_24,eco_isic3_a,2007,20.285
arm,sex_m,age_ythbands_y20_24,eco_isic3_a,2008,24.562
arm,sex_m,age_ythbands_y20_24,eco_isic3_a,2009,21.865
arm,sex_m,age_ythbands_y20_24,eco_isic3_c,2007,2.081
arm,sex_m,age_ythbands_y20_24,eco_isic3_c,2009,0.286
arm,sex_m,age_ythbands_y20_24,eco_isic3_d,2007,5.618
arm,sex_m,age_ythbands_y20_24,eco_isic3_d,2008,4.055
arm,sex_m,age_ythbands_y20_24,eco_isic3_d,2009,3.202
arm,sex_m,age_ythbands_y20_24,eco_isic3_e,2007,1.672
arm,sex_m,age_ythbands_y20_24,eco_isic3_e,2009,1.965
arm,sex_m,age_ythbands_y20_24,eco_isic3_f,2007,9.525
arm,sex_m,age_ythbands_y20_24,eco_isic3_f,2008,6.623
arm,sex_m,age_ythbands_y20_24,eco_isic3_f,2009,9.902
arm,sex_m,age_ythbands_y20_24,eco_isic3_g,2007,8.072
arm,sex_m,age_ythbands_y20_24,eco_isic3_g,2008,4.733
arm,sex_m,age_ythbands_y20_24,eco_isic3_g,2009,6.519
arm,sex_m,age_ythbands_y20_24,eco_isic3_h,2007,1.143
arm,sex_m,age_ythbands_y20_24,eco_isic3_h,2009,0.345
arm,sex_m,age_ythbands_y20_24,eco_isic3_i,2007,2.306
arm,sex_m,age_ythbands_y20_24,eco_isic3_i,2008,1.776
arm,sex_m,age_ythbands_y20_24,eco_isic3_i,2009,2.932
arm,sex_m,age_ythbands_y20_24,eco_isic3_j,2007,0.757
arm,sex_m,age_ythbands_y20_24,eco_isic3_k,2007,1.069
arm,sex_m,age_ythbands_y20_24,eco_isic3_k,2008,1.907
arm,sex_m,age_ythbands_y20_24,eco_isic3_k,2009,0.798
arm,sex_m,age_ythbands_y20_24,eco_isic3_l,2007,5.604
arm,sex_m,age_ythbands_y20_24,eco_isic3_l,2008,5.2
arm,sex_m,age_ythbands_y20_24,eco_isic3_l,2009,5.852
arm,sex_m,age_ythbands_y20_24,eco_isic3_m,2007,1.108
arm,sex_m,age_ythbands_y20_24,eco_isic3_m,2009,0.639
arm,sex_m,age_ythbands_y20_24,eco_isic3_n,2009,1.017
arm,sex_m,age_ythbands_y20_24,eco_isic3_o,2007,2.641
arm,sex_m,age_ythbands_y20_24,eco_isic3_o,2009,3.702
arm,sex_m,age_ythbands_y20_24,eco_isic3_total,2007,63.078
arm,sex_m,age_ythbands_y20_24,eco_isic3_total,2008,53.677
arm,sex_m,age_ythbands_y20_24,eco_isic3_total,2009,59.166
arm,sex_m,age_ythbands_y20_24,eco_isic4_a,2010,18.998
arm,sex_m,age_ythbands_y20_24,eco_isic4_a,2011,17.939
arm,sex_m,age_ythbands_y20_24,eco_isic4_a,2012,19.496
arm,sex_m,age_ythbands_y20_24,eco_isic4_a,2013,10.684
arm,sex_m,age_ythbands_y20_24,eco_isic4_a,2014,19.239
arm,sex_m,age_ythbands_y20_24,eco_isic4_a,2015,15.267
arm,sex_m,age_ythbands_y20_24,eco_isic4_a,2016,12.562
arm,sex_m,age_ythbands_y20_24,eco_isic4_a,2017,9.17
arm,sex_m,age_ythbands_y20_24,eco_isic4_a,2018,9.286
arm,sex_m,age_ythbands_y20_24,eco_isic4_b,2010,1.045
arm,sex_m,age_ythbands_y20_24,eco_isic4_b,2011,1.12
arm,sex_m,age_ythbands_y20_24,eco_isic4_b,2014,0.37
arm,sex_m,age_ythbands_y20_24,eco_isic4_b,2015,0.657
arm,sex_m,age_ythbands_y20_24,eco_isic4_b,2018,0.3
arm,sex_m,age_ythbands_y20_24,eco_isic4_c,2010,6.225
arm,sex_m,age_ythbands_y20_24,eco_isic4_c,2011,8.296
arm,sex_m,age_ythbands_y20_24,eco_isic4_c,2012,5.619
arm,sex_m,age_ythbands_y20_24,eco_isic4_c,2013,7.265
arm,sex_m,age_ythbands_y20_24,eco_isic4_c,2014,4.462
arm,sex_m,age_ythbands_y20_24,eco_isic4_c,2015,4.383
arm,sex_m,age_ythbands_y20_24,eco_isic4_c,2016,4.526
arm,sex_m,age_ythbands_y20_24,eco_isic4_c,2017,3.784
arm,sex_m,age_ythbands_y20_24,eco_isic4_c,2018,4.484
arm,sex_m,age_ythbands_y20_24,eco_isic4_d,2010,1.244
arm,sex_m,age_ythbands_y20_24,eco_isic4_d,2011,0.935
arm,sex_m,age_ythbands_y20_24,eco_isic4_d,2012,1.601
arm,sex_m,age_ythbands_y20_24,eco_isic4_d,2013,1.105
arm,sex_m,age_ythbands_y20_24,eco_isic4_d,2014,1.094
arm,sex_m,age_ythbands_y20_24,eco_isic4_d,2015,0.948
arm,sex_m,age_ythbands_y20_24,eco_isic4_d,2017,1.18
arm,sex_m,age_ythbands_y20_24,eco_isic4_d,2018,0.826
arm,sex_m,age_ythbands_y20_24,eco_isic4_e,2010,0.746
arm,sex_m,age_ythbands_y20_24,eco_isic4_e,2011,0.601
arm,sex_m,age_ythbands_y20_24,eco_isic4_e,2014,0.299
arm,sex_m,age_ythbands_y20_24,eco_isic4_f,2010,8.063
arm,sex_m,age_ythbands_y20_24,eco_isic4_f,2011,6.274
arm,sex_m,age_ythbands_y20_24,eco_isic4_f,2012,5.925
arm,sex_m,age_ythbands_y20_24,eco_isic4_f,2013,6.179
arm,sex_m,age_ythbands_y20_24,eco_isic4_f,2014,4.176
arm,sex_m,age_ythbands_y20_24,eco_isic4_f,2015,4.565
arm,sex_m,age_ythbands_y20_24,eco_isic4_f,2016,1.775
arm,sex_m,age_ythbands_y20_24,eco_isic4_f,2017,2.438
arm,sex_m,age_ythbands_y20_24,eco_isic4_f,2018,8.54
arm,sex_m,age_ythbands_y20_24,eco_isic4_g,2010,6.366
arm,sex_m,age_ythbands_y20_24,eco_isic4_g,2011,6.313
arm,sex_m,age_ythbands_y20_24,eco_isic4_g,2012,7.391
arm,sex_m,age_ythbands_y20_24,eco_isic4_g,2013,5.478
arm,sex_m,age_ythbands_y20_24,eco_isic4_g,2014,5.838
arm,sex_m,age_ythbands_y20_24,eco_isic4_g,2015,5.539
arm,sex_m,age_ythbands_y20_24,eco_isic4_g,2016,5.079
arm,sex_m,age_ythbands_y20_24,eco_isic4_g,2017,4.302
arm,sex_m,age_ythbands_y20_24,eco_isic4_g,2018,5.878
arm,sex_m,age_ythbands_y20_24,eco_isic4_h,2010,1.927
arm,sex_m,age_ythbands_y20_24,eco_isic4_h,2011,1.971
arm,sex_m,age_ythbands_y20_24,eco_isic4_h,2012,1.722
arm,sex_m,age_ythbands_y20_24,eco_isic4_h,2013,1.431
arm,sex_m,age_ythbands_y20_24,eco_isic4_h,2014,1.956
arm,sex_m,age_ythbands_y20_24,eco_isic4_h,2015,1.337
arm,sex_m,age_ythbands_y20_24,eco_isic4_h,2016,1.376
arm,sex_m,age_ythbands_y20_24,eco_isic4_h,2017,1.189
arm,sex_m,age_ythbands_y20_24,eco_isic4_h,2018,0.888
arm,sex_m,age_ythbands_y20_24,eco_isic4_i,2010,1.63
arm,sex_m,age_ythbands_y20_24,eco_isic4_i,2011,2.127
arm,sex_m,age_ythbands_y20_24,eco_isic4_i,2012,1.658
arm,sex_m,age_ythbands_y20_24,eco_isic4_i,2013,1.907
arm,sex_m,age_ythbands_y20_24,eco_isic4_i,2014,0.847
arm,sex_m,age_ythbands_y20_24,eco_isic4_i,2015,2.325
arm,sex_m,age_ythbands_y20_24,eco_isic4_i,2016,2.023
arm,sex_m,age_ythbands_y20_24,eco_isic4_i,2017,2.003
arm,sex_m,age_ythbands_y20_24,eco_isic4_i,2018,2.824
arm,sex_m,age_ythbands_y20_24,eco_isic4_j,2010,3.565
arm,sex_m,age_ythbands_y20_24,eco_isic4_j,2011,0.885
arm,sex_m,age_ythbands_y20_24,eco_isic4_j,2012,1.464
arm,sex_m,age_ythbands_y20_24,eco_isic4_j,2013,3.231
arm,sex_m,age_ythbands_y20_24,eco_isic4_j,2014,1.599
arm,sex_m,age_ythbands_y20_24,eco_isic4_j,2015,2.007
arm,sex_m,age_ythbands_y20_24,eco_isic4_j,2016,2.408
arm,sex_m,age_ythbands_y20_24,eco_isic4_j,2017,0.967
arm,sex_m,age_ythbands_y20_24,eco_isic4_j,2018,2.742
arm,sex_m,age_ythbands_y20_24,eco_isic4_k,2010,1.446
arm,sex_m,age_ythbands_y20_24,eco_isic4_k,2012,1.04
arm,sex_m,age_ythbands_y20_24,eco_isic4_k,2013,1.411
arm,sex_m,age_ythbands_y20_24,eco_isic4_k,2014,1.37
arm,sex_m,age_ythbands_y20_24,eco_isic4_k,2017,0.426
arm,sex_m,age_ythbands_y20_24,eco_isic4_l,2014,0.068
arm,sex_m,age_ythbands_y20_24,eco_isic4_m,2010,0.658
arm,sex_m,age_ythbands_y20_24,eco_isic4_m,2011,1.391
arm,sex_m,age_ythbands_y20_24,eco_isic4_m,2014,0.12
arm,sex_m,age_ythbands_y20_24,eco_isic4_m,2018,0.588
arm,sex_m,age_ythbands_y20_24,eco_isic4_n,2010,1.348
arm,sex_m,age_ythbands_y20_24,eco_isic4_n,2011,0.911
arm,sex_m,age_ythbands_y20_24,eco_isic4_n,2014,0.748
arm,sex_m,age_ythbands_y20_24,eco_isic4_o,2010,5.051
arm,sex_m,age_ythbands_y20_24,eco_isic4_o,2011,7.021
arm,sex_m,age_ythbands_y20_24,eco_isic4_o,2012,4.796
arm,sex_m,age_ythbands_y20_24,eco_isic4_o,2013,9.541
arm,sex_m,age_ythbands_y20_24,eco_isic4_o,2014,6.91
arm,sex_m,age_ythbands_y20_24,eco_isic4_o,2015,6.861
arm,sex_m,age_ythbands_y20_24,eco_isic4_o,2016,6.377
arm,sex_m,age_ythbands_y20_24,eco_isic4_o,2017,8.173
arm,sex_m,age_ythbands_y20_24,eco_isic4_o,2018,6.365
arm,sex_m,age_ythbands_y20_24,eco_isic4_p,2010,1.139
arm,sex_m,age_ythbands_y20_24,eco_isic4_p,2011,0.822
arm,sex_m,age_ythbands_y20_24,eco_isic4_p,2012,1.413
arm,sex_m,age_ythbands_y20_24,eco_isic4_p,2013,0.806
arm,sex_m,age_ythbands_y20_24,eco_isic4_p,2014,0.707
arm,sex_m,age_ythbands_y20_24,eco_isic4_p,2015,1.326
arm,sex_m,age_ythbands_y20_24,eco_isic4_p,2016,0.857
arm,sex_m,age_ythbands_y20_24,eco_isic4_p,2017,0.706
arm,sex_m,age_ythbands_y20_24,eco_isic4_p,2018,0.497
arm,sex_m,age_ythbands_y20_24,eco_isic4_q,2010,1.334
arm,sex_m,age_ythbands_y20_24,eco_isic4_q,2011,0.234
arm,sex_m,age_ythbands_y20_24,eco_isic4_q,2012,0.79
arm,sex_m,age_ythbands_y20_24,eco_isic4_q,2014,0.611
arm,sex_m,age_ythbands_y20_24,eco_isic4_q,2016,0.629
arm,sex_m,age_ythbands_y20_24,eco_isic4_q,2017,0.267
arm,sex_m,age_ythbands_y20_24,eco_isic4_r,2011,0.639
arm,sex_m,age_ythbands_y20_24,eco_isic4_r,2012,1.698
arm,sex_m,age_ythbands_y20_24,eco_isic4_r,2014,1.32
arm,sex_m,age_ythbands_y20_24,eco_isic4_r,2016,1.117
arm,sex_m,age_ythbands_y20_24,eco_isic4_r,2017,1.199
arm,sex_m,age_ythbands_y20_24,eco_isic4_r,2018,1.379
arm,sex_m,age_ythbands_y20_24,eco_isic4_s,2010,1.718
arm,sex_m,age_ythbands_y20_24,eco_isic4_s,2011,2.922
arm,sex_m,age_ythbands_y20_24,eco_isic4_s,2012,1.166
arm,sex_m,age_ythbands_y20_24,eco_isic4_s,2013,0.827
arm,sex_m,age_ythbands_y20_24,eco_isic4_s,2014,0.205
arm,sex_m,age_ythbands_y20_24,eco_isic4_s,2015,0.636
arm,sex_m,age_ythbands_y20_24,eco_isic4_s,2018,1.033
arm,sex_m,age_ythbands_y20_24,eco_isic4_t,2014,0.209
arm,sex_m,age_ythbands_y20_24,eco_isic4_total,2010,63.765
arm,sex_m,age_ythbands_y20_24,eco_isic4_total,2011,61.414
arm,sex_m,age_ythbands_y20_24,eco_isic4_total,2012,57.131
arm,sex_m,age_ythbands_y20_24,eco_isic4_total,2013,53.244
arm,sex_m,age_ythbands_y20_24,eco_isic4_total,2014,52.208
arm,sex_m,age_ythbands_y20_24,eco_isic4_total,2015,48.281
arm,sex_m,age_ythbands_y20_24,eco_isic4_total,2016,41.31
arm,sex_m,age_ythbands_y20_24,eco_isic4_total,2017,37.787
arm,sex_m,age_ythbands_y20_24,eco_isic4_total,2018,46.028
arm,sex_m,age_ythbands_y20_24,eco_isic4_u,2014,0.059
arm,sex_m,age_ythbands_y25_29,eco_isic3_a,2007,16.579
arm,sex_m,age_ythbands_y25_29,eco_isic3_a,2008,13.592
arm,sex_m,age_ythbands_y25_29,eco_isic3_a,2009,19.969
arm,sex_m,age_ythbands_y25_29,eco_isic3_c,2007,1.139
arm,sex_m,age_ythbands_y25_29,eco_isic3_c,2009,0.664
arm,sex_m,age_ythbands_y25_29,eco_isic3_d,2007,7.838
arm,sex_m,age_ythbands_y25_29,eco_isic3_d,2008,5.929
arm,sex_m,age_ythbands_y25_29,eco_isic3_d,2009,6.662
arm,sex_m,age_ythbands_y25_29,eco_isic3_e,2007,2.471
arm,sex_m,age_ythbands_y25_29,eco_isic3_e,2008,2.265
arm,sex_m,age_ythbands_y25_29,eco_isic3_e,2009,3.68
arm,sex_m,age_ythbands_y25_29,eco_isic3_f,2007,12.573
arm,sex_m,age_ythbands_y25_29,eco_isic3_f,2008,10.605
arm,sex_m,age_ythbands_y25_29,eco_isic3_f,2009,11.869
arm,sex_m,age_ythbands_y25_29,eco_isic3_g,2007,12.247
arm,sex_m,age_ythbands_y25_29,eco_isic3_g,2008,12.425
arm,sex_m,age_ythbands_y25_29,eco_isic3_g,2009,7.84
arm,sex_m,age_ythbands_y25_29,eco_isic3_h,2007,1.153
arm,sex_m,age_ythbands_y25_29,eco_isic3_h,2009,1.293
arm,sex_m,age_ythbands_y25_29,eco_isic3_i,2007,7.396
arm,sex_m,age_ythbands_y25_29,eco_isic3_i,2008,4.369
arm,sex_m,age_ythbands_y25_29,eco_isic3_i,2009,8.032
arm,sex_m,age_ythbands_y25_29,eco_isic3_j,2007,1.435
arm,sex_m,age_ythbands_y25_29,eco_isic3_j,2009,1.239
arm,sex_m,age_ythbands_y25_29,eco_isic3_k,2007,2.185
arm,sex_m,age_ythbands_y25_29,eco_isic3_k,2009,1.383
arm,sex_m,age_ythbands_y25_29,eco_isic3_l,2007,8.425
arm,sex_m,age_ythbands_y25_29,eco_isic3_l,2008,7.093
arm,sex_m,age_ythbands_y25_29,eco_isic3_l,2009,9.89
arm,sex_m,age_ythbands_y25_29,eco_isic3_m,2007,2.62
arm,sex_m,age_ythbands_y25_29,eco_isic3_m,2009,1.399
arm,sex_m,age_ythbands_y25_29,eco_isic3_n,2007,1.397
arm,sex_m,age_ythbands_y25_29,eco_isic3_n,2009,0.901
arm,sex_m,age_ythbands_y25_29,eco_isic3_o,2007,5.412
arm,sex_m,age_ythbands_y25_29,eco_isic3_o,2008,2.929
arm,sex_m,age_ythbands_y25_29,eco_isic3_o,2009,3.241
arm,sex_m,age_ythbands_y25_29,eco_isic3_total,2007,83.278
arm,sex_m,age_ythbands_y25_29,eco_isic3_total,2008,64.455
arm,sex_m,age_ythbands_y25_29,eco_isic3_total,2009,78.392
arm,sex_m,age_ythbands_y25_29,eco_isic4_a,2010,13.931
arm,sex_m,age_ythbands_y25_29,eco_isic4_a,2011,14.74
arm,sex_m,age_ythbands_y25_29,eco_isic4_a,2012,12.718
arm,sex_m,age_ythbands_y25_29,eco_isic4_a,2013,13.876
arm,sex_m,age_ythbands_y25_29,eco_isic4_a,2014,17.61
arm,sex_m,age_ythbands_y25_29,eco_isic4_a,2015,15.116
arm,sex_m,age_ythbands_y25_29,eco_isic4_a,2016,11.348
arm,sex_m,age_ythbands_y25_29,eco_isic4_a,2017,14.451
arm,sex_m,age_ythbands_y25_29,eco_isic4_a,2018,13.667
arm,sex_m,age_ythbands_y25_29,eco_isic4_b,2010,1.696
arm,sex_m,age_ythbands_y25_29,eco_isic4_b,2011,0.971
arm,sex_m,age_ythbands_y25_29,eco_isic4_b,2012,1.562
arm,sex_m,age_ythbands_y25_29,eco_isic4_b,2013,0.9
arm,sex_m,age_ythbands_y25_29,eco_isic4_b,2014,0.828
arm,sex_m,age_ythbands_y25_29,eco_isic4_b,2015,2.075
arm,sex_m,age_ythbands_y25_29,eco_isic4_b,2016,0.996
arm,sex_m,age_ythbands_y25_29,eco_isic4_b,2017,0.994
arm,sex_m,age_ythbands_y25_29,eco_isic4_b,2018,0.83
arm,sex_m,age_ythbands_y25_29,eco_isic4_c,2010,6.163
arm,sex_m,age_ythbands_y25_29,eco_isic4_c,2011,6.838
arm,sex_m,age_ythbands_y25_29,eco_isic4_c,2012,10.474
arm,sex_m,age_ythbands_y25_29,eco_isic4_c,2013,9.264
arm,sex_m,age_ythbands_y25_29,eco_isic4_c,2014,8.548
arm,sex_m,age_ythbands_y25_29,eco_isic4_c,2015,8.551
arm,sex_m,age_ythbands_y25_29,eco_isic4_c,2016,8.841
arm,sex_m,age_ythbands_y25_29,eco_isic4_c,2017,6.817
arm,sex_m,age_ythbands_y25_29,eco_isic4_c,2018,9.306
arm,sex_m,age_ythbands_y25_29,eco_isic4_d,2010,3.464
arm,sex_m,age_ythbands_y25_29,eco_isic4_d,2011,1.956
arm,sex_m,age_ythbands_y25_29,eco_isic4_d,2012,2.388
arm,sex_m,age_ythbands_y25_29,eco_isic4_d,2013,2.345
arm,sex_m,age_ythbands_y25_29,eco_isic4_d,2014,2.717
arm,sex_m,age_ythbands_y25_29,eco_isic4_d,2015,1.616
arm,sex_m,age_ythbands_y25_29,eco_isic4_d,2016,2.992
arm,sex_m,age_ythbands_y25_29,eco_isic4_d,2017,2.441
arm,sex_m,age_ythbands_y25_29,eco_isic4_d,2018,1.171
arm,sex_m,age_ythbands_y25_29,eco_isic4_e,2010,0.774
arm,sex_m,age_ythbands_y25_29,eco_isic4_e,2011,0.73
arm,sex_m,age_ythbands_y25_29,eco_isic4_e,2014,0.206
arm,sex_m,age_ythbands_y25_29,eco_isic4_f,2010,13.084
arm,sex_m,age_ythbands_y25_29,eco_isic4_f,2011,10.962
arm,sex_m,age_ythbands_y25_29,eco_isic4_f,2012,10.78
arm,sex_m,age_ythbands_y25_29,eco_isic4_f,2013,7.77
arm,sex_m,age_ythbands_y25_29,eco_isic4_f,2014,6.65
arm,sex_m,age_ythbands_y25_29,eco_isic4_f,2015,6.786
arm,sex_m,age_ythbands_y25_29,eco_isic4_f,2016,4.178
arm,sex_m,age_ythbands_y25_29,eco_isic4_f,2017,5.138
arm,sex_m,age_ythbands_y25_29,eco_isic4_f,2018,15.112
arm,sex_m,age_ythbands_y25_29,eco_isic4_g,2010,12.52
arm,sex_m,age_ythbands_y25_29,eco_isic4_g,2011,9.65
arm,sex_m,age_ythbands_y25_29,eco_isic4_g,2012,8.007
arm,sex_m,age_ythbands_y25_29,eco_isic4_g,2013,11.552
arm,sex_m,age_ythbands_y25_29,eco_isic4_g,2014,11.444
arm,sex_m,age_ythbands_y25_29,eco_isic4_g,2015,11.529
arm,sex_m,age_ythbands_y25_29,eco_isic4_g,2016,10.88
arm,sex_m,age_ythbands_y25_29,eco_isic4_g,2017,8.057
arm,sex_m,age_ythbands_y25_29,eco_isic4_g,2018,10.925
arm,sex_m,age_ythbands_y25_29,eco_isic4_h,2010,4.963
arm,sex_m,age_ythbands_y25_29,eco_isic4_h,2011,2.941
arm,sex_m,age_ythbands_y25_29,eco_isic4_h,2012,5.3
arm,sex_m,age_ythbands_y25_29,eco_isic4_h,2013,7.329
arm,sex_m,age_ythbands_y25_29,eco_isic4_h,2014,4.689
arm,sex_m,age_ythbands_y25_29,eco_isic4_h,2015,1.863
arm,sex_m,age_ythbands_y25_29,eco_isic4_h,2016,3.366
arm,sex_m,age_ythbands_y25_29,eco_isic4_h,2017,3.032
arm,sex_m,age_ythbands_y25_29,eco_isic4_h,2018,5.176
arm,sex_m,age_ythbands_y25_29,eco_isic4_i,2010,1.062
arm,sex_m,age_ythbands_y25_29,eco_isic4_i,2011,0.907
arm,sex_m,age_ythbands_y25_29,eco_isic4_i,2012,1.158
arm,sex_m,age_ythbands_y25_29,eco_isic4_i,2013,2.158
arm,sex_m,age_ythbands_y25_29,eco_isic4_i,2014,1.632
arm,sex_m,age_ythbands_y25_29,eco_isic4_i,2015,1.845
arm,sex_m,age_ythbands_y25_29,eco_isic4_i,2016,1.707
arm,sex_m,age_ythbands_y25_29,eco_isic4_i,2017,2.444
arm,sex_m,age_ythbands_y25_29,eco_isic4_i,2018,2.269
arm,sex_m,age_ythbands_y25_29,eco_isic4_j,2010,1.673
arm,sex_m,age_ythbands_y25_29,eco_isic4_j,2011,1.213
arm,sex_m,age_ythbands_y25_29,eco_isic4_j,2012,1.9
arm,sex_m,age_ythbands_y25_29,eco_isic4_j,2013,3.364
arm,sex_m,age_ythbands_y25_29,eco_isic4_j,2014,3.197
arm,sex_m,age_ythbands_y25_29,eco_isic4_j,2015,2.431
arm,sex_m,age_ythbands_y25_29,eco_isic4_j,2016,3.119
arm,sex_m,age_ythbands_y25_29,eco_isic4_j,2017,2.542
arm,sex_m,age_ythbands_y25_29,eco_isic4_j,2018,1.792
arm,sex_m,age_ythbands_y25_29,eco_isic4_k,2010,1.337
arm,sex_m,age_ythbands_y25_29,eco_isic4_k,2011,1.327
arm,sex_m,age_ythbands_y25_29,eco_isic4_k,2012,0.705
arm,sex_m,age_ythbands_y25_29,eco_isic4_k,2013,1.738
arm,sex_m,age_ythbands_y25_29,eco_isic4_k,2014,2.093
arm,sex_m,age_ythbands_y25_29,eco_isic4_k,2015,1.212
arm,sex_m,age_ythbands_y25_29,eco_isic4_k,2016,2.254
arm,sex_m,age_ythbands_y25_29,eco_isic4_k,2017,1.454
arm,sex_m,age_ythbands_y25_29,eco_isic4_k,2018,1.139
arm,sex_m,age_ythbands_y25_29,eco_isic4_l,2014,0.216
arm,sex_m,age_ythbands_y25_29,eco_isic4_m,2010,1.706
arm,sex_m,age_ythbands_y25_29,eco_isic4_m,2011,1.23
arm,sex_m,age_ythbands_y25_29,eco_isic4_m,2013,1.448
arm,sex_m,age_ythbands_y25_29,eco_isic4_m,2014,1.452
arm,sex_m,age_ythbands_y25_29,eco_isic4_m,2015,1.313
arm,sex_m,age_ythbands_y25_29,eco_isic4_m,2018,1.267
arm,sex_m,age_ythbands_y25_29,eco_isic4_n,2010,0.735
arm,sex_m,age_ythbands_y25_29,eco_isic4_n,2011,0.945
arm,sex_m,age_ythbands_y25_29,eco_isic4_n,2012,1.025
arm,sex_m,age_ythbands_y25_29,eco_isic4_n,2013,1.405
arm,sex_m,age_ythbands_y25_29,eco_isic4_n,2014,0.632
arm,sex_m,age_ythbands_y25_29,eco_isic4_n,2016,0.639
arm,sex_m,age_ythbands_y25_29,eco_isic4_o,2010,9.987
arm,sex_m,age_ythbands_y25_29,eco_isic4_o,2011,10.449
arm,sex_m,age_ythbands_y25_29,eco_isic4_o,2012,8.637
arm,sex_m,age_ythbands_y25_29,eco_isic4_o,2013,10.509
arm,sex_m,age_ythbands_y25_29,eco_isic4_o,2014,11.783
arm,sex_m,age_ythbands_y25_29,eco_isic4_o,2015,12.054
arm,sex_m,age_ythbands_y25_29,eco_isic4_o,2016,13.349
arm,sex_m,age_ythbands_y25_29,eco_isic4_o,2017,12.776
arm,sex_m,age_ythbands_y25_29,eco_isic4_o,2018,16.645
arm,sex_m,age_ythbands_y25_29,eco_isic4_p,2010,2.82
arm,sex_m,age_ythbands_y25_29,eco_isic4_p,2011,1.684
arm,sex_m,age_ythbands_y25_29,eco_isic4_p,2012,2.522
arm,sex_m,age_ythbands_y25_29,eco_isic4_p,2013,1.528
arm,sex_m,age_ythbands_y25_29,eco_isic4_p,2014,2.189
arm,sex_m,age_ythbands_y25_29,eco_isic4_p,2015,1.133
arm,sex_m,age_ythbands_y25_29,eco_isic4_p,2016,2.058
arm,sex_m,age_ythbands_y25_29,eco_isic4_p,2017,1.437
arm,sex_m,age_ythbands_y25_29,eco_isic4_p,2018,2.224
arm,sex_m,age_ythbands_y25_29,eco_isic4_q,2010,2.108
arm,sex_m,age_ythbands_y25_29,eco_isic4_q,2011,1.92
arm,sex_m,age_ythbands_y25_29,eco_isic4_q,2012,1.251
arm,sex_m,age_ythbands_y25_29,eco_isic4_q,2013,0.946
arm,sex_m,age_ythbands_y25_29,eco_isic4_q,2014,1.42
arm,sex_m,age_ythbands_y25_29,eco_isic4_q,2015,0.592
arm,sex_m,age_ythbands_y25_29,eco_isic4_q,2016,0.562
arm,sex_m,age_ythbands_y25_29,eco_isic4_q,2017,1.102
arm,sex_m,age_ythbands_y25_29,eco_isic4_q,2018,1.377
arm,sex_m,age_ythbands_y25_29,eco_isic4_r,2010,1.747
arm,sex_m,age_ythbands_y25_29,eco_isic4_r,2011,1.077
arm,sex_m,age_ythbands_y25_29,eco_isic4_r,2012,1.981
arm,sex_m,age_ythbands_y25_29,eco_isic4_r,2014,1.406
arm,sex_m,age_ythbands_y25_29,eco_isic4_r,2016,0.903
arm,sex_m,age_ythbands_y25_29,eco_isic4_r,2017,1.278
arm,sex_m,age_ythbands_y25_29,eco_isic4_r,2018,1.373
arm,sex_m,age_ythbands_y25_29,eco_isic4_s,2010,2.071
arm,sex_m,age_ythbands_y25_29,eco_isic4_s,2011,1.578
arm,sex_m,age_ythbands_y25_29,eco_isic4_s,2013,1.176
arm,sex_m,age_ythbands_y25_29,eco_isic4_s,2014,1.286
arm,sex_m,age_ythbands_y25_29,eco_isic4_s,2015,1.574
arm,sex_m,age_ythbands_y25_29,eco_isic4_s,2016,1.707
arm,sex_m,age_ythbands_y25_29,eco_isic4_s,2017,0.662
arm,sex_m,age_ythbands_y25_29,eco_isic4_s,2018,1.189
arm,sex_m,age_ythbands_y25_29,eco_isic4_t,2010,0.781
arm,sex_m,age_ythbands_y25_29,eco_isic4_t,2014,0.071
arm,sex_m,age_ythbands_y25_29,eco_isic4_total,2010,83.159
arm,sex_m,age_ythbands_y25_29,eco_isic4_total,2011,72.004
arm,sex_m,age_ythbands_y25_29,eco_isic4_total,2012,73.195
arm,sex_m,age_ythbands_y25_29,eco_isic4_total,2013,78.226
arm,sex_m,age_ythbands_y25_29,eco_isic4_total,2014,80.214
arm,sex_m,age_ythbands_y25_29,eco_isic4_total,2015,71.073
arm,sex_m,age_ythbands_y25_29,eco_isic4_total,2016,70.276
arm,sex_m,age_ythbands_y25_29,eco_isic4_total,2017,65.744
arm,sex_m,age_ythbands_y25_29,eco_isic4_total,2018,86.525
arm,sex_m,age_ythbands_y25_29,eco_isic4_u,2014,0.148
arm,sex_t,age_ythbands_y15_19,eco_isic3_a,2007,12.669
arm,sex_t,age_ythbands_y15_19,eco_isic3_a,2008,15.584
arm,sex_t,age_ythbands_y15_19,eco_isic3_a,2009,11.47
arm,sex_t,age_ythbands_y15_19,eco_isic3_d,2007,0.841
arm,sex_t,age_ythbands_y15_19,eco_isic3_f,2007,0.854
arm,sex_t,age_ythbands_y15_19,eco_isic3_f,2008,3.176
arm,sex_t,age_ythbands_y15_19,eco_isic3_g,2007,1.949
arm,sex_t,age_ythbands_y15_19,eco_isic3_g,2008,2.394
arm,sex_t,age_ythbands_y15_19,eco_isic3_g,2009,1.126
arm,sex_t,age_ythbands_y15_19,eco_isic3_o,2007,0.964
arm,sex_t,age_ythbands_y15_19,eco_isic3_total,2007,18.167
arm,sex_t,age_ythbands_y15_19,eco_isic3_total,2008,22.839
arm,sex_t,age_ythbands_y15_19,eco_isic3_total,2009,14.441
arm,sex_t,age_ythbands_y15_19,eco_isic4_a,2010,15.046
arm,sex_t,age_ythbands_y15_19,eco_isic4_a,2011,11.784
arm,sex_t,age_ythbands_y15_19,eco_isic4_a,2012,15.255
arm,sex_t,age_ythbands_y15_19,eco_isic4_a,2013,10.77
arm,sex_t,age_ythbands_y15_19,eco_isic4_a,2014,12.368
arm,sex_t,age_ythbands_y15_19,eco_isic4_a,2015,16.789
arm,sex_t,age_ythbands_y15_19,eco_isic4_a,2016,9.993
arm,sex_t,age_ythbands_y15_19,eco_isic4_a,2017,7.877
arm,sex_t,age_ythbands_y15_19,eco_isic4_a,2018,7.858
arm,sex_t,age_ythbands_y15_19,eco_isic4_b,2015,0.5
arm,sex_t,age_ythbands_y15_19,eco_isic4_c,2010,0.901
arm,sex_t,age_ythbands_y15_19,eco_isic4_c,2011,0.92
arm,sex_t,age_ythbands_y15_19,eco_isic4_c,2014,0.355
arm,sex_t,age_ythbands_y15_19,eco_isic4_c,2017,0.44
arm,sex_t,age_ythbands_y15_19,eco_isic4_c,2018,0.619
arm,sex_t,age_ythbands_y15_19,eco_isic4_f,2010,0.886
arm,sex_t,age_ythbands_y15_19,eco_isic4_f,2014,0.355
arm,sex_t,age_ythbands_y15_19,eco_isic4_f,2015,1.356
arm,sex_t,age_ythbands_y15_19,eco_isic4_f,2018,0.426
arm,sex_t,age_ythbands_y15_19,eco_isic4_g,2010,2.113
arm,sex_t,age_ythbands_y15_19,eco_isic4_g,2011,1.624
arm,sex_t,age_ythbands_y15_19,eco_isic4_g,2013,1.544
arm,sex_t,age_ythbands_y15_19,eco_isic4_g,2014,1.383
arm,sex_t,age_ythbands_y15_19,eco_isic4_g,2015,1.651
arm,sex_t,age_ythbands_y15_19,eco_isic4_g,2016,1.916
arm,sex_t,age_ythbands_y15_19,eco_isic4_g,2017,1.154
arm,sex_t,age_ythbands_y15_19,eco_isic4_g,2018,1.652
arm,sex_t,age_ythbands_y15_19,eco_isic4_h,2015,1.166
arm,sex_t,age_ythbands_y15_19,eco_isic4_i,2014,0.371
arm,sex_t,age_ythbands_y15_19,eco_isic4_i,2018,1.297
arm,sex_t,age_ythbands_y15_19,eco_isic4_k,2015,2.318
arm,sex_t,age_ythbands_y15_19,eco_isic4_m,2014,0.032
arm,sex_t,age_ythbands_y15_19,eco_isic4_o,2014,0.322
arm,sex_t,age_ythbands_y15_19,eco_isic4_p,2014,0.231
arm,sex_t,age_ythbands_y15_19,eco_isic4_r,2014,0.145
arm,sex_t,age_ythbands_y15_19,eco_isic4_s,2010,1.056
arm,sex_t,age_ythbands_y15_19,eco_isic4_s,2014,0.206
arm,sex_t,age_ythbands_y15_19,eco_isic4_s,2015,0.458
arm,sex_t,age_ythbands_y15_19,eco_isic4_s,2018,1.233
arm,sex_t,age_ythbands_y15_19,eco_isic4_t,2014,0.105
arm,sex_t,age_ythbands_y15_19,eco_isic4_total,2010,21.313
arm,sex_t,age_ythbands_y15_19,eco_isic4_total,2011,15.692
arm,sex_t,age_ythbands_y15_19,eco_isic4_total,2012,17.872
arm,sex_t,age_ythbands_y15_19,eco_isic4_total,2013,14.067
arm,sex_t,age_ythbands_y15_19,eco_isic4_total,2014,15.872
arm,sex_t,age_ythbands_y15_19,eco_isic4_total,2015,26.446
arm,sex_t,age_ythbands_y15_19,eco_isic4_total,2016,14.127
arm,sex_t,age_ythbands_y15_19,eco_isic4_total,2017,10.903
arm,sex_t,age_ythbands_y15_19,eco_isic4_total,2018,14.023
arm,sex_t,age_ythbands_y15_29,eco_isic3_a,2007,70.139
arm,sex_t,age_ythbands_y15_29,eco_isic3_a,2008,72.968
arm,sex_t,age_ythbands_y15_29,eco_isic3_a,2009,75.29
arm,sex_t,age_ythbands_y15_29,eco_isic3_c,2007,3.508
arm,sex_t,age_ythbands_y15_29,eco_isic3_c,2009,1.05
arm,sex_t,age_ythbands_y15_29,eco_isic3_d,2007,18.386
arm,sex_t,age_ythbands_y15_29,eco_isic3_d,2008,13.869
arm,sex_t,age_ythbands_y15_29,eco_isic3_d,2009,12.298
arm,sex_t,age_ythbands_y15_29,eco_isic3_e,2007,4.735
arm,sex_t,age_ythbands_y15_29,eco_isic3_e,2008,3.089
arm,sex_t,age_ythbands_y15_29,eco_isic3_e,2009,6.527
arm,sex_t,age_ythbands_y15_29,eco_isic3_f,2007,23.18
arm,sex_t,age_ythbands_y15_29,eco_isic3_f,2008,20.714
arm,sex_t,age_ythbands_y15_29,eco_isic3_f,2009,22.514
arm,sex_t,age_ythbands_y15_29,eco_isic3_g,2007,29.624
arm,sex_t,age_ythbands_y15_29,eco_isic3_g,2008,27.813
arm,sex_t,age_ythbands_y15_29,eco_isic3_g,2009,25.658
arm,sex_t,age_ythbands_y15_29,eco_isic3_h,2007,3.397
arm,sex_t,age_ythbands_y15_29,eco_isic3_h,2008,3.161
arm,sex_t,age_ythbands_y15_29,eco_isic3_h,2009,2.926
arm,sex_t,age_ythbands_y15_29,eco_isic3_i,2007,12.848
arm,sex_t,age_ythbands_y15_29,eco_isic3_i,2008,7.16
arm,sex_t,age_ythbands_y15_29,eco_isic3_i,2009,14.274
arm,sex_t,age_ythbands_y15_29,eco_isic3_j,2007,2.996
arm,sex_t,age_ythbands_y15_29,eco_isic3_j,2008,1.898
arm,sex_t,age_ythbands_y15_29,eco_isic3_j,2009,4.517
arm,sex_t,age_ythbands_y15_29,eco_isic3_k,2007,6.478
arm,sex_t,age_ythbands_y15_29,eco_isic3_k,2008,6.147
arm,sex_t,age_ythbands_y15_29,eco_isic3_k,2009,3.669
arm,sex_t,age_ythbands_y15_29,eco_isic3_l,2007,18.39
arm,sex_t,age_ythbands_y15_29,eco_isic3_l,2008,17.339
arm,sex_t,age_ythbands_y15_29,eco_isic3_l,2009,22.003
arm,sex_t,age_ythbands_y15_29,eco_isic3_m,2007,18.078
arm,sex_t,age_ythbands_y15_29,eco_isic3_m,2008,11.94
arm,sex_t,age_ythbands_y15_29,eco_isic3_m,2009,19.183
arm,sex_t,age_ythbands_y15_29,eco_isic3_n,2007,11.112
arm,sex_t,age_ythbands_y15_29,eco_isic3_n,2008,8.367
arm,sex_t,age_ythbands_y15_29,eco_isic3_n,2009,7.934
arm,sex_t,age_ythbands_y15_29,eco_isic3_o,2007,13.187
arm,sex_t,age_ythbands_y15_29,eco_isic3_o,2008,10.028
arm,sex_t,age_ythbands_y15_29,eco_isic3_o,2009,13.384
arm,sex_t,age_ythbands_y15_29,eco_isic3_q,2007,1.272
arm,sex_t,age_ythbands_y15_29,eco_isic3_q,2009,0.764
arm,sex_t,age_ythbands_y15_29,eco_isic3_total,2007,237.806
arm,sex_t,age_ythbands_y15_29,eco_isic3_total,2008,205.76
arm,sex_t,age_ythbands_y15_29,eco_isic3_total,2009,232.321
arm,sex_t,age_ythbands_y15_29,eco_isic4_a,2010,72.5
arm,sex_t,age_ythbands_y15_29,eco_isic4_a,2011,67.17
arm,sex_t,age_ythbands_y15_29,eco_isic4_a,2012,72.142
arm,sex_t,age_ythbands_y15_29,eco_isic4_a,2013,56.268
arm,sex_t,age_ythbands_y15_29,eco_isic4_a,2014,77.233
arm,sex_t,age_ythbands_y15_29,eco_isic4_a,2015,69.899
arm,sex_t,age_ythbands_y15_29,eco_isic4_a,2016,50.351
arm,sex_t,age_ythbands_y15_29,eco_isic4_a,2017,41.67
arm,sex_t,age_ythbands_y15_29,eco_isic4_a,2018,43.264
arm,sex_t,age_ythbands_y15_29,eco_isic4_b,2010,2.912
arm,sex_t,age_ythbands_y15_29,eco_isic4_b,2011,2.273
arm,sex_t,age_ythbands_y15_29,eco_isic4_b,2012,2.164
arm,sex_t,age_ythbands_y15_29,eco_isic4_b,2013,1.604
arm,sex_t,age_ythbands_y15_29,eco_isic4_b,2014,1.49
arm,sex_t,age_ythbands_y15_29,eco_isic4_b,2015,3.34
arm,sex_t,age_ythbands_y15_29,eco_isic4_b,2016,1.098
arm,sex_t,age_ythbands_y15_29,eco_isic4_b,2017,1.275
arm,sex_t,age_ythbands_y15_29,eco_isic4_b,2018,1.207
arm,sex_t,age_ythbands_y15_29,eco_isic4_c,2010,15.876
arm,sex_t,age_ythbands_y15_29,eco_isic4_c,2011,20.346
arm,sex_t,age_ythbands_y15_29,eco_isic4_c,2012,21.038
arm,sex_t,age_ythbands_y15_29,eco_isic4_c,2013,21.06
arm,sex_t,age_ythbands_y15_29,eco_isic4_c,2014,17.294
arm,sex_t,age_ythbands_y15_29,eco_isic4_c,2015,17.735
arm,sex_t,age_ythbands_y15_29,eco_isic4_c,2016,17.46
arm,sex_t,age_ythbands_y15_29,eco_isic4_c,2017,15.367
arm,sex_t,age_ythbands_y15_29,eco_isic4_c,2018,20.46
arm,sex_t,age_ythbands_y15_29,eco_isic4_d,2010,5.467
arm,sex_t,age_ythbands_y15_29,eco_isic4_d,2011,3.876
arm,sex_t,age_ythbands_y15_29,eco_isic4_d,2012,4.953
arm,sex_t,age_ythbands_y15_29,eco_isic4_d,2013,4.093
arm,sex_t,age_ythbands_y15_29,eco_isic4_d,2014,4.175
arm,sex_t,age_ythbands_y15_29,eco_isic4_d,2015,2.977
arm,sex_t,age_ythbands_y15_29,eco_isic4_d,2016,3.542
arm,sex_t,age_ythbands_y15_29,eco_isic4_d,2017,4.479
arm,sex_t,age_ythbands_y15_29,eco_isic4_d,2018,2.23
arm,sex_t,age_ythbands_y15_29,eco_isic4_e,2010,1.99
arm,sex_t,age_ythbands_y15_29,eco_isic4_e,2011,1.91
arm,sex_t,age_ythbands_y15_29,eco_isic4_e,2012,1.018
arm,sex_t,age_ythbands_y15_29,eco_isic4_e,2013,0.989
arm,sex_t,age_ythbands_y15_29,eco_isic4_e,2014,0.662
arm,sex_t,age_ythbands_y15_29,eco_isic4_e,2015,0.813
arm,sex_t,age_ythbands_y15_29,eco_isic4_e,2016,0.551
arm,sex_t,age_ythbands_y15_29,eco_isic4_e,2017,0.527
arm,sex_t,age_ythbands_y15_29,eco_isic4_e,2018,0.973
arm,sex_t,age_ythbands_y15_29,eco_isic4_f,2010,22.273
arm,sex_t,age_ythbands_y15_29,eco_isic4_f,2011,17.965
arm,sex_t,age_ythbands_y15_29,eco_isic4_f,2012,17.734
arm,sex_t,age_ythbands_y15_29,eco_isic4_f,2013,14.72
arm,sex_t,age_ythbands_y15_29,eco_isic4_f,2014,11.846
arm,sex_t,age_ythbands_y15_29,eco_isic4_f,2015,13.879
arm,sex_t,age_ythbands_y15_29,eco_isic4_f,2016,6.289
arm,sex_t,age_ythbands_y15_29,eco_isic4_f,2017,7.961
arm,sex_t,age_ythbands_y15_29,eco_isic4_f,2018,24.078
arm,sex_t,age_ythbands_y15_29,eco_isic4_g,2010,31.65
arm,sex_t,age_ythbands_y15_29,eco_isic4_g,2011,30.827
arm,sex_t,age_ythbands_y15_29,eco_isic4_g,2012,31.688
arm,sex_t,age_ythbands_y15_29,eco_isic4_g,2013,33.503
arm,sex_t,age_ythbands_y15_29,eco_isic4_g,2014,30.785
arm,sex_t,age_ythbands_y15_29,eco_isic4_g,2015,33.087
arm,sex_t,age_ythbands_y15_29,eco_isic4_g,2016,28.748
arm,sex_t,age_ythbands_y15_29,eco_isic4_g,2017,27.345
arm,sex_t,age_ythbands_y15_29,eco_isic4_g,2018,32.905
arm,sex_t,age_ythbands_y15_29,eco_isic4_h,2010,7.787
arm,sex_t,age_ythbands_y15_29,eco_isic4_h,2011,7.528
arm,sex_t,age_ythbands_y15_29,eco_isic4_h,2012,7.826
arm,sex_t,age_ythbands_y15_29,eco_isic4_h,2013,9.421
arm,sex_t,age_ythbands_y15_29,eco_isic4_h,2014,8.667
arm,sex_t,age_ythbands_y15_29,eco_isic4_h,2015,5.261
arm,sex_t,age_ythbands_y15_29,eco_isic4_h,2016,6.64
arm,sex_t,age_ythbands_y15_29,eco_isic4_h,2017,5.522
arm,sex_t,age_ythbands_y15_29,eco_isic4_h,2018,7.375
arm,sex_t,age_ythbands_y15_29,eco_isic4_i,2010,3.072
arm,sex_t,age_ythbands_y15_29,eco_isic4_i,2011,3.514
arm,sex_t,age_ythbands_y15_29,eco_isic4_i,2012,4.035
arm,sex_t,age_ythbands_y15_29,eco_isic4_i,2013,5.191
arm,sex_t,age_ythbands_y15_29,eco_isic4_i,2014,4.659
arm,sex_t,age_ythbands_y15_29,eco_isic4_i,2015,6.819
arm,sex_t,age_ythbands_y15_29,eco_isic4_i,2016,4.936
arm,sex_t,age_ythbands_y15_29,eco_isic4_i,2017,6.853
arm,sex_t,age_ythbands_y15_29,eco_isic4_i,2018,8.057
arm,sex_t,age_ythbands_y15_29,eco_isic4_j,2010,6.929
arm,sex_t,age_ythbands_y15_29,eco_isic4_j,2011,4.909
arm,sex_t,age_ythbands_y15_29,eco_isic4_j,2012,7.678
arm,sex_t,age_ythbands_y15_29,eco_isic4_j,2013,8.748
arm,sex_t,age_ythbands_y15_29,eco_isic4_j,2014,8.716
arm,sex_t,age_ythbands_y15_29,eco_isic4_j,2015,6.241
arm,sex_t,age_ythbands_y15_29,eco_isic4_j,2016,8.007
arm,sex_t,age_ythbands_y15_29,eco_isic4_j,2017,6.342
arm,sex_t,age_ythbands_y15_29,eco_isic4_j,2018,10.016
arm,sex_t,age_ythbands_y15_29,eco_isic4_k,2010,6.718
arm,sex_t,age_ythbands_y15_29,eco_isic4_k,2011,3.676
arm,sex_t,age_ythbands_y15_29,eco_isic4_k,2012,4.842
arm,sex_t,age_ythbands_y15_29,eco_isic4_k,2013,7.655
arm,sex_t,age_ythbands_y15_29,eco_isic4_k,2014,7.431
arm,sex_t,age_ythbands_y15_29,eco_isic4_k,2015,7.989
arm,sex_t,age_ythbands_y15_29,eco_isic4_k,2016,5.906
arm,sex_t,age_ythbands_y15_29,eco_isic4_k,2017,5.5
arm,sex_t,age_ythbands_y15_29,eco_isic4_k,2018,5.182
arm,sex_t,age_ythbands_y15_29,eco_isic4_l,2010,1.364
arm,sex_t,age_ythbands_y15_29,eco_isic4_l,2011,0.846
arm,sex_t,age_ythbands_y15_29,eco_isic4_l,2014,0.591
arm,sex_t,age_ythbands_y15_29,eco_isic4_m,2010,4.247
arm,sex_t,age_ythbands_y15_29,eco_isic4_m,2011,4.785
arm,sex_t,age_ythbands_y15_29,eco_isic4_m,2012,3.607
arm,sex_t,age_ythbands_y15_29,eco_isic4_m,2013,5.376
arm,sex_t,age_ythbands_y15_29,eco_isic4_m,2014,4.476
arm,sex_t,age_ythbands_y15_29,eco_isic4_m,2015,4.468
arm,sex_t,age_ythbands_y15_29,eco_isic4_m,2016,2.356
arm,sex_t,age_ythbands_y15_29,eco_isic4_m,2017,2.602
arm,sex_t,age_ythbands_y15_29,eco_isic4_m,2018,4.618
arm,sex_t,age_ythbands_y15_29,eco_isic4_n,2010,2.954
arm,sex_t,age_ythbands_y15_29,eco_isic4_n,2011,2.85
arm,sex_t,age_ythbands_y15_29,eco_isic4_n,2012,1.804
arm,sex_t,age_ythbands_y15_29,eco_isic4_n,2013,2.69
arm,sex_t,age_ythbands_y15_29,eco_isic4_n,2014,2.286
arm,sex_t,age_ythbands_y15_29,eco_isic4_n,2015,1.159
arm,sex_t,age_ythbands_y15_29,eco_isic4_n,2016,1.555
arm,sex_t,age_ythbands_y15_29,eco_isic4_n,2017,1.185
arm,sex_t,age_ythbands_y15_29,eco_isic4_n,2018,0.921
arm,sex_t,age_ythbands_y15_29,eco_isic4_o,2010,18.632
arm,sex_t,age_ythbands_y15_29,eco_isic4_o,2011,22.515
arm,sex_t,age_ythbands_y15_29,eco_isic4_o,2012,18.605
arm,sex_t,age_ythbands_y15_29,eco_isic4_o,2013,24
arm,sex_t,age_ythbands_y15_29,eco_isic4_o,2014,24.55
arm,sex_t,age_ythbands_y15_29,eco_isic4_o,2015,23.678
arm,sex_t,age_ythbands_y15_29,eco_isic4_o,2016,22.716
arm,sex_t,age_ythbands_y15_29,eco_isic4_o,2017,23.707
arm,sex_t,age_ythbands_y15_29,eco_isic4_o,2018,25.577
arm,sex_t,age_ythbands_y15_29,eco_isic4_p,2010,17.739
arm,sex_t,age_ythbands_y15_29,eco_isic4_p,2011,17.638
arm,sex_t,age_ythbands_y15_29,eco_isic4_p,2012,17.451
arm,sex_t,age_ythbands_y15_29,eco_isic4_p,2013,14.55
arm,sex_t,age_ythbands_y15_29,eco_isic4_p,2014,13.135
arm,sex_t,age_ythbands_y15_29,eco_isic4_p,2015,14.591
arm,sex_t,age_ythbands_y15_29,eco_isic4_p,2016,13.569
arm,sex_t,age_ythbands_y15_29,eco_isic4_p,2017,14.543
arm,sex_t,age_ythbands_y15_29,eco_isic4_p,2018,14.46
arm,sex_t,age_ythbands_y15_29,eco_isic4_q,2010,10.395
arm,sex_t,age_ythbands_y15_29,eco_isic4_q,2011,9.672
arm,sex_t,age_ythbands_y15_29,eco_isic4_q,2012,8.25
arm,sex_t,age_ythbands_y15_29,eco_isic4_q,2013,7.708
arm,sex_t,age_ythbands_y15_29,eco_isic4_q,2014,5.509
arm,sex_t,age_ythbands_y15_29,eco_isic4_q,2015,6.796
arm,sex_t,age_ythbands_y15_29,eco_isic4_q,2016,6.387
arm,sex_t,age_ythbands_y15_29,eco_isic4_q,2017,6.538
arm,sex_t,age_ythbands_y15_29,eco_isic4_q,2018,6.22
arm,sex_t,age_ythbands_y15_29,eco_isic4_r,2010,6.538
arm,sex_t,age_ythbands_y15_29,eco_isic4_r,2011,4.937
arm,sex_t,age_ythbands_y15_29,eco_isic4_r,2012,5.211
arm,sex_t,age_ythbands_y15_29,eco_isic4_r,2013,2.391
arm,sex_t,age_ythbands_y15_29,eco_isic4_r,2014,4.911
arm,sex_t,age_ythbands_y15_29,eco_isic4_r,2015,1.646
arm,sex_t,age_ythbands_y15_29,eco_isic4_r,2016,4.104
arm,sex_t,age_ythbands_y15_29,eco_isic4_r,2017,4.651
arm,sex_t,age_ythbands_y15_29,eco_isic4_r,2018,5.469
arm,sex_t,age_ythbands_y15_29,eco_isic4_s,2010,8.044
arm,sex_t,age_ythbands_y15_29,eco_isic4_s,2011,7.239
arm,sex_t,age_ythbands_y15_29,eco_isic4_s,2012,4.353
arm,sex_t,age_ythbands_y15_29,eco_isic4_s,2013,4.88
arm,sex_t,age_ythbands_y15_29,eco_isic4_s,2014,6.832
arm,sex_t,age_ythbands_y15_29,eco_isic4_s,2015,5.117
arm,sex_t,age_ythbands_y15_29,eco_isic4_s,2016,5.174
arm,sex_t,age_ythbands_y15_29,eco_isic4_s,2017,4.491
arm,sex_t,age_ythbands_y15_29,eco_isic4_s,2018,5.495
arm,sex_t,age_ythbands_y15_29,eco_isic4_t,2010,0.93
arm,sex_t,age_ythbands_y15_29,eco_isic4_t,2012,0.622
arm,sex_t,age_ythbands_y15_29,eco_isic4_t,2014,0.74
arm,sex_t,age_ythbands_y15_29,eco_isic4_t,2015,0.558
arm,sex_t,age_ythbands_y15_29,eco_isic4_t,2016,0.673
arm,sex_t,age_ythbands_y15_29,eco_isic4_t,2017,1.111
arm,sex_t,age_ythbands_y15_29,eco_isic4_t,2018,0.843
arm,sex_t,age_ythbands_y15_29,eco_isic4_total,2010,248.296
arm,sex_t,age_ythbands_y15_29,eco_isic4_total,2011,235.7
arm,sex_t,age_ythbands_y15_29,eco_isic4_total,2012,237.16
arm,sex_t,age_ythbands_y15_29,eco_isic4_total,2013,227.48
arm,sex_t,age_ythbands_y15_29,eco_isic4_total,2014,236.237
arm,sex_t,age_ythbands_y15_29,eco_isic4_total,2015,227.226
arm,sex_t,age_ythbands_y15_29,eco_isic4_total,2016,191.031
arm,sex_t,age_ythbands_y15_29,eco_isic4_total,2017,182.889
arm,sex_t,age_ythbands_y15_29,eco_isic4_total,2018,219.805
arm,sex_t,age_ythbands_y15_29,eco_isic4_u,2011,0.76
arm,sex_t,age_ythbands_y15_29,eco_isic4_u,2012,1.621
arm,sex_t,age_ythbands_y15_29,eco_isic4_u,2013,1.533
arm,sex_t,age_ythbands_y15_29,eco_isic4_u,2014,0.25
arm,sex_t,age_ythbands_y15_29,eco_isic4_u,2016,0.567
arm,sex_t,age_ythbands_y20_24,eco_isic3_a,2007,27.899
arm,sex_t,age_ythbands_y20_24,eco_isic3_a,2008,34.807
arm,sex_t,age_ythbands_y20_24,eco_isic3_a,2009,29.786
arm,sex_t,age_ythbands_y20_24,eco_isic3_c,2007,2.339
arm,sex_t,age_ythbands_y20_24,eco_isic3_c,2009,0.286
arm,sex_t,age_ythbands_y20_24,eco_isic3_d,2007,7.155
arm,sex_t,age_ythbands_y20_24,eco_isic3_d,2008,5.524
arm,sex_t,age_ythbands_y20_24,eco_isic3_d,2009,4.326
arm,sex_t,age_ythbands_y20_24,eco_isic3_e,2007,2.1
arm,sex_t,age_ythbands_y20_24,eco_isic3_e,2009,2.148
arm,sex_t,age_ythbands_y20_24,eco_isic3_f,2007,9.753
arm,sex_t,age_ythbands_y20_24,eco_isic3_f,2008,6.934
arm,sex_t,age_ythbands_y20_24,eco_isic3_f,2009,10.159
arm,sex_t,age_ythbands_y20_24,eco_isic3_g,2007,12.746
arm,sex_t,age_ythbands_y20_24,eco_isic3_g,2008,9.646
arm,sex_t,age_ythbands_y20_24,eco_isic3_g,2009,11.992
arm,sex_t,age_ythbands_y20_24,eco_isic3_h,2007,1.386
arm,sex_t,age_ythbands_y20_24,eco_isic3_h,2008,1.242
arm,sex_t,age_ythbands_y20_24,eco_isic3_h,2009,0.777
arm,sex_t,age_ythbands_y20_24,eco_isic3_i,2007,3.988
arm,sex_t,age_ythbands_y20_24,eco_isic3_i,2008,1.86
arm,sex_t,age_ythbands_y20_24,eco_isic3_i,2009,4.604
arm,sex_t,age_ythbands_y20_24,eco_isic3_j,2007,1.122
arm,sex_t,age_ythbands_y20_24,eco_isic3_j,2009,2.109
arm,sex_t,age_ythbands_y20_24,eco_isic3_k,2007,2.867
arm,sex_t,age_ythbands_y20_24,eco_isic3_k,2008,2.387
arm,sex_t,age_ythbands_y20_24,eco_isic3_k,2009,1.833
arm,sex_t,age_ythbands_y20_24,eco_isic3_l,2007,7.086
arm,sex_t,age_ythbands_y20_24,eco_isic3_l,2008,7.942
arm,sex_t,age_ythbands_y20_24,eco_isic3_l,2009,8.231
arm,sex_t,age_ythbands_y20_24,eco_isic3_m,2007,6.057
arm,sex_t,age_ythbands_y20_24,eco_isic3_m,2008,3.155
arm,sex_t,age_ythbands_y20_24,eco_isic3_m,2009,6.911
arm,sex_t,age_ythbands_y20_24,eco_isic3_n,2007,4.469
arm,sex_t,age_ythbands_y20_24,eco_isic3_n,2008,2.73
arm,sex_t,age_ythbands_y20_24,eco_isic3_n,2009,4.079
arm,sex_t,age_ythbands_y20_24,eco_isic3_o,2007,5.189
arm,sex_t,age_ythbands_y20_24,eco_isic3_o,2008,5.002
arm,sex_t,age_ythbands_y20_24,eco_isic3_o,2009,6.898
arm,sex_t,age_ythbands_y20_24,eco_isic3_total,2007,95.111
arm,sex_t,age_ythbands_y20_24,eco_isic3_total,2008,83.058
arm,sex_t,age_ythbands_y20_24,eco_isic3_total,2009,94.713
arm,sex_t,age_ythbands_y20_24,eco_isic4_a,2010,30.224
arm,sex_t,age_ythbands_y20_24,eco_isic4_a,2011,26.713
arm,sex_t,age_ythbands_y20_24,eco_isic4_a,2012,31.386
arm,sex_t,age_ythbands_y20_24,eco_isic4_a,2013,18.397
arm,sex_t,age_ythbands_y20_24,eco_isic4_a,2014,32.303
arm,sex_t,age_ythbands_y20_24,eco_isic4_a,2015,24.763
arm,sex_t,age_ythbands_y20_24,eco_isic4_a,2016,19.537
arm,sex_t,age_ythbands_y20_24,eco_isic4_a,2017,12.996
arm,sex_t,age_ythbands_y20_24,eco_isic4_a,2018,15.301
arm,sex_t,age_ythbands_y20_24,eco_isic4_b,2010,1.131
arm,sex_t,age_ythbands_y20_24,eco_isic4_b,2011,1.165
arm,sex_t,age_ythbands_y20_24,eco_isic4_b,2014,0.454
arm,sex_t,age_ythbands_y20_24,eco_isic4_b,2015,0.657
arm,sex_t,age_ythbands_y20_24,eco_isic4_b,2018,0.3
arm,sex_t,age_ythbands_y20_24,eco_isic4_c,2010,6.481
arm,sex_t,age_ythbands_y20_24,eco_isic4_c,2011,10.332
arm,sex_t,age_ythbands_y20_24,eco_isic4_c,2012,7.275
arm,sex_t,age_ythbands_y20_24,eco_isic4_c,2013,8.865
arm,sex_t,age_ythbands_y20_24,eco_isic4_c,2014,6.814
arm,sex_t,age_ythbands_y20_24,eco_isic4_c,2015,6.761
arm,sex_t,age_ythbands_y20_24,eco_isic4_c,2016,6.101
arm,sex_t,age_ythbands_y20_24,eco_isic4_c,2017,5.641
arm,sex_t,age_ythbands_y20_24,eco_isic4_c,2018,7.408
arm,sex_t,age_ythbands_y20_24,eco_isic4_d,2010,1.637
arm,sex_t,age_ythbands_y20_24,eco_isic4_d,2011,1.21
arm,sex_t,age_ythbands_y20_24,eco_isic4_d,2012,1.601
arm,sex_t,age_ythbands_y20_24,eco_isic4_d,2013,1.105
arm,sex_t,age_ythbands_y20_24,eco_isic4_d,2014,1.245
arm,sex_t,age_ythbands_y20_24,eco_isic4_d,2015,1.362
arm,sex_t,age_ythbands_y20_24,eco_isic4_d,2017,1.631
arm,sex_t,age_ythbands_y20_24,eco_isic4_d,2018,1.032
arm,sex_t,age_ythbands_y20_24,eco_isic4_e,2010,0.753
arm,sex_t,age_ythbands_y20_24,eco_isic4_e,2011,0.963
arm,sex_t,age_ythbands_y20_24,eco_isic4_e,2014,0.299
arm,sex_t,age_ythbands_y20_24,eco_isic4_f,2010,8.25
arm,sex_t,age_ythbands_y20_24,eco_isic4_f,2011,6.493
arm,sex_t,age_ythbands_y20_24,eco_isic4_f,2012,5.925
arm,sex_t,age_ythbands_y20_24,eco_isic4_f,2013,6.179
arm,sex_t,age_ythbands_y20_24,eco_isic4_f,2014,4.389
arm,sex_t,age_ythbands_y20_24,eco_isic4_f,2015,5.155
arm,sex_t,age_ythbands_y20_24,eco_isic4_f,2016,2.001
arm,sex_t,age_ythbands_y20_24,eco_isic4_f,2017,2.502
arm,sex_t,age_ythbands_y20_24,eco_isic4_f,2018,8.54
arm,sex_t,age_ythbands_y20_24,eco_isic4_g,2010,12.036
arm,sex_t,age_ythbands_y20_24,eco_isic4_g,2011,12.613
arm,sex_t,age_ythbands_y20_24,eco_isic4_g,2012,14.814
arm,sex_t,age_ythbands_y20_24,eco_isic4_g,2013,12.131
arm,sex_t,age_ythbands_y20_24,eco_isic4_g,2014,11.717
arm,sex_t,age_ythbands_y20_24,eco_isic4_g,2015,12.307
arm,sex_t,age_ythbands_y20_24,eco_isic4_g,2016,9.823
arm,sex_t,age_ythbands_y20_24,eco_isic4_g,2017,10.251
arm,sex_t,age_ythbands_y20_24,eco_isic4_g,2018,14.566
arm,sex_t,age_ythbands_y20_24,eco_isic4_h,2010,2.286
arm,sex_t,age_ythbands_y20_24,eco_isic4_h,2011,3.41
arm,sex_t,age_ythbands_y20_24,eco_isic4_h,2012,1.887
arm,sex_t,age_ythbands_y20_24,eco_isic4_h,2013,1.477
arm,sex_t,age_ythbands_y20_24,eco_isic4_h,2014,2.99
arm,sex_t,age_ythbands_y20_24,eco_isic4_h,2015,1.636
arm,sex_t,age_ythbands_y20_24,eco_isic4_h,2016,2.149
arm,sex_t,age_ythbands_y20_24,eco_isic4_h,2017,1.547
arm,sex_t,age_ythbands_y20_24,eco_isic4_h,2018,1.119
arm,sex_t,age_ythbands_y20_24,eco_isic4_i,2010,1.896
arm,sex_t,age_ythbands_y20_24,eco_isic4_i,2011,2.157
arm,sex_t,age_ythbands_y20_24,eco_isic4_i,2012,2.097
arm,sex_t,age_ythbands_y20_24,eco_isic4_i,2013,2.49
arm,sex_t,age_ythbands_y20_24,eco_isic4_i,2014,1.294
arm,sex_t,age_ythbands_y20_24,eco_isic4_i,2015,3.625
arm,sex_t,age_ythbands_y20_24,eco_isic4_i,2016,2.154
arm,sex_t,age_ythbands_y20_24,eco_isic4_i,2017,3.454
arm,sex_t,age_ythbands_y20_24,eco_isic4_i,2018,3.679
arm,sex_t,age_ythbands_y20_24,eco_isic4_j,2010,4.803
arm,sex_t,age_ythbands_y20_24,eco_isic4_j,2011,1.721
arm,sex_t,age_ythbands_y20_24,eco_isic4_j,2012,3.227
arm,sex_t,age_ythbands_y20_24,eco_isic4_j,2013,4.91
arm,sex_t,age_ythbands_y20_24,eco_isic4_j,2014,2.951
arm,sex_t,age_ythbands_y20_24,eco_isic4_j,2015,2.491
arm,sex_t,age_ythbands_y20_24,eco_isic4_j,2016,2.585
arm,sex_t,age_ythbands_y20_24,eco_isic4_j,2017,2.269
arm,sex_t,age_ythbands_y20_24,eco_isic4_j,2018,5.471
arm,sex_t,age_ythbands_y20_24,eco_isic4_k,2010,3.518
arm,sex_t,age_ythbands_y20_24,eco_isic4_k,2011,1.181
arm,sex_t,age_ythbands_y20_24,eco_isic4_k,2012,2.167
arm,sex_t,age_ythbands_y20_24,eco_isic4_k,2013,3.093
arm,sex_t,age_ythbands_y20_24,eco_isic4_k,2014,3.037
arm,sex_t,age_ythbands_y20_24,eco_isic4_k,2015,2.249
arm,sex_t,age_ythbands_y20_24,eco_isic4_k,2016,0.999
arm,sex_t,age_ythbands_y20_24,eco_isic4_k,2017,1.531
arm,sex_t,age_ythbands_y20_24,eco_isic4_k,2018,0.751
arm,sex_t,age_ythbands_y20_24,eco_isic4_l,2010,0.689
arm,sex_t,age_ythbands_y20_24,eco_isic4_l,2014,0.159
arm,sex_t,age_ythbands_y20_24,eco_isic4_m,2010,1.756
arm,sex_t,age_ythbands_y20_24,eco_isic4_m,2011,2.469
arm,sex_t,age_ythbands_y20_24,eco_isic4_m,2013,2.221
arm,sex_t,age_ythbands_y20_24,eco_isic4_m,2014,1.052
arm,sex_t,age_ythbands_y20_24,eco_isic4_m,2015,1.357
arm,sex_t,age_ythbands_y20_24,eco_isic4_m,2017,0.895
arm,sex_t,age_ythbands_y20_24,eco_isic4_m,2018,1.247
arm,sex_t,age_ythbands_y20_24,eco_isic4_n,2010,1.641
arm,sex_t,age_ythbands_y20_24,eco_isic4_n,2011,1.6
arm,sex_t,age_ythbands_y20_24,eco_isic4_n,2012,0.473
arm,sex_t,age_ythbands_y20_24,eco_isic4_n,2013,0.857
arm,sex_t,age_ythbands_y20_24,eco_isic4_n,2014,0.834
arm,sex_t,age_ythbands_y20_24,eco_isic4_n,2016,0.76
arm,sex_t,age_ythbands_y20_24,eco_isic4_o,2010,5.707
arm,sex_t,age_ythbands_y20_24,eco_isic4_o,2011,8.988
arm,sex_t,age_ythbands_y20_24,eco_isic4_o,2012,7.454
arm,sex_t,age_ythbands_y20_24,eco_isic4_o,2013,11.56
arm,sex_t,age_ythbands_y20_24,eco_isic4_o,2014,8.865
arm,sex_t,age_ythbands_y20_24,eco_isic4_o,2015,8.744
arm,sex_t,age_ythbands_y20_24,eco_isic4_o,2016,7.663
arm,sex_t,age_ythbands_y20_24,eco_isic4_o,2017,9.13
arm,sex_t,age_ythbands_y20_24,eco_isic4_o,2018,7.075
arm,sex_t,age_ythbands_y20_24,eco_isic4_p,2010,7.602
arm,sex_t,age_ythbands_y20_24,eco_isic4_p,2011,6.225
arm,sex_t,age_ythbands_y20_24,eco_isic4_p,2012,4.072
arm,sex_t,age_ythbands_y20_24,eco_isic4_p,2013,5.16
arm,sex_t,age_ythbands_y20_24,eco_isic4_p,2014,3.451
arm,sex_t,age_ythbands_y20_24,eco_isic4_p,2015,5.016
arm,sex_t,age_ythbands_y20_24,eco_isic4_p,2016,4.098
arm,sex_t,age_ythbands_y20_24,eco_isic4_p,2017,3.97
arm,sex_t,age_ythbands_y20_24,eco_isic4_p,2018,3.293
arm,sex_t,age_ythbands_y20_24,eco_isic4_q,2010,3.135
arm,sex_t,age_ythbands_y20_24,eco_isic4_q,2011,3.039
arm,sex_t,age_ythbands_y20_24,eco_isic4_q,2012,4.049
arm,sex_t,age_ythbands_y20_24,eco_isic4_q,2013,2.961
arm,sex_t,age_ythbands_y20_24,eco_isic4_q,2014,2.229
arm,sex_t,age_ythbands_y20_24,eco_isic4_q,2015,2.673
arm,sex_t,age_ythbands_y20_24,eco_isic4_q,2016,2.333
arm,sex_t,age_ythbands_y20_24,eco_isic4_q,2017,2.197
arm,sex_t,age_ythbands_y20_24,eco_isic4_q,2018,1.751
arm,sex_t,age_ythbands_y20_24,eco_isic4_r,2010,2.076
arm,sex_t,age_ythbands_y20_24,eco_isic4_r,2011,2.303
arm,sex_t,age_ythbands_y20_24,eco_isic4_r,2012,2.078
arm,sex_t,age_ythbands_y20_24,eco_isic4_r,2013,1.264
arm,sex_t,age_ythbands_y20_24,eco_isic4_r,2014,2.258
arm,sex_t,age_ythbands_y20_24,eco_isic4_r,2016,1.979
arm,sex_t,age_ythbands_y20_24,eco_isic4_r,2017,1.922
arm,sex_t,age_ythbands_y20_24,eco_isic4_r,2018,1.591
arm,sex_t,age_ythbands_y20_24,eco_isic4_s,2010,3.251
arm,sex_t,age_ythbands_y20_24,eco_isic4_s,2011,4.112
arm,sex_t,age_ythbands_y20_24,eco_isic4_s,2012,2.235
arm,sex_t,age_ythbands_y20_24,eco_isic4_s,2013,1.856
arm,sex_t,age_ythbands_y20_24,eco_isic4_s,2014,2.017
arm,sex_t,age_ythbands_y20_24,eco_isic4_s,2015,2.042
arm,sex_t,age_ythbands_y20_24,eco_isic4_s,2016,1.833
arm,sex_t,age_ythbands_y20_24,eco_isic4_s,2017,1.681
arm,sex_t,age_ythbands_y20_24,eco_isic4_s,2018,1.93
arm,sex_t,age_ythbands_y20_24,eco_isic4_t,2010,0.111
arm,sex_t,age_ythbands_y20_24,eco_isic4_t,2014,0.488
arm,sex_t,age_ythbands_y20_24,eco_isic4_t,2017,0.853
arm,sex_t,age_ythbands_y20_24,eco_isic4_total,2010,99.172
arm,sex_t,age_ythbands_y20_24,eco_isic4_total,2011,97.303
arm,sex_t,age_ythbands_y20_24,eco_isic4_total,2012,93.652
arm,sex_t,age_ythbands_y20_24,eco_isic4_total,2013,87.142
arm,sex_t,age_ythbands_y20_24,eco_isic4_total,2014,88.903
arm,sex_t,age_ythbands_y20_24,eco_isic4_total,2015,82.217
arm,sex_t,age_ythbands_y20_24,eco_isic4_total,2016,65.053
arm,sex_t,age_ythbands_y20_24,eco_isic4_total,2017,63.936
arm,sex_t,age_ythbands_y20_24,eco_isic4_total,2018,76.15
arm,sex_t,age_ythbands_y20_24,eco_isic4_u,2013,0.925
arm,sex_t,age_ythbands_y20_24,eco_isic4_u,2014,0.059
arm,sex_t,age_ythbands_y25_29,eco_isic3_a,2007,29.572
arm,sex_t,age_ythbands_y25_29,eco_isic3_a,2008,22.578
arm,sex_t,age_ythbands_y25_29,eco_isic3_a,2009,34.034
arm,sex_t,age_ythbands_y25_29,eco_isic3_c,2007,1.169
arm,sex_t,age_ythbands_y25_29,eco_isic3_c,2009,0.75
arm,sex_t,age_ythbands_y25_29,eco_isic3_d,2007,10.389
arm,sex_t,age_ythbands_y25_29,eco_isic3_d,2008,8.105
arm,sex_t,age_ythbands_y25_29,eco_isic3_d,2009,7.709
arm,sex_t,age_ythbands_y25_29,eco_isic3_e,2007,2.635
arm,sex_t,age_ythbands_y25_29,eco_isic3_e,2008,2.719
arm,sex_t,age_ythbands_y25_29,eco_isic3_e,2009,4.379
arm,sex_t,age_ythbands_y25_29,eco_isic3_f,2007,12.573
arm,sex_t,age_ythbands_y25_29,eco_isic3_f,2008,10.605
arm,sex_t,age_ythbands_y25_29,eco_isic3_f,2009,12.052
arm,sex_t,age_ythbands_y25_29,eco_isic3_g,2007,14.929
arm,sex_t,age_ythbands_y25_29,eco_isic3_g,2008,15.774
arm,sex_t,age_ythbands_y25_29,eco_isic3_g,2009,12.54
arm,sex_t,age_ythbands_y25_29,eco_isic3_h,2007,1.821
arm,sex_t,age_ythbands_y25_29,eco_isic3_h,2008,1.918
arm,sex_t,age_ythbands_y25_29,eco_isic3_h,2009,2.149
arm,sex_t,age_ythbands_y25_29,eco_isic3_i,2007,8.226
arm,sex_t,age_ythbands_y25_29,eco_isic3_i,2008,5.299
arm,sex_t,age_ythbands_y25_29,eco_isic3_i,2009,9.48
arm,sex_t,age_ythbands_y25_29,eco_isic3_j,2007,1.874
arm,sex_t,age_ythbands_y25_29,eco_isic3_j,2009,2.408
arm,sex_t,age_ythbands_y25_29,eco_isic3_k,2007,3.611
arm,sex_t,age_ythbands_y25_29,eco_isic3_k,2008,3.76
arm,sex_t,age_ythbands_y25_29,eco_isic3_k,2009,1.818
arm,sex_t,age_ythbands_y25_29,eco_isic3_l,2007,11.237
arm,sex_t,age_ythbands_y25_29,eco_isic3_l,2008,9.397
arm,sex_t,age_ythbands_y25_29,eco_isic3_l,2009,13.414
arm,sex_t,age_ythbands_y25_29,eco_isic3_m,2007,12.021
arm,sex_t,age_ythbands_y25_29,eco_isic3_m,2008,8.785
arm,sex_t,age_ythbands_y25_29,eco_isic3_m,2009,12.145
arm,sex_t,age_ythbands_y25_29,eco_isic3_n,2007,6.643
arm,sex_t,age_ythbands_y25_29,eco_isic3_n,2008,5.104
arm,sex_t,age_ythbands_y25_29,eco_isic3_n,2009,3.451
arm,sex_t,age_ythbands_y25_29,eco_isic3_o,2007,7.034
arm,sex_t,age_ythbands_y25_29,eco_isic3_o,2008,4.113
arm,sex_t,age_ythbands_y25_29,eco_isic3_o,2009,6.319
arm,sex_t,age_ythbands_y25_29,eco_isic3_q,2007,0.526
arm,sex_t,age_ythbands_y25_29,eco_isic3_total,2007,124.527
arm,sex_t,age_ythbands_y25_29,eco_isic3_total,2008,99.863
arm,sex_t,age_ythbands_y25_29,eco_isic3_total,2009,123.166
arm,sex_t,age_ythbands_y25_29,eco_isic4_a,2010,27.23
arm,sex_t,age_ythbands_y25_29,eco_isic4_a,2011,28.673
arm,sex_t,age_ythbands_y25_29,eco_isic4_a,2012,25.501
arm,sex_t,age_ythbands_y25_29,eco_isic4_a,2013,27.101
arm,sex_t,age_ythbands_y25_29,eco_isic4_a,2014,32.562
arm,sex_t,age_ythbands_y25_29,eco_isic4_a,2015,28.346
arm,sex_t,age_ythbands_y25_29,eco_isic4_a,2016,20.82
arm,sex_t,age_ythbands_y25_29,eco_isic4_a,2017,20.797
arm,sex_t,age_ythbands_y25_29,eco_isic4_a,2018,20.105
arm,sex_t,age_ythbands_y25_29,eco_isic4_b,2010,1.781
arm,sex_t,age_ythbands_y25_29,eco_isic4_b,2011,1.078
arm,sex_t,age_ythbands_y25_29,eco_isic4_b,2012,1.677
arm,sex_t,age_ythbands_y25_29,eco_isic4_b,2013,1.079
arm,sex_t,age_ythbands_y25_29,eco_isic4_b,2014,1.036
arm,sex_t,age_ythbands_y25_29,eco_isic4_b,2015,2.184
arm,sex_t,age_ythbands_y25_29,eco_isic4_b,2016,0.996
arm,sex_t,age_ythbands_y25_29,eco_isic4_b,2017,1.117
arm,sex_t,age_ythbands_y25_29,eco_isic4_b,2018,0.86
arm,sex_t,age_ythbands_y25_29,eco_isic4_c,2010,8.495
arm,sex_t,age_ythbands_y25_29,eco_isic4_c,2011,9.093
arm,sex_t,age_ythbands_y25_29,eco_isic4_c,2012,13.202
arm,sex_t,age_ythbands_y25_29,eco_isic4_c,2013,11.904
arm,sex_t,age_ythbands_y25_29,eco_isic4_c,2014,10.126
arm,sex_t,age_ythbands_y25_29,eco_isic4_c,2015,10.56
arm,sex_t,age_ythbands_y25_29,eco_isic4_c,2016,11.022
arm,sex_t,age_ythbands_y25_29,eco_isic4_c,2017,9.286
arm,sex_t,age_ythbands_y25_29,eco_isic4_c,2018,12.433
arm,sex_t,age_ythbands_y25_29,eco_isic4_d,2010,3.687
arm,sex_t,age_ythbands_y25_29,eco_isic4_d,2011,2.666
arm,sex_t,age_ythbands_y25_29,eco_isic4_d,2012,3.352
arm,sex_t,age_ythbands_y25_29,eco_isic4_d,2013,2.721
arm,sex_t,age_ythbands_y25_29,eco_isic4_d,2014,2.929
arm,sex_t,age_ythbands_y25_29,eco_isic4_d,2015,1.616
arm,sex_t,age_ythbands_y25_29,eco_isic4_d,2016,3.43
arm,sex_t,age_ythbands_y25_29,eco_isic4_d,2017,2.848
arm,sex_t,age_ythbands_y25_29,eco_isic4_d,2018,1.198
arm,sex_t,age_ythbands_y25_29,eco_isic4_e,2010,1.238
arm,sex_t,age_ythbands_y25_29,eco_isic4_e,2011,0.947
arm,sex_t,age_ythbands_y25_29,eco_isic4_e,2012,0.604
arm,sex_t,age_ythbands_y25_29,eco_isic4_e,2014,0.363
arm,sex_t,age_ythbands_y25_29,eco_isic4_e,2015,0.682
arm,sex_t,age_ythbands_y25_29,eco_isic4_e,2016,0.443
arm,sex_t,age_ythbands_y25_29,eco_isic4_f,2010,13.137
arm,sex_t,age_ythbands_y25_29,eco_isic4_f,2011,11.104
arm,sex_t,age_ythbands_y25_29,eco_isic4_f,2012,11.414
arm,sex_t,age_ythbands_y25_29,eco_isic4_f,2013,8.268
arm,sex_t,age_ythbands_y25_29,eco_isic4_f,2014,7.103
arm,sex_t,age_ythbands_y25_29,eco_isic4_f,2015,7.368
arm,sex_t,age_ythbands_y25_29,eco_isic4_f,2016,4.178
arm,sex_t,age_ythbands_y25_29,eco_isic4_f,2017,5.246
arm,sex_t,age_ythbands_y25_29,eco_isic4_f,2018,15.112
arm,sex_t,age_ythbands_y25_29,eco_isic4_g,2010,17.501
arm,sex_t,age_ythbands_y25_29,eco_isic4_g,2011,16.591
arm,sex_t,age_ythbands_y25_29,eco_isic4_g,2012,16.079
arm,sex_t,age_ythbands_y25_29,eco_isic4_g,2013,19.829
arm,sex_t,age_ythbands_y25_29,eco_isic4_g,2014,17.685
arm,sex_t,age_ythbands_y25_29,eco_isic4_g,2015,19.13
arm,sex_t,age_ythbands_y25_29,eco_isic4_g,2016,17.009
arm,sex_t,age_ythbands_y25_29,eco_isic4_g,2017,15.941
arm,sex_t,age_ythbands_y25_29,eco_isic4_g,2018,16.687
arm,sex_t,age_ythbands_y25_29,eco_isic4_h,2010,5.501
arm,sex_t,age_ythbands_y25_29,eco_isic4_h,2011,4.118
arm,sex_t,age_ythbands_y25_29,eco_isic4_h,2012,5.939
arm,sex_t,age_ythbands_y25_29,eco_isic4_h,2013,7.828
arm,sex_t,age_ythbands_y25_29,eco_isic4_h,2014,5.678
arm,sex_t,age_ythbands_y25_29,eco_isic4_h,2015,2.459
arm,sex_t,age_ythbands_y25_29,eco_isic4_h,2016,4.491
arm,sex_t,age_ythbands_y25_29,eco_isic4_h,2017,3.725
arm,sex_t,age_ythbands_y25_29,eco_isic4_h,2018,6.257
arm,sex_t,age_ythbands_y25_29,eco_isic4_i,2010,1.176
arm,sex_t,age_ythbands_y25_29,eco_isic4_i,2011,1.331
arm,sex_t,age_ythbands_y25_29,eco_isic4_i,2012,1.823
arm,sex_t,age_ythbands_y25_29,eco_isic4_i,2013,2.497
arm,sex_t,age_ythbands_y25_29,eco_isic4_i,2014,2.993
arm,sex_t,age_ythbands_y25_29,eco_isic4_i,2015,2.906
arm,sex_t,age_ythbands_y25_29,eco_isic4_i,2016,2.367
arm,sex_t,age_ythbands_y25_29,eco_isic4_i,2017,3.272
arm,sex_t,age_ythbands_y25_29,eco_isic4_i,2018,3.081
arm,sex_t,age_ythbands_y25_29,eco_isic4_j,2010,1.994
arm,sex_t,age_ythbands_y25_29,eco_isic4_j,2011,3.188
arm,sex_t,age_ythbands_y25_29,eco_isic4_j,2012,4.451
arm,sex_t,age_ythbands_y25_29,eco_isic4_j,2013,3.838
arm,sex_t,age_ythbands_y25_29,eco_isic4_j,2014,5.765
arm,sex_t,age_ythbands_y25_29,eco_isic4_j,2015,3.749
arm,sex_t,age_ythbands_y25_29,eco_isic4_j,2016,5.423
arm,sex_t,age_ythbands_y25_29,eco_isic4_j,2017,4.073
arm,sex_t,age_ythbands_y25_29,eco_isic4_j,2018,4.332
arm,sex_t,age_ythbands_y25_29,eco_isic4_k,2010,3.199
arm,sex_t,age_ythbands_y25_29,eco_isic4_k,2011,2.496
arm,sex_t,age_ythbands_y25_29,eco_isic4_k,2012,2.675
arm,sex_t,age_ythbands_y25_29,eco_isic4_k,2013,4.561
arm,sex_t,age_ythbands_y25_29,eco_isic4_k,2014,4.394
arm,sex_t,age_ythbands_y25_29,eco_isic4_k,2015,3.421
arm,sex_t,age_ythbands_y25_29,eco_isic4_k,2016,4.907
arm,sex_t,age_ythbands_y25_29,eco_isic4_k,2017,3.969
arm,sex_t,age_ythbands_y25_29,eco_isic4_k,2018,4.431
arm,sex_t,age_ythbands_y25_29,eco_isic4_l,2011,0.412
arm,sex_t,age_ythbands_y25_29,eco_isic4_l,2014,0.433
arm,sex_t,age_ythbands_y25_29,eco_isic4_m,2010,2.462
arm,sex_t,age_ythbands_y25_29,eco_isic4_m,2011,2.036
arm,sex_t,age_ythbands_y25_29,eco_isic4_m,2012,2.19
arm,sex_t,age_ythbands_y25_29,eco_isic4_m,2013,3.155
arm,sex_t,age_ythbands_y25_29,eco_isic4_m,2014,3.392
arm,sex_t,age_ythbands_y25_29,eco_isic4_m,2015,2.906
arm,sex_t,age_ythbands_y25_29,eco_isic4_m,2016,1.846
arm,sex_t,age_ythbands_y25_29,eco_isic4_m,2017,1.707
arm,sex_t,age_ythbands_y25_29,eco_isic4_m,2018,3.292
arm,sex_t,age_ythbands_y25_29,eco_isic4_n,2010,1.313
arm,sex_t,age_ythbands_y25_29,eco_isic4_n,2011,1.25
arm,sex_t,age_ythbands_y25_29,eco_isic4_n,2012,1.332
arm,sex_t,age_ythbands_y25_29,eco_isic4_n,2013,1.833
arm,sex_t,age_ythbands_y25_29,eco_isic4_n,2014,1.452
arm,sex_t,age_ythbands_y25_29,eco_isic4_n,2016,0.795
arm,sex_t,age_ythbands_y25_29,eco_isic4_n,2017,0.609
arm,sex_t,age_ythbands_y25_29,eco_isic4_o,2010,12.735
arm,sex_t,age_ythbands_y25_29,eco_isic4_o,2011,13.422
arm,sex_t,age_ythbands_y25_29,eco_isic4_o,2012,11.021
arm,sex_t,age_ythbands_y25_29,eco_isic4_o,2013,12.441
arm,sex_t,age_ythbands_y25_29,eco_isic4_o,2014,15.362
arm,sex_t,age_ythbands_y25_29,eco_isic4_o,2015,14.74
arm,sex_t,age_ythbands_y25_29,eco_isic4_o,2016,15.053
arm,sex_t,age_ythbands_y25_29,eco_isic4_o,2017,14.449
arm,sex_t,age_ythbands_y25_29,eco_isic4_o,2018,18.502
arm,sex_t,age_ythbands_y25_29,eco_isic4_p,2010,9.857
arm,sex_t,age_ythbands_y25_29,eco_isic4_p,2011,11.414
arm,sex_t,age_ythbands_y25_29,eco_isic4_p,2012,13.379
arm,sex_t,age_ythbands_y25_29,eco_isic4_p,2013,9.39
arm,sex_t,age_ythbands_y25_29,eco_isic4_p,2014,9.453
arm,sex_t,age_ythbands_y25_29,eco_isic4_p,2015,9.286
arm,sex_t,age_ythbands_y25_29,eco_isic4_p,2016,9.377
arm,sex_t,age_ythbands_y25_29,eco_isic4_p,2017,10.354
arm,sex_t,age_ythbands_y25_29,eco_isic4_p,2018,10.837
arm,sex_t,age_ythbands_y25_29,eco_isic4_q,2010,7.2
arm,sex_t,age_ythbands_y25_29,eco_isic4_q,2011,6.607
arm,sex_t,age_ythbands_y25_29,eco_isic4_q,2012,4.202
arm,sex_t,age_ythbands_y25_29,eco_isic4_q,2013,4.631
arm,sex_t,age_ythbands_y25_29,eco_isic4_q,2014,3.28
arm,sex_t,age_ythbands_y25_29,eco_isic4_q,2015,3.923
arm,sex_t,age_ythbands_y25_29,eco_isic4_q,2016,3.786
arm,sex_t,age_ythbands_y25_29,eco_isic4_q,2017,4.258
arm,sex_t,age_ythbands_y25_29,eco_isic4_q,2018,4.413
arm,sex_t,age_ythbands_y25_29,eco_isic4_r,2010,4.077
arm,sex_t,age_ythbands_y25_29,eco_isic4_r,2011,2.263
arm,sex_t,age_ythbands_y25_29,eco_isic4_r,2012,3.02
arm,sex_t,age_ythbands_y25_29,eco_isic4_r,2013,1.127
arm,sex_t,age_ythbands_y25_29,eco_isic4_r,2014,2.508
arm,sex_t,age_ythbands_y25_29,eco_isic4_r,2015,1.241
arm,sex_t,age_ythbands_y25_29,eco_isic4_r,2016,1.794
arm,sex_t,age_ythbands_y25_29,eco_isic4_r,2017,2.552
arm,sex_t,age_ythbands_y25_29,eco_isic4_r,2018,3.665
arm,sex_t,age_ythbands_y25_29,eco_isic4_s,2010,3.738
arm,sex_t,age_ythbands_y25_29,eco_isic4_s,2011,2.97
arm,sex_t,age_ythbands_y25_29,eco_isic4_s,2012,1.918
arm,sex_t,age_ythbands_y25_29,eco_isic4_s,2013,2.786
arm,sex_t,age_ythbands_y25_29,eco_isic4_s,2014,4.61
arm,sex_t,age_ythbands_y25_29,eco_isic4_s,2015,2.616
arm,sex_t,age_ythbands_y25_29,eco_isic4_s,2016,2.981
arm,sex_t,age_ythbands_y25_29,eco_isic4_s,2017,2.574
arm,sex_t,age_ythbands_y25_29,eco_isic4_s,2018,2.333
arm,sex_t,age_ythbands_y25_29,eco_isic4_t,2010,0.812
arm,sex_t,age_ythbands_y25_29,eco_isic4_t,2014,0.147
arm,sex_t,age_ythbands_y25_29,eco_isic4_total,2010,127.811
arm,sex_t,age_ythbands_y25_29,eco_isic4_total,2011,122.706
arm,sex_t,age_ythbands_y25_29,eco_isic4_total,2012,125.636
arm,sex_t,age_ythbands_y25_29,eco_isic4_total,2013,126.271
arm,sex_t,age_ythbands_y25_29,eco_isic4_total,2014,131.462
arm,sex_t,age_ythbands_y25_29,eco_isic4_total,2015,118.563
arm,sex_t,age_ythbands_y25_29,eco_isic4_total,2016,111.851
arm,sex_t,age_ythbands_y25_29,eco_isic4_total,2017,108.051
arm,sex_t,age_ythbands_y25_29,eco_isic4_total,2018,129.632
arm,sex_t,age_ythbands_y25_29,eco_isic4_u,2012,1.154
arm,sex_t,age_ythbands_y25_29,eco_isic4_u,2014,0.191
