ref_area,sex,classif1,classif2,time,emp_2emp_sex_geo_ocu_dt
gnq,sex_f,geo_cov_nat,ocu_details_1,2010,1.465
gnq,sex_f,geo_cov_nat,ocu_details_1,2011,1.417
gnq,sex_f,geo_cov_nat,ocu_details_1,2012,1.419
gnq,sex_f,geo_cov_nat,ocu_details_1,2013,1.479
gnq,sex_f,geo_cov_nat,ocu_details_1,2014,1.486
gnq,sex_f,geo_cov_nat,ocu_details_1,2015,1.593
gnq,sex_f,geo_cov_nat,ocu_details_1,2016,1.651
gnq,sex_f,geo_cov_nat,ocu_details_1,2017,1.6
gnq,sex_f,geo_cov_nat,ocu_details_1,2018,1.589
gnq,sex_f,geo_cov_nat,ocu_details_1,2019,1.57
gnq,sex_f,geo_cov_nat,ocu_details_1,2020,1.55
gnq,sex_f,geo_cov_nat,ocu_details_1,2021,1.536
gnq,sex_f,geo_cov_nat,ocu_details_1,2022,1.524
gnq,sex_f,geo_cov_nat,ocu_details_1,2023,1.514
gnq,sex_f,geo_cov_nat,ocu_details_1,2024,1.504
gnq,sex_f,geo_cov_nat,ocu_details_2,2010,4.046
gnq,sex_f,geo_cov_nat,ocu_details_2,2011,3.883
gnq,sex_f,geo_cov_nat,ocu_details_2,2012,3.895
gnq,sex_f,geo_cov_nat,ocu_details_2,2013,4.232
gnq,sex_f,geo_cov_nat,ocu_details_2,2014,4.309
gnq,sex_f,geo_cov_nat,ocu_details_2,2015,5.049
gnq,sex_f,geo_cov_nat,ocu_details_2,2016,5.532
gnq,sex_f,geo_cov_nat,ocu_details_2,2017,5.132
gnq,sex_f,geo_cov_nat,ocu_details_2,2018,4.992
gnq,sex_f,geo_cov_nat,ocu_details_2,2019,4.846
gnq,sex_f,geo_cov_nat,ocu_details_2,2020,4.657
gnq,sex_f,geo_cov_nat,ocu_details_2,2021,4.457
gnq,sex_f,geo_cov_nat,ocu_details_2,2022,4.259
gnq,sex_f,geo_cov_nat,ocu_details_2,2023,4.065
gnq,sex_f,geo_cov_nat,ocu_details_2,2024,3.878
gnq,sex_f,geo_cov_nat,ocu_details_3,2010,7.744
gnq,sex_f,geo_cov_nat,ocu_details_3,2011,7.584
gnq,sex_f,geo_cov_nat,ocu_details_3,2012,7.896
gnq,sex_f,geo_cov_nat,ocu_details_3,2013,7.846
gnq,sex_f,geo_cov_nat,ocu_details_3,2014,7.714
gnq,sex_f,geo_cov_nat,ocu_details_3,2015,7.901
gnq,sex_f,geo_cov_nat,ocu_details_3,2016,7.839
gnq,sex_f,geo_cov_nat,ocu_details_3,2017,7.36
gnq,sex_f,geo_cov_nat,ocu_details_3,2018,7.273
gnq,sex_f,geo_cov_nat,ocu_details_3,2019,7.187
gnq,sex_f,geo_cov_nat,ocu_details_3,2020,7.065
gnq,sex_f,geo_cov_nat,ocu_details_3,2021,6.938
gnq,sex_f,geo_cov_nat,ocu_details_3,2022,6.806
gnq,sex_f,geo_cov_nat,ocu_details_3,2023,6.673
gnq,sex_f,geo_cov_nat,ocu_details_3,2024,6.541
gnq,sex_f,geo_cov_nat,ocu_details_4,2010,9.224
gnq,sex_f,geo_cov_nat,ocu_details_4,2011,9.267
gnq,sex_f,geo_cov_nat,ocu_details_4,2012,9.16
gnq,sex_f,geo_cov_nat,ocu_details_4,2013,9.162
gnq,sex_f,geo_cov_nat,ocu_details_4,2014,9.047
gnq,sex_f,geo_cov_nat,ocu_details_4,2015,8.731
gnq,sex_f,geo_cov_nat,ocu_details_4,2016,8.485
gnq,sex_f,geo_cov_nat,ocu_details_4,2017,8.635
gnq,sex_f,geo_cov_nat,ocu_details_4,2018,8.603
gnq,sex_f,geo_cov_nat,ocu_details_4,2019,8.571
gnq,sex_f,geo_cov_nat,ocu_details_4,2020,8.482
gnq,sex_f,geo_cov_nat,ocu_details_4,2021,8.366
gnq,sex_f,geo_cov_nat,ocu_details_4,2022,8.249
gnq,sex_f,geo_cov_nat,ocu_details_4,2023,8.133
gnq,sex_f,geo_cov_nat,ocu_details_4,2024,8.018
gnq,sex_f,geo_cov_nat,ocu_details_5,2010,23.334
gnq,sex_f,geo_cov_nat,ocu_details_5,2011,23.094
gnq,sex_f,geo_cov_nat,ocu_details_5,2012,23.216
gnq,sex_f,geo_cov_nat,ocu_details_5,2013,23.371
gnq,sex_f,geo_cov_nat,ocu_details_5,2014,23.26
gnq,sex_f,geo_cov_nat,ocu_details_5,2015,23.335
gnq,sex_f,geo_cov_nat,ocu_details_5,2016,23.076
gnq,sex_f,geo_cov_nat,ocu_details_5,2017,22.599
gnq,sex_f,geo_cov_nat,ocu_details_5,2018,22.291
gnq,sex_f,geo_cov_nat,ocu_details_5,2019,21.877
gnq,sex_f,geo_cov_nat,ocu_details_5,2020,21.523
gnq,sex_f,geo_cov_nat,ocu_details_5,2021,21.246
gnq,sex_f,geo_cov_nat,ocu_details_5,2022,21.002
gnq,sex_f,geo_cov_nat,ocu_details_5,2023,20.777
gnq,sex_f,geo_cov_nat,ocu_details_5,2024,20.562
gnq,sex_f,geo_cov_nat,ocu_details_7,2010,8.058
gnq,sex_f,geo_cov_nat,ocu_details_7,2011,8.971
gnq,sex_f,geo_cov_nat,ocu_details_7,2012,8.832
gnq,sex_f,geo_cov_nat,ocu_details_7,2013,7.98
gnq,sex_f,geo_cov_nat,ocu_details_7,2014,8.017
gnq,sex_f,geo_cov_nat,ocu_details_7,2015,6.737
gnq,sex_f,geo_cov_nat,ocu_details_7,2016,6.256
gnq,sex_f,geo_cov_nat,ocu_details_7,2017,6.886
gnq,sex_f,geo_cov_nat,ocu_details_7,2018,6.915
gnq,sex_f,geo_cov_nat,ocu_details_7,2019,7.025
gnq,sex_f,geo_cov_nat,ocu_details_7,2020,7.184
gnq,sex_f,geo_cov_nat,ocu_details_7,2021,7.275
gnq,sex_f,geo_cov_nat,ocu_details_7,2022,7.32
gnq,sex_f,geo_cov_nat,ocu_details_7,2023,7.339
gnq,sex_f,geo_cov_nat,ocu_details_7,2024,7.346
gnq,sex_f,geo_cov_nat,ocu_details_8,2010,0.945
gnq,sex_f,geo_cov_nat,ocu_details_8,2011,0.995
gnq,sex_f,geo_cov_nat,ocu_details_8,2012,0.739
gnq,sex_f,geo_cov_nat,ocu_details_8,2013,0.85
gnq,sex_f,geo_cov_nat,ocu_details_8,2014,0.89
gnq,sex_f,geo_cov_nat,ocu_details_8,2015,0.819
gnq,sex_f,geo_cov_nat,ocu_details_8,2016,0.875
gnq,sex_f,geo_cov_nat,ocu_details_8,2017,1.234
gnq,sex_f,geo_cov_nat,ocu_details_8,2018,1.252
gnq,sex_f,geo_cov_nat,ocu_details_8,2019,1.274
gnq,sex_f,geo_cov_nat,ocu_details_8,2020,1.282
gnq,sex_f,geo_cov_nat,ocu_details_8,2021,1.287
gnq,sex_f,geo_cov_nat,ocu_details_8,2022,1.29
gnq,sex_f,geo_cov_nat,ocu_details_8,2023,1.292
gnq,sex_f,geo_cov_nat,ocu_details_8,2024,1.293
gnq,sex_f,geo_cov_nat,ocu_details_96,2010,45.184
gnq,sex_f,geo_cov_nat,ocu_details_96,2011,44.789
gnq,sex_f,geo_cov_nat,ocu_details_96,2012,44.843
gnq,sex_f,geo_cov_nat,ocu_details_96,2013,45.08
gnq,sex_f,geo_cov_nat,ocu_details_96,2014,45.277
gnq,sex_f,geo_cov_nat,ocu_details_96,2015,45.834
gnq,sex_f,geo_cov_nat,ocu_details_96,2016,46.286
gnq,sex_f,geo_cov_nat,ocu_details_96,2017,46.554
gnq,sex_f,geo_cov_nat,ocu_details_96,2018,47.087
gnq,sex_f,geo_cov_nat,ocu_details_96,2019,47.649
gnq,sex_f,geo_cov_nat,ocu_details_96,2020,48.257
gnq,sex_f,geo_cov_nat,ocu_details_96,2021,48.895
gnq,sex_f,geo_cov_nat,ocu_details_96,2022,49.549
gnq,sex_f,geo_cov_nat,ocu_details_96,2023,50.207
gnq,sex_f,geo_cov_nat,ocu_details_96,2024,50.858
gnq,sex_f,geo_cov_nat,ocu_details_total,2010,100
gnq,sex_f,geo_cov_nat,ocu_details_total,2011,100
gnq,sex_f,geo_cov_nat,ocu_details_total,2012,100
gnq,sex_f,geo_cov_nat,ocu_details_total,2013,100
gnq,sex_f,geo_cov_nat,ocu_details_total,2014,100
gnq,sex_f,geo_cov_nat,ocu_details_total,2015,100
gnq,sex_f,geo_cov_nat,ocu_details_total,2016,100
gnq,sex_f,geo_cov_nat,ocu_details_total,2017,100
gnq,sex_f,geo_cov_nat,ocu_details_total,2018,100
gnq,sex_f,geo_cov_nat,ocu_details_total,2019,100
gnq,sex_f,geo_cov_nat,ocu_details_total,2020,100
gnq,sex_f,geo_cov_nat,ocu_details_total,2021,100
gnq,sex_f,geo_cov_nat,ocu_details_total,2022,100
gnq,sex_f,geo_cov_nat,ocu_details_total,2023,100
gnq,sex_f,geo_cov_nat,ocu_details_total,2024,100
gnq,sex_f,geo_cov_rur,ocu_details_1,2010,0.775
gnq,sex_f,geo_cov_rur,ocu_details_1,2011,0.756
gnq,sex_f,geo_cov_rur,ocu_details_1,2012,0.757
gnq,sex_f,geo_cov_rur,ocu_details_1,2013,0.786
gnq,sex_f,geo_cov_rur,ocu_details_1,2014,0.784
gnq,sex_f,geo_cov_rur,ocu_details_1,2015,0.831
gnq,sex_f,geo_cov_rur,ocu_details_1,2016,0.851
gnq,sex_f,geo_cov_rur,ocu_details_1,2017,0.813
gnq,sex_f,geo_cov_rur,ocu_details_1,2018,0.792
gnq,sex_f,geo_cov_rur,ocu_details_1,2019,0.766
gnq,sex_f,geo_cov_rur,ocu_details_1,2020,0.737
gnq,sex_f,geo_cov_rur,ocu_details_1,2021,0.71
gnq,sex_f,geo_cov_rur,ocu_details_1,2022,0.684
gnq,sex_f,geo_cov_rur,ocu_details_1,2023,0.659
gnq,sex_f,geo_cov_rur,ocu_details_1,2024,0.633
gnq,sex_f,geo_cov_rur,ocu_details_2,2010,2.225
gnq,sex_f,geo_cov_rur,ocu_details_2,2011,2.151
gnq,sex_f,geo_cov_rur,ocu_details_2,2012,2.157
gnq,sex_f,geo_cov_rur,ocu_details_2,2013,2.338
gnq,sex_f,geo_cov_rur,ocu_details_2,2014,2.365
gnq,sex_f,geo_cov_rur,ocu_details_2,2015,2.743
gnq,sex_f,geo_cov_rur,ocu_details_2,2016,2.971
gnq,sex_f,geo_cov_rur,ocu_details_2,2017,2.718
gnq,sex_f,geo_cov_rur,ocu_details_2,2018,2.595
gnq,sex_f,geo_cov_rur,ocu_details_2,2019,2.468
gnq,sex_f,geo_cov_rur,ocu_details_2,2020,2.315
gnq,sex_f,geo_cov_rur,ocu_details_2,2021,2.158
gnq,sex_f,geo_cov_rur,ocu_details_2,2022,2.004
gnq,sex_f,geo_cov_rur,ocu_details_2,2023,1.857
gnq,sex_f,geo_cov_rur,ocu_details_2,2024,1.717
gnq,sex_f,geo_cov_rur,ocu_details_3,2010,4.284
gnq,sex_f,geo_cov_rur,ocu_details_3,2011,4.227
gnq,sex_f,geo_cov_rur,ocu_details_3,2012,4.4
gnq,sex_f,geo_cov_rur,ocu_details_3,2013,4.359
gnq,sex_f,geo_cov_rur,ocu_details_3,2014,4.257
gnq,sex_f,geo_cov_rur,ocu_details_3,2015,4.314
gnq,sex_f,geo_cov_rur,ocu_details_3,2016,4.229
gnq,sex_f,geo_cov_rur,ocu_details_3,2017,3.917
gnq,sex_f,geo_cov_rur,ocu_details_3,2018,3.8
gnq,sex_f,geo_cov_rur,ocu_details_3,2019,3.679
gnq,sex_f,geo_cov_rur,ocu_details_3,2020,3.532
gnq,sex_f,geo_cov_rur,ocu_details_3,2021,3.379
gnq,sex_f,geo_cov_rur,ocu_details_3,2022,3.223
gnq,sex_f,geo_cov_rur,ocu_details_3,2023,3.068
gnq,sex_f,geo_cov_rur,ocu_details_3,2024,2.916
gnq,sex_f,geo_cov_rur,ocu_details_4,2010,4.356
gnq,sex_f,geo_cov_rur,ocu_details_4,2011,4.416
gnq,sex_f,geo_cov_rur,ocu_details_4,2012,4.364
gnq,sex_f,geo_cov_rur,ocu_details_4,2013,4.348
gnq,sex_f,geo_cov_rur,ocu_details_4,2014,4.26
gnq,sex_f,geo_cov_rur,ocu_details_4,2015,4.058
gnq,sex_f,geo_cov_rur,ocu_details_4,2016,3.885
gnq,sex_f,geo_cov_rur,ocu_details_4,2017,3.891
gnq,sex_f,geo_cov_rur,ocu_details_4,2018,3.79
gnq,sex_f,geo_cov_rur,ocu_details_4,2019,3.682
gnq,sex_f,geo_cov_rur,ocu_details_4,2020,3.539
gnq,sex_f,geo_cov_rur,ocu_details_4,2021,3.379
gnq,sex_f,geo_cov_rur,ocu_details_4,2022,3.217
gnq,sex_f,geo_cov_rur,ocu_details_4,2023,3.056
gnq,sex_f,geo_cov_rur,ocu_details_4,2024,2.897
gnq,sex_f,geo_cov_rur,ocu_details_5,2010,16.019
gnq,sex_f,geo_cov_rur,ocu_details_5,2011,15.941
gnq,sex_f,geo_cov_rur,ocu_details_5,2012,16.024
gnq,sex_f,geo_cov_rur,ocu_details_5,2013,16.095
gnq,sex_f,geo_cov_rur,ocu_details_5,2014,15.936
gnq,sex_f,geo_cov_rur,ocu_details_5,2015,15.86
gnq,sex_f,geo_cov_rur,ocu_details_5,2016,15.537
gnq,sex_f,geo_cov_rur,ocu_details_5,2017,15.059
gnq,sex_f,geo_cov_rur,ocu_details_5,2018,14.644
gnq,sex_f,geo_cov_rur,ocu_details_5,2019,14.148
gnq,sex_f,geo_cov_rur,ocu_details_5,2020,13.67
gnq,sex_f,geo_cov_rur,ocu_details_5,2021,13.232
gnq,sex_f,geo_cov_rur,ocu_details_5,2022,12.811
gnq,sex_f,geo_cov_rur,ocu_details_5,2023,12.4
gnq,sex_f,geo_cov_rur,ocu_details_5,2024,11.997
gnq,sex_f,geo_cov_rur,ocu_details_7,2010,6.579
gnq,sex_f,geo_cov_rur,ocu_details_7,2011,7.38
gnq,sex_f,geo_cov_rur,ocu_details_7,2012,7.261
gnq,sex_f,geo_cov_rur,ocu_details_7,2013,6.53
gnq,sex_f,geo_cov_rur,ocu_details_7,2014,6.535
gnq,sex_f,geo_cov_rur,ocu_details_7,2015,5.434
gnq,sex_f,geo_cov_rur,ocu_details_7,2016,5.001
gnq,sex_f,geo_cov_rur,ocu_details_7,2017,5.473
gnq,sex_f,geo_cov_rur,ocu_details_7,2018,5.437
gnq,sex_f,geo_cov_rur,ocu_details_7,2019,5.461
gnq,sex_f,geo_cov_rur,ocu_details_7,2020,5.511
gnq,sex_f,geo_cov_rur,ocu_details_7,2021,5.5
gnq,sex_f,geo_cov_rur,ocu_details_7,2022,5.447
gnq,sex_f,geo_cov_rur,ocu_details_7,2023,5.372
gnq,sex_f,geo_cov_rur,ocu_details_7,2024,5.286
gnq,sex_f,geo_cov_rur,ocu_details_8,2010,0.702
gnq,sex_f,geo_cov_rur,ocu_details_8,2011,0.743
gnq,sex_f,geo_cov_rur,ocu_details_8,2012,0.551
gnq,sex_f,geo_cov_rur,ocu_details_8,2013,0.633
gnq,sex_f,geo_cov_rur,ocu_details_8,2014,0.66
gnq,sex_f,geo_cov_rur,ocu_details_8,2015,0.602
gnq,sex_f,geo_cov_rur,ocu_details_8,2016,0.638
gnq,sex_f,geo_cov_rur,ocu_details_8,2017,0.893
gnq,sex_f,geo_cov_rur,ocu_details_8,2018,0.895
gnq,sex_f,geo_cov_rur,ocu_details_8,2019,0.899
gnq,sex_f,geo_cov_rur,ocu_details_8,2020,0.89
gnq,sex_f,geo_cov_rur,ocu_details_8,2021,0.878
gnq,sex_f,geo_cov_rur,ocu_details_8,2022,0.865
gnq,sex_f,geo_cov_rur,ocu_details_8,2023,0.85
gnq,sex_f,geo_cov_rur,ocu_details_8,2024,0.834
gnq,sex_f,geo_cov_rur,ocu_details_96,2010,65.059
gnq,sex_f,geo_cov_rur,ocu_details_96,2011,64.386
gnq,sex_f,geo_cov_rur,ocu_details_96,2012,64.486
gnq,sex_f,geo_cov_rur,ocu_details_96,2013,64.911
gnq,sex_f,geo_cov_rur,ocu_details_96,2014,65.203
gnq,sex_f,geo_cov_rur,ocu_details_96,2015,66.158
gnq,sex_f,geo_cov_rur,ocu_details_96,2016,66.888
gnq,sex_f,geo_cov_rur,ocu_details_96,2017,67.235
gnq,sex_f,geo_cov_rur,ocu_details_96,2018,68.048
gnq,sex_f,geo_cov_rur,ocu_details_96,2019,68.897
gnq,sex_f,geo_cov_rur,ocu_details_96,2020,69.806
gnq,sex_f,geo_cov_rur,ocu_details_96,2021,70.763
gnq,sex_f,geo_cov_rur,ocu_details_96,2022,71.747
gnq,sex_f,geo_cov_rur,ocu_details_96,2023,72.738
gnq,sex_f,geo_cov_rur,ocu_details_96,2024,73.722
gnq,sex_f,geo_cov_rur,ocu_details_total,2010,100
gnq,sex_f,geo_cov_rur,ocu_details_total,2011,100
gnq,sex_f,geo_cov_rur,ocu_details_total,2012,100
gnq,sex_f,geo_cov_rur,ocu_details_total,2013,100
gnq,sex_f,geo_cov_rur,ocu_details_total,2014,100
gnq,sex_f,geo_cov_rur,ocu_details_total,2015,100
gnq,sex_f,geo_cov_rur,ocu_details_total,2016,100
gnq,sex_f,geo_cov_rur,ocu_details_total,2017,100
gnq,sex_f,geo_cov_rur,ocu_details_total,2018,100
gnq,sex_f,geo_cov_rur,ocu_details_total,2019,100
gnq,sex_f,geo_cov_rur,ocu_details_total,2020,100
gnq,sex_f,geo_cov_rur,ocu_details_total,2021,100
gnq,sex_f,geo_cov_rur,ocu_details_total,2022,100
gnq,sex_f,geo_cov_rur,ocu_details_total,2023,100
gnq,sex_f,geo_cov_rur,ocu_details_total,2024,100
gnq,sex_f,geo_cov_urb,ocu_details_1,2010,1.834
gnq,sex_f,geo_cov_urb,ocu_details_1,2011,1.77
gnq,sex_f,geo_cov_urb,ocu_details_1,2012,1.773
gnq,sex_f,geo_cov_urb,ocu_details_1,2013,1.849
gnq,sex_f,geo_cov_urb,ocu_details_1,2014,1.861
gnq,sex_f,geo_cov_urb,ocu_details_1,2015,2
gnq,sex_f,geo_cov_urb,ocu_details_1,2016,2.079
gnq,sex_f,geo_cov_urb,ocu_details_1,2017,2.02
gnq,sex_f,geo_cov_urb,ocu_details_1,2018,2.014
gnq,sex_f,geo_cov_urb,ocu_details_1,2019,2
gnq,sex_f,geo_cov_urb,ocu_details_1,2020,1.984
gnq,sex_f,geo_cov_urb,ocu_details_1,2021,1.977
gnq,sex_f,geo_cov_urb,ocu_details_1,2022,1.974
gnq,sex_f,geo_cov_urb,ocu_details_1,2023,1.971
gnq,sex_f,geo_cov_urb,ocu_details_1,2024,1.97
gnq,sex_f,geo_cov_urb,ocu_details_2,2010,5.018
gnq,sex_f,geo_cov_urb,ocu_details_2,2011,4.808
gnq,sex_f,geo_cov_urb,ocu_details_2,2012,4.824
gnq,sex_f,geo_cov_urb,ocu_details_2,2013,5.245
gnq,sex_f,geo_cov_urb,ocu_details_2,2014,5.348
gnq,sex_f,geo_cov_urb,ocu_details_2,2015,6.281
gnq,sex_f,geo_cov_urb,ocu_details_2,2016,6.9
gnq,sex_f,geo_cov_urb,ocu_details_2,2017,6.421
gnq,sex_f,geo_cov_urb,ocu_details_2,2018,6.272
gnq,sex_f,geo_cov_urb,ocu_details_2,2019,6.117
gnq,sex_f,geo_cov_urb,ocu_details_2,2020,5.908
gnq,sex_f,geo_cov_urb,ocu_details_2,2021,5.686
gnq,sex_f,geo_cov_urb,ocu_details_2,2022,5.465
gnq,sex_f,geo_cov_urb,ocu_details_2,2023,5.247
gnq,sex_f,geo_cov_urb,ocu_details_2,2024,5.035
gnq,sex_f,geo_cov_urb,ocu_details_3,2010,9.593
gnq,sex_f,geo_cov_urb,ocu_details_3,2011,9.378
gnq,sex_f,geo_cov_urb,ocu_details_3,2012,9.765
gnq,sex_f,geo_cov_urb,ocu_details_3,2013,9.709
gnq,sex_f,geo_cov_urb,ocu_details_3,2014,9.562
gnq,sex_f,geo_cov_urb,ocu_details_3,2015,9.818
gnq,sex_f,geo_cov_urb,ocu_details_3,2016,9.768
gnq,sex_f,geo_cov_urb,ocu_details_3,2017,9.199
gnq,sex_f,geo_cov_urb,ocu_details_3,2018,9.127
gnq,sex_f,geo_cov_urb,ocu_details_3,2019,9.061
gnq,sex_f,geo_cov_urb,ocu_details_3,2020,8.953
gnq,sex_f,geo_cov_urb,ocu_details_3,2021,8.841
gnq,sex_f,geo_cov_urb,ocu_details_3,2022,8.723
gnq,sex_f,geo_cov_urb,ocu_details_3,2023,8.602
gnq,sex_f,geo_cov_urb,ocu_details_3,2024,8.481
gnq,sex_f,geo_cov_urb,ocu_details_4,2010,11.825
gnq,sex_f,geo_cov_urb,ocu_details_4,2011,11.859
gnq,sex_f,geo_cov_urb,ocu_details_4,2012,11.724
gnq,sex_f,geo_cov_urb,ocu_details_4,2013,11.734
gnq,sex_f,geo_cov_urb,ocu_details_4,2014,11.606
gnq,sex_f,geo_cov_urb,ocu_details_4,2015,11.229
gnq,sex_f,geo_cov_urb,ocu_details_4,2016,10.943
gnq,sex_f,geo_cov_urb,ocu_details_4,2017,11.169
gnq,sex_f,geo_cov_urb,ocu_details_4,2018,11.173
gnq,sex_f,geo_cov_urb,ocu_details_4,2019,11.183
gnq,sex_f,geo_cov_urb,ocu_details_4,2020,11.124
gnq,sex_f,geo_cov_urb,ocu_details_4,2021,11.033
gnq,sex_f,geo_cov_urb,ocu_details_4,2022,10.94
gnq,sex_f,geo_cov_urb,ocu_details_4,2023,10.85
gnq,sex_f,geo_cov_urb,ocu_details_4,2024,10.759
gnq,sex_f,geo_cov_urb,ocu_details_5,2010,27.243
gnq,sex_f,geo_cov_urb,ocu_details_5,2011,26.917
gnq,sex_f,geo_cov_urb,ocu_details_5,2012,27.061
gnq,sex_f,geo_cov_urb,ocu_details_5,2013,27.26
gnq,sex_f,geo_cov_urb,ocu_details_5,2014,27.173
gnq,sex_f,geo_cov_urb,ocu_details_5,2015,27.329
gnq,sex_f,geo_cov_urb,ocu_details_5,2016,27.104
gnq,sex_f,geo_cov_urb,ocu_details_5,2017,26.627
gnq,sex_f,geo_cov_urb,ocu_details_5,2018,26.374
gnq,sex_f,geo_cov_urb,ocu_details_5,2019,26.005
gnq,sex_f,geo_cov_urb,ocu_details_5,2020,25.72
gnq,sex_f,geo_cov_urb,ocu_details_5,2021,25.53
gnq,sex_f,geo_cov_urb,ocu_details_5,2022,25.383
gnq,sex_f,geo_cov_urb,ocu_details_5,2023,25.258
gnq,sex_f,geo_cov_urb,ocu_details_5,2024,25.145
gnq,sex_f,geo_cov_urb,ocu_details_7,2010,8.847
gnq,sex_f,geo_cov_urb,ocu_details_7,2011,9.822
gnq,sex_f,geo_cov_urb,ocu_details_7,2012,9.672
gnq,sex_f,geo_cov_urb,ocu_details_7,2013,8.755
gnq,sex_f,geo_cov_urb,ocu_details_7,2014,8.809
gnq,sex_f,geo_cov_urb,ocu_details_7,2015,7.433
gnq,sex_f,geo_cov_urb,ocu_details_7,2016,6.926
gnq,sex_f,geo_cov_urb,ocu_details_7,2017,7.64
gnq,sex_f,geo_cov_urb,ocu_details_7,2018,7.704
gnq,sex_f,geo_cov_urb,ocu_details_7,2019,7.861
gnq,sex_f,geo_cov_urb,ocu_details_7,2020,8.079
gnq,sex_f,geo_cov_urb,ocu_details_7,2021,8.225
gnq,sex_f,geo_cov_urb,ocu_details_7,2022,8.321
gnq,sex_f,geo_cov_urb,ocu_details_7,2023,8.391
gnq,sex_f,geo_cov_urb,ocu_details_7,2024,8.449
gnq,sex_f,geo_cov_urb,ocu_details_8,2010,1.076
gnq,sex_f,geo_cov_urb,ocu_details_8,2011,1.13
gnq,sex_f,geo_cov_urb,ocu_details_8,2012,0.839
gnq,sex_f,geo_cov_urb,ocu_details_8,2013,0.966
gnq,sex_f,geo_cov_urb,ocu_details_8,2014,1.013
gnq,sex_f,geo_cov_urb,ocu_details_8,2015,0.935
gnq,sex_f,geo_cov_urb,ocu_details_8,2016,1.001
gnq,sex_f,geo_cov_urb,ocu_details_8,2017,1.416
gnq,sex_f,geo_cov_urb,ocu_details_8,2018,1.442
gnq,sex_f,geo_cov_urb,ocu_details_8,2019,1.475
gnq,sex_f,geo_cov_urb,ocu_details_8,2020,1.492
gnq,sex_f,geo_cov_urb,ocu_details_8,2021,1.505
gnq,sex_f,geo_cov_urb,ocu_details_8,2022,1.517
gnq,sex_f,geo_cov_urb,ocu_details_8,2023,1.528
gnq,sex_f,geo_cov_urb,ocu_details_8,2024,1.539
gnq,sex_f,geo_cov_urb,ocu_details_96,2010,34.564
gnq,sex_f,geo_cov_urb,ocu_details_96,2011,34.316
gnq,sex_f,geo_cov_urb,ocu_details_96,2012,34.343
gnq,sex_f,geo_cov_urb,ocu_details_96,2013,34.481
gnq,sex_f,geo_cov_urb,ocu_details_96,2014,34.628
gnq,sex_f,geo_cov_urb,ocu_details_96,2015,34.974
gnq,sex_f,geo_cov_urb,ocu_details_96,2016,35.28
gnq,sex_f,geo_cov_urb,ocu_details_96,2017,35.508
gnq,sex_f,geo_cov_urb,ocu_details_96,2018,35.894
gnq,sex_f,geo_cov_urb,ocu_details_96,2019,36.298
gnq,sex_f,geo_cov_urb,ocu_details_96,2020,36.741
gnq,sex_f,geo_cov_urb,ocu_details_96,2021,37.204
gnq,sex_f,geo_cov_urb,ocu_details_96,2022,37.677
gnq,sex_f,geo_cov_urb,ocu_details_96,2023,38.152
gnq,sex_f,geo_cov_urb,ocu_details_96,2024,38.622
gnq,sex_f,geo_cov_urb,ocu_details_total,2010,100
gnq,sex_f,geo_cov_urb,ocu_details_total,2011,100
gnq,sex_f,geo_cov_urb,ocu_details_total,2012,100
gnq,sex_f,geo_cov_urb,ocu_details_total,2013,100
gnq,sex_f,geo_cov_urb,ocu_details_total,2014,100
gnq,sex_f,geo_cov_urb,ocu_details_total,2015,100
gnq,sex_f,geo_cov_urb,ocu_details_total,2016,100
gnq,sex_f,geo_cov_urb,ocu_details_total,2017,100
gnq,sex_f,geo_cov_urb,ocu_details_total,2018,100
gnq,sex_f,geo_cov_urb,ocu_details_total,2019,100
gnq,sex_f,geo_cov_urb,ocu_details_total,2020,100
gnq,sex_f,geo_cov_urb,ocu_details_total,2021,100
gnq,sex_f,geo_cov_urb,ocu_details_total,2022,100
gnq,sex_f,geo_cov_urb,ocu_details_total,2023,100
gnq,sex_f,geo_cov_urb,ocu_details_total,2024,100
gnq,sex_m,geo_cov_nat,ocu_details_1,2010,2.964
gnq,sex_m,geo_cov_nat,ocu_details_1,2011,2.921
gnq,sex_m,geo_cov_nat,ocu_details_1,2012,2.937
gnq,sex_m,geo_cov_nat,ocu_details_1,2013,3.011
gnq,sex_m,geo_cov_nat,ocu_details_1,2014,3.049
gnq,sex_m,geo_cov_nat,ocu_details_1,2015,3.261
gnq,sex_m,geo_cov_nat,ocu_details_1,2016,3.412
gnq,sex_m,geo_cov_nat,ocu_details_1,2017,3.344
gnq,sex_m,geo_cov_nat,ocu_details_1,2018,3.346
gnq,sex_m,geo_cov_nat,ocu_details_1,2019,3.356
gnq,sex_m,geo_cov_nat,ocu_details_1,2020,3.352
gnq,sex_m,geo_cov_nat,ocu_details_1,2021,3.34
gnq,sex_m,geo_cov_nat,ocu_details_1,2022,3.323
gnq,sex_m,geo_cov_nat,ocu_details_1,2023,3.303
gnq,sex_m,geo_cov_nat,ocu_details_1,2024,3.282
gnq,sex_m,geo_cov_nat,ocu_details_2,2010,5.638
gnq,sex_m,geo_cov_nat,ocu_details_2,2011,5.504
gnq,sex_m,geo_cov_nat,ocu_details_2,2012,5.613
gnq,sex_m,geo_cov_nat,ocu_details_2,2013,5.924
gnq,sex_m,geo_cov_nat,ocu_details_2,2014,6.039
gnq,sex_m,geo_cov_nat,ocu_details_2,2015,6.892
gnq,sex_m,geo_cov_nat,ocu_details_2,2016,7.418
gnq,sex_m,geo_cov_nat,ocu_details_2,2017,6.838
gnq,sex_m,geo_cov_nat,ocu_details_2,2018,6.649
gnq,sex_m,geo_cov_nat,ocu_details_2,2019,6.452
gnq,sex_m,geo_cov_nat,ocu_details_2,2020,6.245
gnq,sex_m,geo_cov_nat,ocu_details_2,2021,6.035
gnq,sex_m,geo_cov_nat,ocu_details_2,2022,5.824
gnq,sex_m,geo_cov_nat,ocu_details_2,2023,5.618
gnq,sex_m,geo_cov_nat,ocu_details_2,2024,5.417
gnq,sex_m,geo_cov_nat,ocu_details_3,2010,8.391
gnq,sex_m,geo_cov_nat,ocu_details_3,2011,8.379
gnq,sex_m,geo_cov_nat,ocu_details_3,2012,9.04
gnq,sex_m,geo_cov_nat,ocu_details_3,2013,8.719
gnq,sex_m,geo_cov_nat,ocu_details_3,2014,8.622
gnq,sex_m,geo_cov_nat,ocu_details_3,2015,8.802
gnq,sex_m,geo_cov_nat,ocu_details_3,2016,8.673
gnq,sex_m,geo_cov_nat,ocu_details_3,2017,7.882
gnq,sex_m,geo_cov_nat,ocu_details_3,2018,7.746
gnq,sex_m,geo_cov_nat,ocu_details_3,2019,7.616
gnq,sex_m,geo_cov_nat,ocu_details_3,2020,7.505
gnq,sex_m,geo_cov_nat,ocu_details_3,2021,7.394
gnq,sex_m,geo_cov_nat,ocu_details_3,2022,7.273
gnq,sex_m,geo_cov_nat,ocu_details_3,2023,7.147
gnq,sex_m,geo_cov_nat,ocu_details_3,2024,7.021
gnq,sex_m,geo_cov_nat,ocu_details_4,2010,4.751
gnq,sex_m,geo_cov_nat,ocu_details_4,2011,4.905
gnq,sex_m,geo_cov_nat,ocu_details_4,2012,4.97
gnq,sex_m,geo_cov_nat,ocu_details_4,2013,4.825
gnq,sex_m,geo_cov_nat,ocu_details_4,2014,4.808
gnq,sex_m,geo_cov_nat,ocu_details_4,2015,4.572
gnq,sex_m,geo_cov_nat,ocu_details_4,2016,4.406
gnq,sex_m,geo_cov_nat,ocu_details_4,2017,4.404
gnq,sex_m,geo_cov_nat,ocu_details_4,2018,4.358
gnq,sex_m,geo_cov_nat,ocu_details_4,2019,4.312
gnq,sex_m,geo_cov_nat,ocu_details_4,2020,4.279
gnq,sex_m,geo_cov_nat,ocu_details_4,2021,4.239
gnq,sex_m,geo_cov_nat,ocu_details_4,2022,4.194
gnq,sex_m,geo_cov_nat,ocu_details_4,2023,4.148
gnq,sex_m,geo_cov_nat,ocu_details_4,2024,4.099
gnq,sex_m,geo_cov_nat,ocu_details_5,2010,14.941
gnq,sex_m,geo_cov_nat,ocu_details_5,2011,15.296
gnq,sex_m,geo_cov_nat,ocu_details_5,2012,15.595
gnq,sex_m,geo_cov_nat,ocu_details_5,2013,15.412
gnq,sex_m,geo_cov_nat,ocu_details_5,2014,15.414
gnq,sex_m,geo_cov_nat,ocu_details_5,2015,15.245
gnq,sex_m,geo_cov_nat,ocu_details_5,2016,15.029
gnq,sex_m,geo_cov_nat,ocu_details_5,2017,14.619
gnq,sex_m,geo_cov_nat,ocu_details_5,2018,14.368
gnq,sex_m,geo_cov_nat,ocu_details_5,2019,14.063
gnq,sex_m,geo_cov_nat,ocu_details_5,2020,13.872
gnq,sex_m,geo_cov_nat,ocu_details_5,2021,13.726
gnq,sex_m,geo_cov_nat,ocu_details_5,2022,13.591
gnq,sex_m,geo_cov_nat,ocu_details_5,2023,13.464
gnq,sex_m,geo_cov_nat,ocu_details_5,2024,13.341
gnq,sex_m,geo_cov_nat,ocu_details_7,2010,26.688
gnq,sex_m,geo_cov_nat,ocu_details_7,2011,26.459
gnq,sex_m,geo_cov_nat,ocu_details_7,2012,26.168
gnq,sex_m,geo_cov_nat,ocu_details_7,2013,25.548
gnq,sex_m,geo_cov_nat,ocu_details_7,2014,24.999
gnq,sex_m,geo_cov_nat,ocu_details_7,2015,23.263
gnq,sex_m,geo_cov_nat,ocu_details_7,2016,21.937
gnq,sex_m,geo_cov_nat,ocu_details_7,2017,22.383
gnq,sex_m,geo_cov_nat,ocu_details_7,2018,22.378
gnq,sex_m,geo_cov_nat,ocu_details_7,2019,22.286
gnq,sex_m,geo_cov_nat,ocu_details_7,2020,22.205
gnq,sex_m,geo_cov_nat,ocu_details_7,2021,22.203
gnq,sex_m,geo_cov_nat,ocu_details_7,2022,22.242
gnq,sex_m,geo_cov_nat,ocu_details_7,2023,22.3
gnq,sex_m,geo_cov_nat,ocu_details_7,2024,22.368
gnq,sex_m,geo_cov_nat,ocu_details_8,2010,8.034
gnq,sex_m,geo_cov_nat,ocu_details_8,2011,8.247
gnq,sex_m,geo_cov_nat,ocu_details_8,2012,7.212
gnq,sex_m,geo_cov_nat,ocu_details_8,2013,7.694
gnq,sex_m,geo_cov_nat,ocu_details_8,2014,7.873
gnq,sex_m,geo_cov_nat,ocu_details_8,2015,7.574
gnq,sex_m,geo_cov_nat,ocu_details_8,2016,7.792
gnq,sex_m,geo_cov_nat,ocu_details_8,2017,9.065
gnq,sex_m,geo_cov_nat,ocu_details_8,2018,9.082
gnq,sex_m,geo_cov_nat,ocu_details_8,2019,9.093
gnq,sex_m,geo_cov_nat,ocu_details_8,2020,9.086
gnq,sex_m,geo_cov_nat,ocu_details_8,2021,9.094
gnq,sex_m,geo_cov_nat,ocu_details_8,2022,9.103
gnq,sex_m,geo_cov_nat,ocu_details_8,2023,9.11
gnq,sex_m,geo_cov_nat,ocu_details_8,2024,9.117
gnq,sex_m,geo_cov_nat,ocu_details_96,2010,28.592
gnq,sex_m,geo_cov_nat,ocu_details_96,2011,28.29
gnq,sex_m,geo_cov_nat,ocu_details_96,2012,28.464
gnq,sex_m,geo_cov_nat,ocu_details_96,2013,28.866
gnq,sex_m,geo_cov_nat,ocu_details_96,2014,29.194
gnq,sex_m,geo_cov_nat,ocu_details_96,2015,30.391
gnq,sex_m,geo_cov_nat,ocu_details_96,2016,31.333
gnq,sex_m,geo_cov_nat,ocu_details_96,2017,31.466
gnq,sex_m,geo_cov_nat,ocu_details_96,2018,32.071
gnq,sex_m,geo_cov_nat,ocu_details_96,2019,32.822
gnq,sex_m,geo_cov_nat,ocu_details_96,2020,33.456
gnq,sex_m,geo_cov_nat,ocu_details_96,2021,33.969
gnq,sex_m,geo_cov_nat,ocu_details_96,2022,34.449
gnq,sex_m,geo_cov_nat,ocu_details_96,2023,34.91
gnq,sex_m,geo_cov_nat,ocu_details_96,2024,35.355
gnq,sex_m,geo_cov_nat,ocu_details_total,2010,100
gnq,sex_m,geo_cov_nat,ocu_details_total,2011,100
gnq,sex_m,geo_cov_nat,ocu_details_total,2012,100
gnq,sex_m,geo_cov_nat,ocu_details_total,2013,100
gnq,sex_m,geo_cov_nat,ocu_details_total,2014,100
gnq,sex_m,geo_cov_nat,ocu_details_total,2015,100
gnq,sex_m,geo_cov_nat,ocu_details_total,2016,100
gnq,sex_m,geo_cov_nat,ocu_details_total,2017,100
gnq,sex_m,geo_cov_nat,ocu_details_total,2018,100
gnq,sex_m,geo_cov_nat,ocu_details_total,2019,100
gnq,sex_m,geo_cov_nat,ocu_details_total,2020,100
gnq,sex_m,geo_cov_nat,ocu_details_total,2021,100
gnq,sex_m,geo_cov_nat,ocu_details_total,2022,100
gnq,sex_m,geo_cov_nat,ocu_details_total,2023,100
gnq,sex_m,geo_cov_nat,ocu_details_total,2024,100
gnq,sex_m,geo_cov_rur,ocu_details_1,2010,1.992
gnq,sex_m,geo_cov_rur,ocu_details_1,2011,1.973
gnq,sex_m,geo_cov_rur,ocu_details_1,2012,1.988
gnq,sex_m,geo_cov_rur,ocu_details_1,2013,2.028
gnq,sex_m,geo_cov_rur,ocu_details_1,2014,2.047
gnq,sex_m,geo_cov_rur,ocu_details_1,2015,2.168
gnq,sex_m,geo_cov_rur,ocu_details_1,2016,2.245
gnq,sex_m,geo_cov_rur,ocu_details_1,2017,2.18
gnq,sex_m,geo_cov_rur,ocu_details_1,2018,2.157
gnq,sex_m,geo_cov_rur,ocu_details_1,2019,2.134
gnq,sex_m,geo_cov_rur,ocu_details_1,2020,2.106
gnq,sex_m,geo_cov_rur,ocu_details_1,2021,2.076
gnq,sex_m,geo_cov_rur,ocu_details_1,2022,2.044
gnq,sex_m,geo_cov_rur,ocu_details_1,2023,2.01
gnq,sex_m,geo_cov_rur,ocu_details_1,2024,1.976
gnq,sex_m,geo_cov_rur,ocu_details_2,2010,3.907
gnq,sex_m,geo_cov_rur,ocu_details_2,2011,3.832
gnq,sex_m,geo_cov_rur,ocu_details_2,2012,3.915
gnq,sex_m,geo_cov_rur,ocu_details_2,2013,4.114
gnq,sex_m,geo_cov_rur,ocu_details_2,2014,4.181
gnq,sex_m,geo_cov_rur,ocu_details_2,2015,4.727
gnq,sex_m,geo_cov_rur,ocu_details_2,2016,5.039
gnq,sex_m,geo_cov_rur,ocu_details_2,2017,4.604
gnq,sex_m,geo_cov_rur,ocu_details_2,2018,4.429
gnq,sex_m,geo_cov_rur,ocu_details_2,2019,4.241
gnq,sex_m,geo_cov_rur,ocu_details_2,2020,4.057
gnq,sex_m,geo_cov_rur,ocu_details_2,2021,3.88
gnq,sex_m,geo_cov_rur,ocu_details_2,2022,3.706
gnq,sex_m,geo_cov_rur,ocu_details_2,2023,3.538
gnq,sex_m,geo_cov_rur,ocu_details_2,2024,3.377
gnq,sex_m,geo_cov_rur,ocu_details_3,2010,5.825
gnq,sex_m,geo_cov_rur,ocu_details_3,2011,5.844
gnq,sex_m,geo_cov_rur,ocu_details_3,2012,6.316
gnq,sex_m,geo_cov_rur,ocu_details_3,2013,6.064
gnq,sex_m,geo_cov_rur,ocu_details_3,2014,5.978
gnq,sex_m,geo_cov_rur,ocu_details_3,2015,6.044
gnq,sex_m,geo_cov_rur,ocu_details_3,2016,5.897
gnq,sex_m,geo_cov_rur,ocu_details_3,2017,5.314
gnq,sex_m,geo_cov_rur,ocu_details_3,2018,5.166
gnq,sex_m,geo_cov_rur,ocu_details_3,2019,5.013
gnq,sex_m,geo_cov_rur,ocu_details_3,2020,4.883
gnq,sex_m,geo_cov_rur,ocu_details_3,2021,4.761
gnq,sex_m,geo_cov_rur,ocu_details_3,2022,4.636
gnq,sex_m,geo_cov_rur,ocu_details_3,2023,4.51
gnq,sex_m,geo_cov_rur,ocu_details_3,2024,4.386
gnq,sex_m,geo_cov_rur,ocu_details_4,2010,2.934
gnq,sex_m,geo_cov_rur,ocu_details_4,2011,3.046
gnq,sex_m,geo_cov_rur,ocu_details_4,2012,3.093
gnq,sex_m,geo_cov_rur,ocu_details_4,2013,2.986
gnq,sex_m,geo_cov_rur,ocu_details_4,2014,2.965
gnq,sex_m,geo_cov_rur,ocu_details_4,2015,2.788
gnq,sex_m,geo_cov_rur,ocu_details_4,2016,2.656
gnq,sex_m,geo_cov_rur,ocu_details_4,2017,2.628
gnq,sex_m,geo_cov_rur,ocu_details_4,2018,2.569
gnq,sex_m,geo_cov_rur,ocu_details_4,2019,2.502
gnq,sex_m,geo_cov_rur,ocu_details_4,2020,2.449
gnq,sex_m,geo_cov_rur,ocu_details_4,2021,2.397
gnq,sex_m,geo_cov_rur,ocu_details_4,2022,2.344
gnq,sex_m,geo_cov_rur,ocu_details_4,2023,2.29
gnq,sex_m,geo_cov_rur,ocu_details_4,2024,2.237
gnq,sex_m,geo_cov_rur,ocu_details_5,2010,12.181
gnq,sex_m,geo_cov_rur,ocu_details_5,2011,12.523
gnq,sex_m,geo_cov_rur,ocu_details_5,2012,12.79
gnq,sex_m,geo_cov_rur,ocu_details_5,2013,12.591
gnq,sex_m,geo_cov_rur,ocu_details_5,2014,12.561
gnq,sex_m,geo_cov_rur,ocu_details_5,2015,12.325
gnq,sex_m,geo_cov_rur,ocu_details_5,2016,12.053
gnq,sex_m,geo_cov_rur,ocu_details_5,2017,11.637
gnq,sex_m,geo_cov_rur,ocu_details_5,2018,11.337
gnq,sex_m,geo_cov_rur,ocu_details_5,2019,10.976
gnq,sex_m,geo_cov_rur,ocu_details_5,2020,10.723
gnq,sex_m,geo_cov_rur,ocu_details_5,2021,10.523
gnq,sex_m,geo_cov_rur,ocu_details_5,2022,10.335
gnq,sex_m,geo_cov_rur,ocu_details_5,2023,10.154
gnq,sex_m,geo_cov_rur,ocu_details_5,2024,9.98
gnq,sex_m,geo_cov_rur,ocu_details_7,2010,26.246
gnq,sex_m,geo_cov_rur,ocu_details_7,2011,26.089
gnq,sex_m,geo_cov_rur,ocu_details_7,2012,25.823
gnq,sex_m,geo_cov_rur,ocu_details_7,2013,25.122
gnq,sex_m,geo_cov_rur,ocu_details_7,2014,24.519
gnq,sex_m,geo_cov_rur,ocu_details_7,2015,22.631
gnq,sex_m,geo_cov_rur,ocu_details_7,2016,21.17
gnq,sex_m,geo_cov_rur,ocu_details_7,2017,21.501
gnq,sex_m,geo_cov_rur,ocu_details_7,2018,21.357
gnq,sex_m,geo_cov_rur,ocu_details_7,2019,21.097
gnq,sex_m,geo_cov_rur,ocu_details_7,2020,20.87
gnq,sex_m,geo_cov_rur,ocu_details_7,2021,20.74
gnq,sex_m,geo_cov_rur,ocu_details_7,2022,20.653
gnq,sex_m,geo_cov_rur,ocu_details_7,2023,20.584
gnq,sex_m,geo_cov_rur,ocu_details_7,2024,20.526
gnq,sex_m,geo_cov_rur,ocu_details_8,2010,7.169
gnq,sex_m,geo_cov_rur,ocu_details_8,2011,7.386
gnq,sex_m,geo_cov_rur,ocu_details_8,2012,6.454
gnq,sex_m,geo_cov_rur,ocu_details_8,2013,6.869
gnq,sex_m,geo_cov_rur,ocu_details_8,2014,7.017
gnq,sex_m,geo_cov_rur,ocu_details_8,2015,6.7
gnq,sex_m,geo_cov_rur,ocu_details_8,2016,6.848
gnq,sex_m,geo_cov_rur,ocu_details_8,2017,7.94
gnq,sex_m,geo_cov_rur,ocu_details_8,2018,7.896
gnq,sex_m,geo_cov_rur,ocu_details_8,2019,7.833
gnq,sex_m,geo_cov_rur,ocu_details_8,2020,7.764
gnq,sex_m,geo_cov_rur,ocu_details_8,2021,7.717
gnq,sex_m,geo_cov_rur,ocu_details_8,2022,7.671
gnq,sex_m,geo_cov_rur,ocu_details_8,2023,7.623
gnq,sex_m,geo_cov_rur,ocu_details_8,2024,7.577
gnq,sex_m,geo_cov_rur,ocu_details_96,2010,39.744
gnq,sex_m,geo_cov_rur,ocu_details_96,2011,39.307
gnq,sex_m,geo_cov_rur,ocu_details_96,2012,39.621
gnq,sex_m,geo_cov_rur,ocu_details_96,2013,40.225
gnq,sex_m,geo_cov_rur,ocu_details_96,2014,40.732
gnq,sex_m,geo_cov_rur,ocu_details_96,2015,42.618
gnq,sex_m,geo_cov_rur,ocu_details_96,2016,44.09
gnq,sex_m,geo_cov_rur,ocu_details_96,2017,44.196
gnq,sex_m,geo_cov_rur,ocu_details_96,2018,45.089
gnq,sex_m,geo_cov_rur,ocu_details_96,2019,46.205
gnq,sex_m,geo_cov_rur,ocu_details_96,2020,47.148
gnq,sex_m,geo_cov_rur,ocu_details_96,2021,47.907
gnq,sex_m,geo_cov_rur,ocu_details_96,2022,48.612
gnq,sex_m,geo_cov_rur,ocu_details_96,2023,49.29
gnq,sex_m,geo_cov_rur,ocu_details_96,2024,49.941
gnq,sex_m,geo_cov_rur,ocu_details_total,2010,100
gnq,sex_m,geo_cov_rur,ocu_details_total,2011,100
gnq,sex_m,geo_cov_rur,ocu_details_total,2012,100
gnq,sex_m,geo_cov_rur,ocu_details_total,2013,100
gnq,sex_m,geo_cov_rur,ocu_details_total,2014,100
gnq,sex_m,geo_cov_rur,ocu_details_total,2015,100
gnq,sex_m,geo_cov_rur,ocu_details_total,2016,100
gnq,sex_m,geo_cov_rur,ocu_details_total,2017,100
gnq,sex_m,geo_cov_rur,ocu_details_total,2018,100
gnq,sex_m,geo_cov_rur,ocu_details_total,2019,100
gnq,sex_m,geo_cov_rur,ocu_details_total,2020,100
gnq,sex_m,geo_cov_rur,ocu_details_total,2021,100
gnq,sex_m,geo_cov_rur,ocu_details_total,2022,100
gnq,sex_m,geo_cov_rur,ocu_details_total,2023,100
gnq,sex_m,geo_cov_rur,ocu_details_total,2024,100
gnq,sex_m,geo_cov_urb,ocu_details_1,2010,3.481
gnq,sex_m,geo_cov_urb,ocu_details_1,2011,3.425
gnq,sex_m,geo_cov_urb,ocu_details_1,2012,3.443
gnq,sex_m,geo_cov_urb,ocu_details_1,2013,3.535
gnq,sex_m,geo_cov_urb,ocu_details_1,2014,3.583
gnq,sex_m,geo_cov_urb,ocu_details_1,2015,3.843
gnq,sex_m,geo_cov_urb,ocu_details_1,2016,4.034
gnq,sex_m,geo_cov_urb,ocu_details_1,2017,3.963
gnq,sex_m,geo_cov_urb,ocu_details_1,2018,3.979
gnq,sex_m,geo_cov_urb,ocu_details_1,2019,4.006
gnq,sex_m,geo_cov_urb,ocu_details_1,2020,4.016
gnq,sex_m,geo_cov_urb,ocu_details_1,2021,4.013
gnq,sex_m,geo_cov_urb,ocu_details_1,2022,4.004
gnq,sex_m,geo_cov_urb,ocu_details_1,2023,3.992
gnq,sex_m,geo_cov_urb,ocu_details_1,2024,3.977
gnq,sex_m,geo_cov_urb,ocu_details_2,2010,6.56
gnq,sex_m,geo_cov_urb,ocu_details_2,2011,6.394
gnq,sex_m,geo_cov_urb,ocu_details_2,2012,6.517
gnq,sex_m,geo_cov_urb,ocu_details_2,2013,6.889
gnq,sex_m,geo_cov_urb,ocu_details_2,2014,7.029
gnq,sex_m,geo_cov_urb,ocu_details_2,2015,8.045
gnq,sex_m,geo_cov_urb,ocu_details_2,2016,8.685
gnq,sex_m,geo_cov_urb,ocu_details_2,2017,8.027
gnq,sex_m,geo_cov_urb,ocu_details_2,2018,7.832
gnq,sex_m,geo_cov_urb,ocu_details_2,2019,7.629
gnq,sex_m,geo_cov_urb,ocu_details_2,2020,7.41
gnq,sex_m,geo_cov_urb,ocu_details_2,2021,7.182
gnq,sex_m,geo_cov_urb,ocu_details_2,2022,6.952
gnq,sex_m,geo_cov_urb,ocu_details_2,2023,6.724
gnq,sex_m,geo_cov_urb,ocu_details_2,2024,6.502
gnq,sex_m,geo_cov_urb,ocu_details_3,2010,9.759
gnq,sex_m,geo_cov_urb,ocu_details_3,2011,9.73
gnq,sex_m,geo_cov_urb,ocu_details_3,2012,10.491
gnq,sex_m,geo_cov_urb,ocu_details_3,2013,10.134
gnq,sex_m,geo_cov_urb,ocu_details_3,2014,10.031
gnq,sex_m,geo_cov_urb,ocu_details_3,2015,10.272
gnq,sex_m,geo_cov_urb,ocu_details_3,2016,10.152
gnq,sex_m,geo_cov_urb,ocu_details_3,2017,9.251
gnq,sex_m,geo_cov_urb,ocu_details_3,2018,9.12
gnq,sex_m,geo_cov_urb,ocu_details_3,2019,9.002
gnq,sex_m,geo_cov_urb,ocu_details_3,2020,8.902
gnq,sex_m,geo_cov_urb,ocu_details_3,2021,8.796
gnq,sex_m,geo_cov_urb,ocu_details_3,2022,8.676
gnq,sex_m,geo_cov_urb,ocu_details_3,2023,8.551
gnq,sex_m,geo_cov_urb,ocu_details_3,2024,8.424
gnq,sex_m,geo_cov_urb,ocu_details_4,2010,5.719
gnq,sex_m,geo_cov_urb,ocu_details_4,2011,5.895
gnq,sex_m,geo_cov_urb,ocu_details_4,2012,5.97
gnq,sex_m,geo_cov_urb,ocu_details_4,2013,5.805
gnq,sex_m,geo_cov_urb,ocu_details_4,2014,5.79
gnq,sex_m,geo_cov_urb,ocu_details_4,2015,5.522
gnq,sex_m,geo_cov_urb,ocu_details_4,2016,5.338
gnq,sex_m,geo_cov_urb,ocu_details_4,2017,5.35
gnq,sex_m,geo_cov_urb,ocu_details_4,2018,5.311
gnq,sex_m,geo_cov_urb,ocu_details_4,2019,5.276
gnq,sex_m,geo_cov_urb,ocu_details_4,2020,5.254
gnq,sex_m,geo_cov_urb,ocu_details_4,2021,5.22
gnq,sex_m,geo_cov_urb,ocu_details_4,2022,5.179
gnq,sex_m,geo_cov_urb,ocu_details_4,2023,5.136
gnq,sex_m,geo_cov_urb,ocu_details_4,2024,5.091
gnq,sex_m,geo_cov_urb,ocu_details_5,2010,16.412
gnq,sex_m,geo_cov_urb,ocu_details_5,2011,16.774
gnq,sex_m,geo_cov_urb,ocu_details_5,2012,17.09
gnq,sex_m,geo_cov_urb,ocu_details_5,2013,16.916
gnq,sex_m,geo_cov_urb,ocu_details_5,2014,16.935
gnq,sex_m,geo_cov_urb,ocu_details_5,2015,16.8
gnq,sex_m,geo_cov_urb,ocu_details_5,2016,16.615
gnq,sex_m,geo_cov_urb,ocu_details_5,2017,16.207
gnq,sex_m,geo_cov_urb,ocu_details_5,2018,15.982
gnq,sex_m,geo_cov_urb,ocu_details_5,2019,15.708
gnq,sex_m,geo_cov_urb,ocu_details_5,2020,15.548
gnq,sex_m,geo_cov_urb,ocu_details_5,2021,15.431
gnq,sex_m,geo_cov_urb,ocu_details_5,2022,15.325
gnq,sex_m,geo_cov_urb,ocu_details_5,2023,15.226
gnq,sex_m,geo_cov_urb,ocu_details_5,2024,15.13
gnq,sex_m,geo_cov_urb,ocu_details_7,2010,26.924
gnq,sex_m,geo_cov_urb,ocu_details_7,2011,26.656
gnq,sex_m,geo_cov_urb,ocu_details_7,2012,26.352
gnq,sex_m,geo_cov_urb,ocu_details_7,2013,25.775
gnq,sex_m,geo_cov_urb,ocu_details_7,2014,25.254
gnq,sex_m,geo_cov_urb,ocu_details_7,2015,23.6
gnq,sex_m,geo_cov_urb,ocu_details_7,2016,22.345
gnq,sex_m,geo_cov_urb,ocu_details_7,2017,22.852
gnq,sex_m,geo_cov_urb,ocu_details_7,2018,22.922
gnq,sex_m,geo_cov_urb,ocu_details_7,2019,22.919
gnq,sex_m,geo_cov_urb,ocu_details_7,2020,22.916
gnq,sex_m,geo_cov_urb,ocu_details_7,2021,22.982
gnq,sex_m,geo_cov_urb,ocu_details_7,2022,23.089
gnq,sex_m,geo_cov_urb,ocu_details_7,2023,23.213
gnq,sex_m,geo_cov_urb,ocu_details_7,2024,23.349
gnq,sex_m,geo_cov_urb,ocu_details_8,2010,8.496
gnq,sex_m,geo_cov_urb,ocu_details_8,2011,8.705
gnq,sex_m,geo_cov_urb,ocu_details_8,2012,7.616
gnq,sex_m,geo_cov_urb,ocu_details_8,2013,8.133
gnq,sex_m,geo_cov_urb,ocu_details_8,2014,8.33
gnq,sex_m,geo_cov_urb,ocu_details_8,2015,8.04
gnq,sex_m,geo_cov_urb,ocu_details_8,2016,8.294
gnq,sex_m,geo_cov_urb,ocu_details_8,2017,9.664
gnq,sex_m,geo_cov_urb,ocu_details_8,2018,9.714
gnq,sex_m,geo_cov_urb,ocu_details_8,2019,9.764
gnq,sex_m,geo_cov_urb,ocu_details_8,2020,9.79
gnq,sex_m,geo_cov_urb,ocu_details_8,2021,9.828
gnq,sex_m,geo_cov_urb,ocu_details_8,2022,9.866
gnq,sex_m,geo_cov_urb,ocu_details_8,2023,9.901
gnq,sex_m,geo_cov_urb,ocu_details_8,2024,9.936
gnq,sex_m,geo_cov_urb,ocu_details_96,2010,22.65
gnq,sex_m,geo_cov_urb,ocu_details_96,2011,22.421
gnq,sex_m,geo_cov_urb,ocu_details_96,2012,22.521
gnq,sex_m,geo_cov_urb,ocu_details_96,2013,22.813
gnq,sex_m,geo_cov_urb,ocu_details_96,2014,23.048
gnq,sex_m,geo_cov_urb,ocu_details_96,2015,23.878
gnq,sex_m,geo_cov_urb,ocu_details_96,2016,24.538
gnq,sex_m,geo_cov_urb,ocu_details_96,2017,24.686
gnq,sex_m,geo_cov_urb,ocu_details_96,2018,25.14
gnq,sex_m,geo_cov_urb,ocu_details_96,2019,25.696
gnq,sex_m,geo_cov_urb,ocu_details_96,2020,26.166
gnq,sex_m,geo_cov_urb,ocu_details_96,2021,26.549
gnq,sex_m,geo_cov_urb,ocu_details_96,2022,26.909
gnq,sex_m,geo_cov_urb,ocu_details_96,2023,27.257
gnq,sex_m,geo_cov_urb,ocu_details_96,2024,27.591
gnq,sex_m,geo_cov_urb,ocu_details_total,2010,100
gnq,sex_m,geo_cov_urb,ocu_details_total,2011,100
gnq,sex_m,geo_cov_urb,ocu_details_total,2012,100
gnq,sex_m,geo_cov_urb,ocu_details_total,2013,100
gnq,sex_m,geo_cov_urb,ocu_details_total,2014,100
gnq,sex_m,geo_cov_urb,ocu_details_total,2015,100
gnq,sex_m,geo_cov_urb,ocu_details_total,2016,100
gnq,sex_m,geo_cov_urb,ocu_details_total,2017,100
gnq,sex_m,geo_cov_urb,ocu_details_total,2018,100
gnq,sex_m,geo_cov_urb,ocu_details_total,2019,100
gnq,sex_m,geo_cov_urb,ocu_details_total,2020,100
gnq,sex_m,geo_cov_urb,ocu_details_total,2021,100
gnq,sex_m,geo_cov_urb,ocu_details_total,2022,100
gnq,sex_m,geo_cov_urb,ocu_details_total,2023,100
gnq,sex_m,geo_cov_urb,ocu_details_total,2024,100
gnq,sex_t,geo_cov_nat,ocu_details_1,2010,2.397
gnq,sex_t,geo_cov_nat,ocu_details_1,2011,2.355
gnq,sex_t,geo_cov_nat,ocu_details_1,2012,2.369
gnq,sex_t,geo_cov_nat,ocu_details_1,2013,2.439
gnq,sex_t,geo_cov_nat,ocu_details_1,2014,2.468
gnq,sex_t,geo_cov_nat,ocu_details_1,2015,2.643
gnq,sex_t,geo_cov_nat,ocu_details_1,2016,2.761
gnq,sex_t,geo_cov_nat,ocu_details_1,2017,2.699
gnq,sex_t,geo_cov_nat,ocu_details_1,2018,2.697
gnq,sex_t,geo_cov_nat,ocu_details_1,2019,2.699
gnq,sex_t,geo_cov_nat,ocu_details_1,2020,2.691
gnq,sex_t,geo_cov_nat,ocu_details_1,2021,2.677
gnq,sex_t,geo_cov_nat,ocu_details_1,2022,2.661
gnq,sex_t,geo_cov_nat,ocu_details_1,2023,2.643
gnq,sex_t,geo_cov_nat,ocu_details_1,2024,2.625
gnq,sex_t,geo_cov_nat,ocu_details_2,2010,5.035
gnq,sex_t,geo_cov_nat,ocu_details_2,2011,4.894
gnq,sex_t,geo_cov_nat,ocu_details_2,2012,4.969
gnq,sex_t,geo_cov_nat,ocu_details_2,2013,5.293
gnq,sex_t,geo_cov_nat,ocu_details_2,2014,5.396
gnq,sex_t,geo_cov_nat,ocu_details_2,2015,6.209
gnq,sex_t,geo_cov_nat,ocu_details_2,2016,6.72
gnq,sex_t,geo_cov_nat,ocu_details_2,2017,6.207
gnq,sex_t,geo_cov_nat,ocu_details_2,2018,6.038
gnq,sex_t,geo_cov_nat,ocu_details_2,2019,5.861
gnq,sex_t,geo_cov_nat,ocu_details_2,2020,5.662
gnq,sex_t,geo_cov_nat,ocu_details_2,2021,5.455
gnq,sex_t,geo_cov_nat,ocu_details_2,2022,5.248
gnq,sex_t,geo_cov_nat,ocu_details_2,2023,5.045
gnq,sex_t,geo_cov_nat,ocu_details_2,2024,4.848
gnq,sex_t,geo_cov_nat,ocu_details_3,2010,8.146
gnq,sex_t,geo_cov_nat,ocu_details_3,2011,8.08
gnq,sex_t,geo_cov_nat,ocu_details_3,2012,8.612
gnq,sex_t,geo_cov_nat,ocu_details_3,2013,8.393
gnq,sex_t,geo_cov_nat,ocu_details_3,2014,8.285
gnq,sex_t,geo_cov_nat,ocu_details_3,2015,8.469
gnq,sex_t,geo_cov_nat,ocu_details_3,2016,8.365
gnq,sex_t,geo_cov_nat,ocu_details_3,2017,7.69
gnq,sex_t,geo_cov_nat,ocu_details_3,2018,7.571
gnq,sex_t,geo_cov_nat,ocu_details_3,2019,7.458
gnq,sex_t,geo_cov_nat,ocu_details_3,2020,7.344
gnq,sex_t,geo_cov_nat,ocu_details_3,2021,7.226
gnq,sex_t,geo_cov_nat,ocu_details_3,2022,7.101
gnq,sex_t,geo_cov_nat,ocu_details_3,2023,6.973
gnq,sex_t,geo_cov_nat,ocu_details_3,2024,6.844
gnq,sex_t,geo_cov_nat,ocu_details_4,2010,6.443
gnq,sex_t,geo_cov_nat,ocu_details_4,2011,6.546
gnq,sex_t,geo_cov_nat,ocu_details_4,2012,6.539
gnq,sex_t,geo_cov_nat,ocu_details_4,2013,6.445
gnq,sex_t,geo_cov_nat,ocu_details_4,2014,6.383
gnq,sex_t,geo_cov_nat,ocu_details_4,2015,6.112
gnq,sex_t,geo_cov_nat,ocu_details_4,2016,5.914
gnq,sex_t,geo_cov_nat,ocu_details_4,2017,5.967
gnq,sex_t,geo_cov_nat,ocu_details_4,2018,5.925
gnq,sex_t,geo_cov_nat,ocu_details_4,2019,5.879
gnq,sex_t,geo_cov_nat,ocu_details_4,2020,5.821
gnq,sex_t,geo_cov_nat,ocu_details_4,2021,5.756
gnq,sex_t,geo_cov_nat,ocu_details_4,2022,5.688
gnq,sex_t,geo_cov_nat,ocu_details_4,2023,5.617
gnq,sex_t,geo_cov_nat,ocu_details_4,2024,5.547
gnq,sex_t,geo_cov_nat,ocu_details_5,2010,18.116
gnq,sex_t,geo_cov_nat,ocu_details_5,2011,18.231
gnq,sex_t,geo_cov_nat,ocu_details_5,2012,18.449
gnq,sex_t,geo_cov_nat,ocu_details_5,2013,18.384
gnq,sex_t,geo_cov_nat,ocu_details_5,2014,18.33
gnq,sex_t,geo_cov_nat,ocu_details_5,2015,18.241
gnq,sex_t,geo_cov_nat,ocu_details_5,2016,18.005
gnq,sex_t,geo_cov_nat,ocu_details_5,2017,17.567
gnq,sex_t,geo_cov_nat,ocu_details_5,2018,17.292
gnq,sex_t,geo_cov_nat,ocu_details_5,2019,16.938
gnq,sex_t,geo_cov_nat,ocu_details_5,2020,16.679
gnq,sex_t,geo_cov_nat,ocu_details_5,2021,16.49
gnq,sex_t,geo_cov_nat,ocu_details_5,2022,16.321
gnq,sex_t,geo_cov_nat,ocu_details_5,2023,16.161
gnq,sex_t,geo_cov_nat,ocu_details_5,2024,16.008
gnq,sex_t,geo_cov_nat,ocu_details_7,2010,19.64
gnq,sex_t,geo_cov_nat,ocu_details_7,2011,19.878
gnq,sex_t,geo_cov_nat,ocu_details_7,2012,19.675
gnq,sex_t,geo_cov_nat,ocu_details_7,2013,18.988
gnq,sex_t,geo_cov_nat,ocu_details_7,2014,18.688
gnq,sex_t,geo_cov_nat,ocu_details_7,2015,17.143
gnq,sex_t,geo_cov_nat,ocu_details_7,2016,16.138
gnq,sex_t,geo_cov_nat,ocu_details_7,2017,16.658
gnq,sex_t,geo_cov_nat,ocu_details_7,2018,16.672
gnq,sex_t,geo_cov_nat,ocu_details_7,2019,16.671
gnq,sex_t,geo_cov_nat,ocu_details_7,2020,16.693
gnq,sex_t,geo_cov_nat,ocu_details_7,2021,16.715
gnq,sex_t,geo_cov_nat,ocu_details_7,2022,16.747
gnq,sex_t,geo_cov_nat,ocu_details_7,2023,16.782
gnq,sex_t,geo_cov_nat,ocu_details_7,2024,16.82
gnq,sex_t,geo_cov_nat,ocu_details_8,2010,5.352
gnq,sex_t,geo_cov_nat,ocu_details_8,2011,5.518
gnq,sex_t,geo_cov_nat,ocu_details_8,2012,4.788
gnq,sex_t,geo_cov_nat,ocu_details_8,2013,5.138
gnq,sex_t,geo_cov_nat,ocu_details_8,2014,5.279
gnq,sex_t,geo_cov_nat,ocu_details_8,2015,5.073
gnq,sex_t,geo_cov_nat,ocu_details_8,2016,5.234
gnq,sex_t,geo_cov_nat,ocu_details_8,2017,6.172
gnq,sex_t,geo_cov_nat,ocu_details_8,2018,6.193
gnq,sex_t,geo_cov_nat,ocu_details_8,2019,6.216
gnq,sex_t,geo_cov_nat,ocu_details_8,2020,6.222
gnq,sex_t,geo_cov_nat,ocu_details_8,2021,6.224
gnq,sex_t,geo_cov_nat,ocu_details_8,2022,6.226
gnq,sex_t,geo_cov_nat,ocu_details_8,2023,6.227
gnq,sex_t,geo_cov_nat,ocu_details_8,2024,6.227
gnq,sex_t,geo_cov_nat,ocu_details_96,2010,34.87
gnq,sex_t,geo_cov_nat,ocu_details_96,2011,34.499
gnq,sex_t,geo_cov_nat,ocu_details_96,2012,34.599
gnq,sex_t,geo_cov_nat,ocu_details_96,2013,34.921
gnq,sex_t,geo_cov_nat,ocu_details_96,2014,35.17
gnq,sex_t,geo_cov_nat,ocu_details_96,2015,36.11
gnq,sex_t,geo_cov_nat,ocu_details_96,2016,36.862
gnq,sex_t,geo_cov_nat,ocu_details_96,2017,37.04
gnq,sex_t,geo_cov_nat,ocu_details_96,2018,37.612
gnq,sex_t,geo_cov_nat,ocu_details_96,2019,38.278
gnq,sex_t,geo_cov_nat,ocu_details_96,2020,38.887
gnq,sex_t,geo_cov_nat,ocu_details_96,2021,39.456
gnq,sex_t,geo_cov_nat,ocu_details_96,2022,40.01
gnq,sex_t,geo_cov_nat,ocu_details_96,2023,40.552
gnq,sex_t,geo_cov_nat,ocu_details_96,2024,41.081
gnq,sex_t,geo_cov_nat,ocu_details_total,2010,100
gnq,sex_t,geo_cov_nat,ocu_details_total,2011,100
gnq,sex_t,geo_cov_nat,ocu_details_total,2012,100
gnq,sex_t,geo_cov_nat,ocu_details_total,2013,100
gnq,sex_t,geo_cov_nat,ocu_details_total,2014,100
gnq,sex_t,geo_cov_nat,ocu_details_total,2015,100
gnq,sex_t,geo_cov_nat,ocu_details_total,2016,100
gnq,sex_t,geo_cov_nat,ocu_details_total,2017,100
gnq,sex_t,geo_cov_nat,ocu_details_total,2018,100
gnq,sex_t,geo_cov_nat,ocu_details_total,2019,100
gnq,sex_t,geo_cov_nat,ocu_details_total,2020,100
gnq,sex_t,geo_cov_nat,ocu_details_total,2021,100
gnq,sex_t,geo_cov_nat,ocu_details_total,2022,100
gnq,sex_t,geo_cov_nat,ocu_details_total,2023,100
gnq,sex_t,geo_cov_nat,ocu_details_total,2024,100
gnq,sex_t,geo_cov_rur,ocu_details_1,2010,1.531
gnq,sex_t,geo_cov_rur,ocu_details_1,2011,1.514
gnq,sex_t,geo_cov_rur,ocu_details_1,2012,1.526
gnq,sex_t,geo_cov_rur,ocu_details_1,2013,1.564
gnq,sex_t,geo_cov_rur,ocu_details_1,2014,1.577
gnq,sex_t,geo_cov_rur,ocu_details_1,2015,1.672
gnq,sex_t,geo_cov_rur,ocu_details_1,2016,1.729
gnq,sex_t,geo_cov_rur,ocu_details_1,2017,1.674
gnq,sex_t,geo_cov_rur,ocu_details_1,2018,1.653
gnq,sex_t,geo_cov_rur,ocu_details_1,2019,1.63
gnq,sex_t,geo_cov_rur,ocu_details_1,2020,1.603
gnq,sex_t,geo_cov_rur,ocu_details_1,2021,1.573
gnq,sex_t,geo_cov_rur,ocu_details_1,2022,1.542
gnq,sex_t,geo_cov_rur,ocu_details_1,2023,1.511
gnq,sex_t,geo_cov_rur,ocu_details_1,2024,1.479
gnq,sex_t,geo_cov_rur,ocu_details_2,2010,3.27
gnq,sex_t,geo_cov_rur,ocu_details_2,2011,3.199
gnq,sex_t,geo_cov_rur,ocu_details_2,2012,3.256
gnq,sex_t,geo_cov_rur,ocu_details_2,2013,3.45
gnq,sex_t,geo_cov_rur,ocu_details_2,2014,3.505
gnq,sex_t,geo_cov_rur,ocu_details_2,2015,3.991
gnq,sex_t,geo_cov_rur,ocu_details_2,2016,4.273
gnq,sex_t,geo_cov_rur,ocu_details_2,2017,3.907
gnq,sex_t,geo_cov_rur,ocu_details_2,2018,3.752
gnq,sex_t,geo_cov_rur,ocu_details_2,2019,3.588
gnq,sex_t,geo_cov_rur,ocu_details_2,2020,3.417
gnq,sex_t,geo_cov_rur,ocu_details_2,2021,3.246
gnq,sex_t,geo_cov_rur,ocu_details_2,2022,3.078
gnq,sex_t,geo_cov_rur,ocu_details_2,2023,2.917
gnq,sex_t,geo_cov_rur,ocu_details_2,2024,2.762
gnq,sex_t,geo_cov_rur,ocu_details_3,2010,5.241
gnq,sex_t,geo_cov_rur,ocu_details_3,2011,5.235
gnq,sex_t,geo_cov_rur,ocu_details_3,2012,5.597
gnq,sex_t,geo_cov_rur,ocu_details_3,2013,5.426
gnq,sex_t,geo_cov_rur,ocu_details_3,2014,5.337
gnq,sex_t,geo_cov_rur,ocu_details_3,2015,5.402
gnq,sex_t,geo_cov_rur,ocu_details_3,2016,5.28
gnq,sex_t,geo_cov_rur,ocu_details_3,2017,4.797
gnq,sex_t,geo_cov_rur,ocu_details_3,2018,4.661
gnq,sex_t,geo_cov_rur,ocu_details_3,2019,4.521
gnq,sex_t,geo_cov_rur,ocu_details_3,2020,4.386
gnq,sex_t,geo_cov_rur,ocu_details_3,2021,4.252
gnq,sex_t,geo_cov_rur,ocu_details_3,2022,4.115
gnq,sex_t,geo_cov_rur,ocu_details_3,2023,3.977
gnq,sex_t,geo_cov_rur,ocu_details_3,2024,3.842
gnq,sex_t,geo_cov_rur,ocu_details_4,2010,3.473
gnq,sex_t,geo_cov_rur,ocu_details_4,2011,3.562
gnq,sex_t,geo_cov_rur,ocu_details_4,2012,3.57
gnq,sex_t,geo_cov_rur,ocu_details_4,2013,3.496
gnq,sex_t,geo_cov_rur,ocu_details_4,2014,3.447
gnq,sex_t,geo_cov_rur,ocu_details_4,2015,3.259
gnq,sex_t,geo_cov_rur,ocu_details_4,2016,3.111
gnq,sex_t,geo_cov_rur,ocu_details_4,2017,3.095
gnq,sex_t,geo_cov_rur,ocu_details_4,2018,3.02
gnq,sex_t,geo_cov_rur,ocu_details_4,2019,2.937
gnq,sex_t,geo_cov_rur,ocu_details_4,2020,2.85
gnq,sex_t,geo_cov_rur,ocu_details_4,2021,2.759
gnq,sex_t,geo_cov_rur,ocu_details_4,2022,2.666
gnq,sex_t,geo_cov_rur,ocu_details_4,2023,2.573
gnq,sex_t,geo_cov_rur,ocu_details_4,2024,2.481
gnq,sex_t,geo_cov_rur,ocu_details_5,2010,13.635
gnq,sex_t,geo_cov_rur,ocu_details_5,2011,13.811
gnq,sex_t,geo_cov_rur,ocu_details_5,2012,14.003
gnq,sex_t,geo_cov_rur,ocu_details_5,2013,13.901
gnq,sex_t,geo_cov_rur,ocu_details_5,2014,13.817
gnq,sex_t,geo_cov_rur,ocu_details_5,2015,13.636
gnq,sex_t,geo_cov_rur,ocu_details_5,2016,13.343
gnq,sex_t,geo_cov_rur,ocu_details_5,2017,12.903
gnq,sex_t,geo_cov_rur,ocu_details_5,2018,12.558
gnq,sex_t,geo_cov_rur,ocu_details_5,2019,12.144
gnq,sex_t,geo_cov_rur,ocu_details_5,2020,11.806
gnq,sex_t,geo_cov_rur,ocu_details_5,2021,11.52
gnq,sex_t,geo_cov_rur,ocu_details_5,2022,11.248
gnq,sex_t,geo_cov_rur,ocu_details_5,2023,10.984
gnq,sex_t,geo_cov_rur,ocu_details_5,2024,10.727
gnq,sex_t,geo_cov_rur,ocu_details_7,2010,18.797
gnq,sex_t,geo_cov_rur,ocu_details_7,2011,19.04
gnq,sex_t,geo_cov_rur,ocu_details_7,2012,18.862
gnq,sex_t,geo_cov_rur,ocu_details_7,2013,18.171
gnq,sex_t,geo_cov_rur,ocu_details_7,2014,17.828
gnq,sex_t,geo_cov_rur,ocu_details_7,2015,16.254
gnq,sex_t,geo_cov_rur,ocu_details_7,2016,15.184
gnq,sex_t,geo_cov_rur,ocu_details_7,2017,15.573
gnq,sex_t,geo_cov_rur,ocu_details_7,2018,15.476
gnq,sex_t,geo_cov_rur,ocu_details_7,2019,15.336
gnq,sex_t,geo_cov_rur,ocu_details_7,2020,15.225
gnq,sex_t,geo_cov_rur,ocu_details_7,2021,15.127
gnq,sex_t,geo_cov_rur,ocu_details_7,2022,15.042
gnq,sex_t,geo_cov_rur,ocu_details_7,2023,14.962
gnq,sex_t,geo_cov_rur,ocu_details_7,2024,14.885
gnq,sex_t,geo_cov_rur,ocu_details_8,2010,4.719
gnq,sex_t,geo_cov_rur,ocu_details_8,2011,4.883
gnq,sex_t,geo_cov_rur,ocu_details_8,2012,4.24
gnq,sex_t,geo_cov_rur,ocu_details_8,2013,4.538
gnq,sex_t,geo_cov_rur,ocu_details_8,2014,4.651
gnq,sex_t,geo_cov_rur,ocu_details_8,2015,4.439
gnq,sex_t,geo_cov_rur,ocu_details_8,2016,4.549
gnq,sex_t,geo_cov_rur,ocu_details_8,2017,5.333
gnq,sex_t,geo_cov_rur,ocu_details_8,2018,5.309
gnq,sex_t,geo_cov_rur,ocu_details_8,2019,5.278
gnq,sex_t,geo_cov_rur,ocu_details_8,2020,5.238
gnq,sex_t,geo_cov_rur,ocu_details_8,2021,5.198
gnq,sex_t,geo_cov_rur,ocu_details_8,2022,5.159
gnq,sex_t,geo_cov_rur,ocu_details_8,2023,5.12
gnq,sex_t,geo_cov_rur,ocu_details_8,2024,5.081
gnq,sex_t,geo_cov_rur,ocu_details_96,2010,49.333
gnq,sex_t,geo_cov_rur,ocu_details_96,2011,48.756
gnq,sex_t,geo_cov_rur,ocu_details_96,2012,48.946
gnq,sex_t,geo_cov_rur,ocu_details_96,2013,49.454
gnq,sex_t,geo_cov_rur,ocu_details_96,2014,49.837
gnq,sex_t,geo_cov_rur,ocu_details_96,2015,51.346
gnq,sex_t,geo_cov_rur,ocu_details_96,2016,52.53
gnq,sex_t,geo_cov_rur,ocu_details_96,2017,52.717
gnq,sex_t,geo_cov_rur,ocu_details_96,2018,53.571
gnq,sex_t,geo_cov_rur,ocu_details_96,2019,54.566
gnq,sex_t,geo_cov_rur,ocu_details_96,2020,55.475
gnq,sex_t,geo_cov_rur,ocu_details_96,2021,56.324
gnq,sex_t,geo_cov_rur,ocu_details_96,2022,57.148
gnq,sex_t,geo_cov_rur,ocu_details_96,2023,57.956
gnq,sex_t,geo_cov_rur,ocu_details_96,2024,58.744
gnq,sex_t,geo_cov_rur,ocu_details_total,2010,100
gnq,sex_t,geo_cov_rur,ocu_details_total,2011,100
gnq,sex_t,geo_cov_rur,ocu_details_total,2012,100
gnq,sex_t,geo_cov_rur,ocu_details_total,2013,100
gnq,sex_t,geo_cov_rur,ocu_details_total,2014,100
gnq,sex_t,geo_cov_rur,ocu_details_total,2015,100
gnq,sex_t,geo_cov_rur,ocu_details_total,2016,100
gnq,sex_t,geo_cov_rur,ocu_details_total,2017,100
gnq,sex_t,geo_cov_rur,ocu_details_total,2018,100
gnq,sex_t,geo_cov_rur,ocu_details_total,2019,100
gnq,sex_t,geo_cov_rur,ocu_details_total,2020,100
gnq,sex_t,geo_cov_rur,ocu_details_total,2021,100
gnq,sex_t,geo_cov_rur,ocu_details_total,2022,100
gnq,sex_t,geo_cov_rur,ocu_details_total,2023,100
gnq,sex_t,geo_cov_rur,ocu_details_total,2024,100
gnq,sex_t,geo_cov_urb,ocu_details_1,2010,2.858
gnq,sex_t,geo_cov_urb,ocu_details_1,2011,2.803
gnq,sex_t,geo_cov_urb,ocu_details_1,2012,2.818
gnq,sex_t,geo_cov_urb,ocu_details_1,2013,2.906
gnq,sex_t,geo_cov_urb,ocu_details_1,2014,2.944
gnq,sex_t,geo_cov_urb,ocu_details_1,2015,3.161
gnq,sex_t,geo_cov_urb,ocu_details_1,2016,3.312
gnq,sex_t,geo_cov_urb,ocu_details_1,2017,3.246
gnq,sex_t,geo_cov_urb,ocu_details_1,2018,3.254
gnq,sex_t,geo_cov_urb,ocu_details_1,2019,3.269
gnq,sex_t,geo_cov_urb,ocu_details_1,2020,3.271
gnq,sex_t,geo_cov_urb,ocu_details_1,2021,3.266
gnq,sex_t,geo_cov_urb,ocu_details_1,2022,3.257
gnq,sex_t,geo_cov_urb,ocu_details_1,2023,3.247
gnq,sex_t,geo_cov_urb,ocu_details_1,2024,3.237
gnq,sex_t,geo_cov_urb,ocu_details_2,2010,5.977
gnq,sex_t,geo_cov_urb,ocu_details_2,2011,5.798
gnq,sex_t,geo_cov_urb,ocu_details_2,2012,5.883
gnq,sex_t,geo_cov_urb,ocu_details_2,2013,6.275
gnq,sex_t,geo_cov_urb,ocu_details_2,2014,6.405
gnq,sex_t,geo_cov_urb,ocu_details_2,2015,7.392
gnq,sex_t,geo_cov_urb,ocu_details_2,2016,8.025
gnq,sex_t,geo_cov_urb,ocu_details_2,2017,7.434
gnq,sex_t,geo_cov_urb,ocu_details_2,2018,7.256
gnq,sex_t,geo_cov_urb,ocu_details_2,2019,7.073
gnq,sex_t,geo_cov_urb,ocu_details_2,2020,6.859
gnq,sex_t,geo_cov_urb,ocu_details_2,2021,6.633
gnq,sex_t,geo_cov_urb,ocu_details_2,2022,6.405
gnq,sex_t,geo_cov_urb,ocu_details_2,2023,6.18
gnq,sex_t,geo_cov_urb,ocu_details_2,2024,5.961
gnq,sex_t,geo_cov_urb,ocu_details_3,2010,9.696
gnq,sex_t,geo_cov_urb,ocu_details_3,2011,9.598
gnq,sex_t,geo_cov_urb,ocu_details_3,2012,10.219
gnq,sex_t,geo_cov_urb,ocu_details_3,2013,9.976
gnq,sex_t,geo_cov_urb,ocu_details_3,2014,9.857
gnq,sex_t,geo_cov_urb,ocu_details_3,2015,10.104
gnq,sex_t,geo_cov_urb,ocu_details_3,2016,10.01
gnq,sex_t,geo_cov_urb,ocu_details_3,2017,9.232
gnq,sex_t,geo_cov_urb,ocu_details_3,2018,9.123
gnq,sex_t,geo_cov_urb,ocu_details_3,2019,9.024
gnq,sex_t,geo_cov_urb,ocu_details_3,2020,8.921
gnq,sex_t,geo_cov_urb,ocu_details_3,2021,8.812
gnq,sex_t,geo_cov_urb,ocu_details_3,2022,8.693
gnq,sex_t,geo_cov_urb,ocu_details_3,2023,8.57
gnq,sex_t,geo_cov_urb,ocu_details_3,2024,8.445
gnq,sex_t,geo_cov_urb,ocu_details_4,2010,8.028
gnq,sex_t,geo_cov_urb,ocu_details_4,2011,8.138
gnq,sex_t,geo_cov_urb,ocu_details_4,2012,8.124
gnq,sex_t,geo_cov_urb,ocu_details_4,2013,8.018
gnq,sex_t,geo_cov_urb,ocu_details_4,2014,7.95
gnq,sex_t,geo_cov_urb,ocu_details_4,2015,7.634
gnq,sex_t,geo_cov_urb,ocu_details_4,2016,7.409
gnq,sex_t,geo_cov_urb,ocu_details_4,2017,7.498
gnq,sex_t,geo_cov_urb,ocu_details_4,2018,7.473
gnq,sex_t,geo_cov_urb,ocu_details_4,2019,7.448
gnq,sex_t,geo_cov_urb,ocu_details_4,2020,7.406
gnq,sex_t,geo_cov_urb,ocu_details_4,2021,7.355
gnq,sex_t,geo_cov_urb,ocu_details_4,2022,7.299
gnq,sex_t,geo_cov_urb,ocu_details_4,2023,7.241
gnq,sex_t,geo_cov_urb,ocu_details_4,2024,7.182
gnq,sex_t,geo_cov_urb,ocu_details_5,2010,20.507
gnq,sex_t,geo_cov_urb,ocu_details_5,2011,20.588
gnq,sex_t,geo_cov_urb,ocu_details_5,2012,20.821
gnq,sex_t,geo_cov_urb,ocu_details_5,2013,20.776
gnq,sex_t,geo_cov_urb,ocu_details_5,2014,20.737
gnq,sex_t,geo_cov_urb,ocu_details_5,2015,20.697
gnq,sex_t,geo_cov_urb,ocu_details_5,2016,20.491
gnq,sex_t,geo_cov_urb,ocu_details_5,2017,20.054
gnq,sex_t,geo_cov_urb,ocu_details_5,2018,19.815
gnq,sex_t,geo_cov_urb,ocu_details_5,2019,19.494
gnq,sex_t,geo_cov_urb,ocu_details_5,2020,19.277
gnq,sex_t,geo_cov_urb,ocu_details_5,2021,19.14
gnq,sex_t,geo_cov_urb,ocu_details_5,2022,19.025
gnq,sex_t,geo_cov_urb,ocu_details_5,2023,18.922
gnq,sex_t,geo_cov_urb,ocu_details_5,2024,18.825
gnq,sex_t,geo_cov_urb,ocu_details_7,2010,20.089
gnq,sex_t,geo_cov_urb,ocu_details_7,2011,20.325
gnq,sex_t,geo_cov_urb,ocu_details_7,2012,20.109
gnq,sex_t,geo_cov_urb,ocu_details_7,2013,19.423
gnq,sex_t,geo_cov_urb,ocu_details_7,2014,19.147
gnq,sex_t,geo_cov_urb,ocu_details_7,2015,17.617
gnq,sex_t,geo_cov_urb,ocu_details_7,2016,16.647
gnq,sex_t,geo_cov_urb,ocu_details_7,2017,17.236
gnq,sex_t,geo_cov_urb,ocu_details_7,2018,17.31
gnq,sex_t,geo_cov_urb,ocu_details_7,2019,17.383
gnq,sex_t,geo_cov_urb,ocu_details_7,2020,17.476
gnq,sex_t,geo_cov_urb,ocu_details_7,2021,17.562
gnq,sex_t,geo_cov_urb,ocu_details_7,2022,17.655
gnq,sex_t,geo_cov_urb,ocu_details_7,2023,17.753
gnq,sex_t,geo_cov_urb,ocu_details_7,2024,17.852
gnq,sex_t,geo_cov_urb,ocu_details_8,2010,5.69
gnq,sex_t,geo_cov_urb,ocu_details_8,2011,5.857
gnq,sex_t,geo_cov_urb,ocu_details_8,2012,5.08
gnq,sex_t,geo_cov_urb,ocu_details_8,2013,5.459
gnq,sex_t,geo_cov_urb,ocu_details_8,2014,5.613
gnq,sex_t,geo_cov_urb,ocu_details_8,2015,5.41
gnq,sex_t,geo_cov_urb,ocu_details_8,2016,5.599
gnq,sex_t,geo_cov_urb,ocu_details_8,2017,6.619
gnq,sex_t,geo_cov_urb,ocu_details_8,2018,6.664
gnq,sex_t,geo_cov_urb,ocu_details_8,2019,6.716
gnq,sex_t,geo_cov_urb,ocu_details_8,2020,6.747
gnq,sex_t,geo_cov_urb,ocu_details_8,2021,6.771
gnq,sex_t,geo_cov_urb,ocu_details_8,2022,6.794
gnq,sex_t,geo_cov_urb,ocu_details_8,2023,6.817
gnq,sex_t,geo_cov_urb,ocu_details_8,2024,6.838
gnq,sex_t,geo_cov_urb,ocu_details_96,2010,27.155
gnq,sex_t,geo_cov_urb,ocu_details_96,2011,26.894
gnq,sex_t,geo_cov_urb,ocu_details_96,2012,26.945
gnq,sex_t,geo_cov_urb,ocu_details_96,2013,27.168
gnq,sex_t,geo_cov_urb,ocu_details_96,2014,27.348
gnq,sex_t,geo_cov_urb,ocu_details_96,2015,27.984
gnq,sex_t,geo_cov_urb,ocu_details_96,2016,28.507
gnq,sex_t,geo_cov_urb,ocu_details_96,2017,28.681
gnq,sex_t,geo_cov_urb,ocu_details_96,2018,29.106
gnq,sex_t,geo_cov_urb,ocu_details_96,2019,29.594
gnq,sex_t,geo_cov_urb,ocu_details_96,2020,30.043
gnq,sex_t,geo_cov_urb,ocu_details_96,2021,30.462
gnq,sex_t,geo_cov_urb,ocu_details_96,2022,30.871
gnq,sex_t,geo_cov_urb,ocu_details_96,2023,31.27
gnq,sex_t,geo_cov_urb,ocu_details_96,2024,31.661
gnq,sex_t,geo_cov_urb,ocu_details_total,2010,100
gnq,sex_t,geo_cov_urb,ocu_details_total,2011,100
gnq,sex_t,geo_cov_urb,ocu_details_total,2012,100
gnq,sex_t,geo_cov_urb,ocu_details_total,2013,100
gnq,sex_t,geo_cov_urb,ocu_details_total,2014,100
gnq,sex_t,geo_cov_urb,ocu_details_total,2015,100
gnq,sex_t,geo_cov_urb,ocu_details_total,2016,100
gnq,sex_t,geo_cov_urb,ocu_details_total,2017,100
gnq,sex_t,geo_cov_urb,ocu_details_total,2018,100
gnq,sex_t,geo_cov_urb,ocu_details_total,2019,100
gnq,sex_t,geo_cov_urb,ocu_details_total,2020,100
gnq,sex_t,geo_cov_urb,ocu_details_total,2021,100
gnq,sex_t,geo_cov_urb,ocu_details_total,2022,100
gnq,sex_t,geo_cov_urb,ocu_details_total,2023,100
gnq,sex_t,geo_cov_urb,ocu_details_total,2024,100
